Municipio,Hoy 05/10,06/10,07/10,08/10,09/10,10/10,11/10
A Arnoia (Ourense),Moderado,Muy bajo,Muy bajo,Bajo,Bajo,Bajo,Bajo
A Baña (A Coruña),Bajo,Muy bajo,Muy bajo,Bajo,Bajo,Bajo,Bajo
A Bola (Ourense),Bajo,Muy bajo,Muy bajo,Muy bajo,Bajo,Bajo,Bajo
A Capela (A Coruña),Bajo,Muy bajo,Muy bajo,Muy bajo,Bajo,Bajo,Bajo
A Cañiza (Pontevedra),Moderado,Muy bajo,Muy bajo,Bajo,Bajo,Bajo,Moderado
A Coruña (A Coruña),Muy bajo,Muy bajo,Muy bajo,Muy bajo,Muy bajo,Muy bajo,Muy bajo
A Estrada (Pontevedra),Moderado,Muy bajo,Muy bajo,Bajo,Bajo,Bajo,Moderado
A Fonsagrada (Lugo),Muy bajo,Muy bajo,Muy bajo,Muy bajo,Muy bajo,Muy bajo,Bajo
A Guarda (Pontevedra),Muy bajo,Muy bajo,Muy bajo,Muy bajo,Muy bajo,Muy bajo,Muy bajo
A Gudiña (Ourense),Bajo,Muy bajo,Muy bajo,Muy bajo,Bajo,Bajo,Bajo
A Illa de Arousa (Pontevedra),Muy bajo,Muy bajo,Muy bajo,Muy bajo,Muy bajo,Muy bajo,Muy bajo
A Lama (Pontevedra),Moderado,Muy bajo,Muy bajo,Bajo,Bajo,Bajo,Moderado
A Laracha (A Coruña),Bajo,Muy bajo,Muy bajo,Muy bajo,Muy bajo,Bajo,Bajo
A Merca (Ourense),Bajo,Muy bajo,Muy bajo,Muy bajo,Bajo,Bajo,Bajo
A Mezquita (Ourense),Bajo,Muy bajo,Muy bajo,Muy bajo,Muy bajo,Bajo,Bajo
A Pastoriza (Lugo),Muy bajo,Muy bajo,Muy bajo,Muy bajo,Muy bajo,Muy bajo,Bajo
A Peroxa (Ourense),Bajo,Muy bajo,Muy bajo,Bajo,Bajo,Bajo,Bajo
A Pobra de Trives (Ourense),Bajo,Muy bajo,Muy bajo,Muy bajo,Muy bajo,Bajo,Bajo
A Pobra do Brollón (Lugo),Bajo,Muy bajo,Muy bajo,Muy bajo,Bajo,Bajo,Bajo
A Pobra do Caramiñal (A Coruña),Bajo,Muy bajo,Muy bajo,Bajo,Bajo,Bajo,Bajo
A Pontenova (Lugo),Muy bajo,Muy bajo,Muy bajo,Muy bajo,Muy bajo,Muy bajo,Bajo
A Rúa (Ourense),Bajo,Bajo,Muy bajo,Muy bajo,Muy bajo,Bajo,Bajo
A Teixeira (Ourense),Bajo,Muy bajo,Muy bajo,Muy bajo,Muy bajo,Bajo,Bajo
A Veiga (Ourense),Muy bajo,Muy bajo,Muy bajo,Muy bajo,Muy bajo,Bajo,Bajo
Ababuj (Teruel),Muy bajo,Muy bajo,Muy bajo,Muy bajo,Muy bajo,Muy bajo,Bajo
Abades (Segovia),Bajo,Bajo,Muy bajo,Muy bajo,Muy bajo,Bajo,Bajo
Abadiño (Vizcaya),Bajo,Moderado,Muy bajo,Muy bajo,Muy bajo,Muy bajo,Bajo
Abadía (Cáceres),Muy bajo,Muy bajo,Muy bajo,Muy bajo,Muy bajo,Bajo,Bajo
Abadín (Lugo),Muy bajo,Muy bajo,Muy bajo,Muy bajo,Muy bajo,Bajo,Bajo
Abajas (Burgos),Muy bajo,Bajo,Bajo,Muy bajo,Muy bajo,Bajo,Moderado
Abaltzisketa (Guipúzcoa),Moderado,Alto,Muy bajo,Muy bajo,Muy bajo,Bajo,Moderado
Abanilla (Murcia),Muy bajo,Muy bajo,Muy bajo,Muy bajo,Muy bajo,Muy bajo,Muy bajo
Abanto (Zaragoza),Muy bajo,Muy bajo,Muy bajo,Muy bajo,Muy bajo,Muy bajo,Muy bajo
Abanto y Ciérvana-Abanto Zierbena (Vizcaya),Muy bajo,Muy bajo,Muy bajo,Muy bajo,Muy bajo,Muy bajo,Muy bajo
Abarca de Campos (Palencia),Muy bajo,Bajo,Bajo,Muy bajo,Bajo,Bajo,Bajo
Abarán (Murcia),Muy bajo,Muy bajo,Muy bajo,Muy bajo,Muy bajo,Muy bajo,Muy bajo
Abaurregaina/Abaurrea Alta (Navarra),Muy bajo,Bajo,Muy bajo,Muy bajo,Muy bajo,Muy bajo,Bajo
Abaurrepea/Abaurrea Baja (Navarra),Muy bajo,Bajo,Muy bajo,Muy bajo,Muy bajo,Muy bajo,Bajo
Abegondo (A Coruña),Bajo,Muy bajo,Muy bajo,Muy bajo,Muy bajo,Bajo,Bajo
Abejar (Soria),Muy bajo,Muy bajo,Muy bajo,Muy bajo,Muy bajo,Bajo,Bajo
Abejuela (Teruel),Muy bajo,Muy bajo,Muy bajo,Muy bajo,Muy bajo,Muy bajo,Muy bajo
Abella de la Conca (Lleida),Muy bajo,Muy bajo,Muy bajo,Muy bajo,Muy bajo,Bajo,Bajo
Abengibre (Albacete),Muy bajo,Muy bajo,Muy bajo,Muy bajo,Muy bajo,Muy bajo,Muy bajo
Abenójar (Ciudad Real),Muy bajo,Muy bajo,Muy bajo,Muy bajo,Muy bajo,Muy bajo,Muy bajo
Aberin (Navarra),Bajo,Bajo,Muy bajo,Muy bajo,Muy bajo,Muy bajo,Bajo
Abertura (Cáceres),Muy bajo,Muy bajo,Muy bajo,Muy bajo,Muy bajo,Bajo,Bajo
Abezames (Zamora),Muy bajo,Muy bajo,Muy bajo,Muy bajo,Muy bajo,Bajo,Bajo
Abia de la Obispalía (Cuenca),Muy bajo,Muy bajo,Muy bajo,Muy bajo,Muy bajo,Muy bajo,Muy bajo
Abia de las Torres (Palencia),Muy bajo,Bajo,Muy bajo,Muy bajo,Bajo,Bajo,Bajo
Abiego (Huesca),Muy bajo,Muy bajo,Muy bajo,Muy bajo,Muy bajo,Muy bajo,Bajo
Abizanda (Huesca),Muy bajo,Muy bajo,Muy bajo,Muy bajo,Muy bajo,Bajo,Bajo
Abla (Almería),Muy bajo,Muy bajo,Muy bajo,Muy bajo,Muy bajo,Muy bajo,Muy bajo
Ablanque (Guadalajara),Muy bajo,Muy bajo,Muy bajo,Muy bajo,Muy bajo,Bajo,Bajo
Ablitas (Navarra),Muy bajo,Bajo,Muy bajo,Muy bajo,Bajo,Bajo,Bajo
Abrera (Barcelona),Muy bajo,Muy bajo,Muy bajo,Muy bajo,Muy bajo,Muy bajo,Muy bajo
Abrucena (Almería),Muy bajo,Muy bajo,Muy bajo,Muy bajo,Muy bajo,Muy bajo,Muy bajo
Abusejo (Salamanca),Muy bajo,Muy bajo,Muy bajo,Muy bajo,Bajo,Bajo,Bajo
Abáigar (Navarra),Bajo,Bajo,Muy bajo,Muy bajo,Muy bajo,Bajo,Bajo
Abánades (Guadalajara),Muy bajo,Muy bajo,Muy bajo,Muy bajo,Muy bajo,Bajo,Bajo
Abárzuza/Abartzuza (Navarra),Bajo,Bajo,Muy bajo,Muy bajo,Muy bajo,Muy bajo,Bajo
Acebedo (León),Muy bajo,Muy bajo,Muy bajo,Muy bajo,Muy bajo,Muy bajo,Bajo
Acebo (Cáceres),Muy bajo,Muy bajo,Muy bajo,Muy bajo,Muy bajo,Bajo,Bajo
Acedera (Badajoz),Muy bajo,Muy bajo,Muy bajo,Muy bajo,Muy bajo,Muy bajo,Muy bajo
Acehúche (Cáceres),Muy bajo,Muy bajo,Muy bajo,Muy bajo,Muy bajo,Bajo,Bajo
Aceituna (Cáceres),Muy bajo,Muy bajo,Muy bajo,Muy bajo,Muy bajo,Muy bajo,Muy bajo
Acered (Zaragoza),Muy bajo,Muy bajo,Muy bajo,Muy bajo,Muy bajo,Muy bajo,Muy bajo
Aceuchal (Badajoz),Muy bajo,Muy bajo,Muy bajo,Muy bajo,Muy bajo,Muy bajo,Muy bajo
Adahuesca (Huesca),Muy bajo,Muy bajo,Muy bajo,Muy bajo,Muy bajo,Bajo,Bajo
Adalia (Valladolid),Muy bajo,Muy bajo,Muy bajo,Muy bajo,Muy bajo,Bajo,Bajo
Adamuz (Córdoba),Muy bajo,Muy bajo,Muy bajo,Muy bajo,Muy bajo,Bajo,Bajo
Adanero (Ávila),Muy bajo,Muy bajo,Muy bajo,Muy bajo,Muy bajo,Muy bajo,Bajo
Adeje (Tenerife),Moderado,Moderado,Muy bajo,Muy bajo,Muy bajo,Muy bajo,Muy bajo
Ademuz (Valencia),Muy bajo,Muy bajo,Muy bajo,Muy bajo,Muy bajo,Muy bajo,Muy bajo
Adiós (Navarra),Muy bajo,Bajo,Muy bajo,Muy bajo,Muy bajo,Muy bajo,Bajo
Adobes (Guadalajara),Muy bajo,Muy bajo,Muy bajo,Muy bajo,Muy bajo,Bajo,Bajo
Ador (Valencia),Muy bajo,Muy bajo,Muy bajo,Muy bajo,Muy bajo,Muy bajo,Muy bajo
Adra (Almería),Muy bajo,Muy bajo,Muy bajo,Muy bajo,Muy bajo,Muy bajo,Bajo
Adrada de Haza (Burgos),Muy bajo,Muy bajo,Muy bajo,Muy bajo,Muy bajo,Muy bajo,Bajo
Adrada de Pirón (Segovia),Muy bajo,Muy bajo,Muy bajo,Muy bajo,Muy bajo,Bajo,Bajo
Adradas (Soria),Muy bajo,Muy bajo,Muy bajo,Muy bajo,Muy bajo,Bajo,Bajo
Adrados (Segovia),Muy bajo,Muy bajo,Muy bajo,Muy bajo,Muy bajo,Bajo,Bajo
Aduna (Guipúzcoa),Muy bajo,Moderado,Muy bajo,Muy bajo,Muy bajo,Bajo,Moderado
Agaete (Las Palmas),Bajo,Bajo,Muy bajo,Muy bajo,Muy bajo,Muy bajo,Muy bajo
Agallas (Salamanca),Muy bajo,Muy bajo,Muy bajo,Muy bajo,Muy bajo,Bajo,Bajo
Agolada (Pontevedra),Moderado,Muy bajo,Muy bajo,Bajo,Bajo,Bajo,Moderado
Agoncillo (La Rioja),Bajo,Bajo,Muy bajo,Muy bajo,Muy bajo,Bajo,Bajo
Agost (Alicante),Muy bajo,Muy bajo,Muy bajo,Muy bajo,Muy bajo,Muy bajo,Muy bajo
Agramunt (Lleida),Muy bajo,Muy bajo,Muy bajo,Muy bajo,Muy bajo,Muy bajo,Muy bajo
Agres (Alicante),Muy bajo,Muy bajo,Muy bajo,Muy bajo,Muy bajo,Muy bajo,Muy bajo
Agrón (Granada),Bajo,Muy bajo,Muy bajo,Muy bajo,Muy bajo,Muy bajo,Muy bajo
Aguadulce (Sevilla),Bajo,Muy bajo,Muy bajo,Muy bajo,Muy bajo,Muy bajo,Muy bajo
Aguarón (Zaragoza),Muy bajo,Muy bajo,Muy bajo,Muy bajo,Muy bajo,Muy bajo,Bajo
Aguas Cándidas (Burgos),Muy bajo,Bajo,Muy bajo,Muy bajo,Muy bajo,Muy bajo,Bajo
Aguasal (Valladolid),Muy bajo,Muy bajo,Muy bajo,Muy bajo,Muy bajo,Muy bajo,Bajo
Aguatón (Teruel),Muy bajo,Muy bajo,Muy bajo,Muy bajo,Muy bajo,Muy bajo,Muy bajo
Aguaviva (Teruel),Muy bajo,Muy bajo,Muy bajo,Muy bajo,Muy bajo,Muy bajo,Muy bajo
Agudo (Ciudad Real),Muy bajo,Muy bajo,Muy bajo,Muy bajo,Bajo,Bajo,Muy bajo
Aguilafuente (Segovia),Muy bajo,Muy bajo,Muy bajo,Muy bajo,Muy bajo,Muy bajo,Bajo
Aguilar de Bureba (Burgos),Muy bajo,Bajo,Bajo,Muy bajo,Muy bajo,Bajo,Moderado
Aguilar de Campoo (Palencia),Muy bajo,Bajo,Bajo,Muy bajo,Muy bajo,Bajo,Bajo
Aguilar de Campos (Valladolid),Muy bajo,Muy bajo,Muy bajo,Bajo,Bajo,Bajo,Bajo
Aguilar de Codés (Navarra),Muy bajo,Bajo,Muy bajo,Muy bajo,Muy bajo,Muy bajo,Bajo
Aguilar de Segarra (Barcelona),Muy bajo,Muy bajo,Muy bajo,Muy bajo,Muy bajo,Muy bajo,Muy bajo
Aguilar de la Frontera (Córdoba),Muy bajo,Muy bajo,Muy bajo,Muy bajo,Muy bajo,Muy bajo,Muy bajo
Aguilar del Alfambra (Teruel),Muy bajo,Muy bajo,Muy bajo,Muy bajo,Muy bajo,Muy bajo,Bajo
Aguilar del Río Alhama (La Rioja),Muy bajo,Muy bajo,Muy bajo,Muy bajo,Muy bajo,Muy bajo,Bajo
Aguilón (Zaragoza),Muy bajo,Muy bajo,Muy bajo,Muy bajo,Bajo,Bajo,Bajo
Agullana (Girona),Muy bajo,Muy bajo,Muy bajo,Muy bajo,Muy bajo,Muy bajo,Muy bajo
Agullent (Valencia),Muy bajo,Muy bajo,Muy bajo,Muy bajo,Muy bajo,Muy bajo,Muy bajo
Agulo (Tenerife),Bajo,Bajo,Muy bajo,Muy bajo,Muy bajo,Muy bajo,Muy bajo
Agurain/Salvatierra (Álava),Bajo,Moderado,Muy bajo,Muy bajo,Muy bajo,Muy bajo,Bajo
Agón (Zaragoza),Muy bajo,Bajo,Muy bajo,Muy bajo,Bajo,Muy bajo,Bajo
Agüero (Huesca),Muy bajo,Muy bajo,Muy bajo,Muy bajo,Muy bajo,Muy bajo,Bajo
Agüimes (Las Palmas),Bajo,Bajo,Muy bajo,Muy bajo,Muy bajo,Muy bajo,Muy bajo
Ahigal (Cáceres),Muy bajo,Muy bajo,Muy bajo,Muy bajo,Muy bajo,Muy bajo,Bajo
Ahigal de Villarino (Salamanca),Muy bajo,Muy bajo,Muy bajo,Bajo,Bajo,Bajo,Bajo
Ahigal de los Aceiteros (Salamanca),Bajo,Muy bajo,Muy bajo,Muy bajo,Bajo,Bajo,Bajo
Ahillones (Badajoz),Muy bajo,Muy bajo,Muy bajo,Muy bajo,Muy bajo,Muy bajo,Muy bajo
Aia (Guipúzcoa),Bajo,Moderado,Muy bajo,Muy bajo,Muy bajo,Bajo,Moderado
Aibar/Oibar (Navarra),Muy bajo,Bajo,Muy bajo,Muy bajo,Muy bajo,Muy bajo,Bajo
Aielo de Malferit (Valencia),Muy bajo,Muy bajo,Muy bajo,Muy bajo,Muy bajo,Muy bajo,Muy bajo
Aielo de Rugat (Valencia),Muy bajo,Muy bajo,Muy bajo,Muy bajo,Muy bajo,Muy bajo,Muy bajo
Aiguafreda (Barcelona),Muy bajo,Muy bajo,Muy bajo,Muy bajo,Muy bajo,Muy bajo,Bajo
Aiguamúrcia (Tarragona),Muy bajo,Muy bajo,Muy bajo,Muy bajo,Muy bajo,Muy bajo,Muy bajo
Aiguaviva (Girona),Muy bajo,Muy bajo,Muy bajo,Muy bajo,Muy bajo,Muy bajo,Muy bajo
Aigües (Alicante),Muy bajo,Muy bajo,Muy bajo,Muy bajo,Muy bajo,Muy bajo,Muy bajo
Ainzón (Zaragoza),Muy bajo,Muy bajo,Muy bajo,Muy bajo,Muy bajo,Muy bajo,Bajo
Aisa (Huesca),Bajo,Muy bajo,Muy bajo,Muy bajo,Muy bajo,Bajo,Moderado
Aitona (Lleida),Muy bajo,Muy bajo,Muy bajo,Muy bajo,Muy bajo,Muy bajo,Muy bajo
Aizarnazabal (Guipúzcoa),Bajo,Moderado,Muy bajo,Muy bajo,Muy bajo,Bajo,Bajo
Ajalvir (Madrid),Muy bajo,Muy bajo,Muy bajo,Muy bajo,Muy bajo,Muy bajo,Muy bajo
Ajamil de Cameros (La Rioja),Bajo,Bajo,Muy bajo,Muy bajo,Muy bajo,Muy bajo,Bajo
Ajangiz (Vizcaya),Muy bajo,Moderado,Muy bajo,Muy bajo,Muy bajo,Bajo,Bajo
Ajofrín (Toledo),Muy bajo,Muy bajo,Muy bajo,Muy bajo,Muy bajo,Muy bajo,Muy bajo
Alacant/Alicante (Alicante),Muy bajo,Muy bajo,Muy bajo,Muy bajo,Muy bajo,Muy bajo,Muy bajo
Alacón (Teruel),Muy bajo,Muy bajo,Muy bajo,Muy bajo,Muy bajo,Muy bajo,Bajo
Aladrén (Zaragoza),Muy bajo,Muy bajo,Muy bajo,Muy bajo,Muy bajo,Muy bajo,Bajo
Alaejos (Valladolid),Bajo,Muy bajo,Muy bajo,Muy bajo,Muy bajo,Bajo,Bajo
Alagón (Zaragoza),Muy bajo,Muy bajo,Muy bajo,Muy bajo,Bajo,Muy bajo,Muy bajo
Alagón del Río (Cáceres),Muy bajo,Muy bajo,Muy bajo,Muy bajo,Muy bajo,Muy bajo,Muy bajo
Alaior (Baleares),Muy bajo,Muy bajo,Moderado,Muy bajo,Bajo,Bajo,Bajo
Alajeró (Tenerife),Bajo,Bajo,Muy bajo,Muy bajo,Muy bajo,Muy bajo,Muy bajo
Alameda (Málaga),Bajo,Muy bajo,Muy bajo,Muy bajo,Muy bajo,Muy bajo,Muy bajo
Alameda de la Sagra (Toledo),Muy bajo,Muy bajo,Muy bajo,Muy bajo,Muy bajo,Muy bajo,Muy bajo
Alameda del Valle (Madrid),Muy bajo,Muy bajo,Muy bajo,Muy bajo,Muy bajo,Bajo,Bajo
Alamedilla (Granada),Muy bajo,Muy bajo,Muy bajo,Muy bajo,Muy bajo,Muy bajo,Muy bajo
Alamillo (Ciudad Real),Muy bajo,Muy bajo,Muy bajo,Muy bajo,Muy bajo,Muy bajo,Bajo
Alaminos (Guadalajara),Muy bajo,Muy bajo,Muy bajo,Muy bajo,Muy bajo,Bajo,Bajo
Alange (Badajoz),Muy bajo,Muy bajo,Muy bajo,Muy bajo,Muy bajo,Muy bajo,Muy bajo
Alanís (Sevilla),Muy bajo,Muy bajo,Muy bajo,Muy bajo,Bajo,Bajo,Bajo
Alaquàs (Valencia),Muy bajo,Muy bajo,Muy bajo,Muy bajo,Muy bajo,Muy bajo,Muy bajo
Alar del Rey (Palencia),Muy bajo,Bajo,Muy bajo,Muy bajo,Muy bajo,Bajo,Bajo
Alaraz (Salamanca),Muy bajo,Muy bajo,Muy bajo,Muy bajo,Bajo,Bajo,Bajo
Alarba (Zaragoza),Muy bajo,Muy bajo,Muy bajo,Muy bajo,Muy bajo,Muy bajo,Muy bajo
Alarcón (Cuenca),Muy bajo,Muy bajo,Muy bajo,Muy bajo,Muy bajo,Bajo,Bajo
Alarilla (Guadalajara),Muy bajo,Muy bajo,Muy bajo,Muy bajo,Muy bajo,Muy bajo,Muy bajo
Alaró (Baleares),Muy bajo,Muy bajo,Muy bajo,Muy bajo,Muy bajo,Muy bajo,Muy bajo
Alatoz (Albacete),Muy bajo,Muy bajo,Muy bajo,Muy bajo,Muy bajo,Muy bajo,Muy bajo
Alba (Teruel),Muy bajo,Muy bajo,Muy bajo,Muy bajo,Muy bajo,Muy bajo,Bajo
Alba de Cerrato (Palencia),Muy bajo,Muy bajo,Bajo,Bajo,Bajo,Bajo,Moderado
Alba de Tormes (Salamanca),Muy bajo,Muy bajo,Muy bajo,Muy bajo,Muy bajo,Bajo,Bajo
Alba de Yeltes (Salamanca),Muy bajo,Muy bajo,Muy bajo,Muy bajo,Bajo,Bajo,Bajo
Albacete (Albacete),Muy bajo,Muy bajo,Muy bajo,Muy bajo,Muy bajo,Bajo,Bajo
Albaida (Valencia),Muy bajo,Muy bajo,Muy bajo,Muy bajo,Muy bajo,Muy bajo,Muy bajo
Albaida del Aljarafe (Sevilla),Bajo,Bajo,Bajo,Bajo,Alto,Moderado,Bajo
Albal (Valencia),Muy bajo,Muy bajo,Muy bajo,Muy bajo,Muy bajo,Muy bajo,Muy bajo
Albaladejo (Ciudad Real),Bajo,Muy bajo,Muy bajo,Muy bajo,Bajo,Bajo,Bajo
Albaladejo del Cuende (Cuenca),Muy bajo,Muy bajo,Muy bajo,Muy bajo,Muy bajo,Bajo,Bajo
Albalat de la Ribera (Valencia),Muy bajo,Muy bajo,Muy bajo,Muy bajo,Muy bajo,Muy bajo,Muy bajo
Albalat dels Sorells (Valencia),Muy bajo,Muy bajo,Muy bajo,Muy bajo,Muy bajo,Muy bajo,Muy bajo
Albalat dels Tarongers (Valencia),Muy bajo,Muy bajo,Muy bajo,Muy bajo,Muy bajo,Muy bajo,Muy bajo
Albalate de Cinca (Huesca),Muy bajo,Muy bajo,Muy bajo,Muy bajo,Muy bajo,Muy bajo,Muy bajo
Albalate de Zorita (Guadalajara),Muy bajo,Muy bajo,Muy bajo,Muy bajo,Muy bajo,Muy bajo,Muy bajo
Albalate de las Nogueras (Cuenca),Muy bajo,Muy bajo,Muy bajo,Muy bajo,Muy bajo,Muy bajo,Muy bajo
Albalate del Arzobispo (Teruel),Muy bajo,Muy bajo,Muy bajo,Muy bajo,Muy bajo,Muy bajo,Muy bajo
Albalatillo (Huesca),Muy bajo,Muy bajo,Muy bajo,Bajo,Muy bajo,Muy bajo,Bajo
Albalá (Cáceres),Muy bajo,Muy bajo,Muy bajo,Muy bajo,Muy bajo,Bajo,Bajo
Albanchez (Almería),Muy bajo,Muy bajo,Muy bajo,Muy bajo,Muy bajo,Muy bajo,Muy bajo
Albanchez de Mágina (Jaén),Muy bajo,Muy bajo,Muy bajo,Muy bajo,Muy bajo,Muy bajo,Muy bajo
Albanyà (Girona),Muy bajo,Muy bajo,Muy bajo,Muy bajo,Muy bajo,Muy bajo,Bajo
Albares (Guadalajara),Muy bajo,Muy bajo,Muy bajo,Muy bajo,Muy bajo,Muy bajo,Muy bajo
Albarracín (Teruel),Muy bajo,Muy bajo,Muy bajo,Muy bajo,Muy bajo,Bajo,Bajo
Albarreal de Tajo (Toledo),Muy bajo,Muy bajo,Muy bajo,Muy bajo,Muy bajo,Muy bajo,Muy bajo
Albatana (Albacete),Muy bajo,Muy bajo,Muy bajo,Muy bajo,Muy bajo,Muy bajo,Muy bajo
Albatera (Alicante),Muy bajo,Muy bajo,Muy bajo,Muy bajo,Muy bajo,Muy bajo,Muy bajo
Albatàrrec (Lleida),Muy bajo,Muy bajo,Muy bajo,Muy bajo,Muy bajo,Muy bajo,Muy bajo
Albelda (Huesca),Muy bajo,Muy bajo,Muy bajo,Muy bajo,Muy bajo,Muy bajo,Bajo
Albelda de Iregua (La Rioja),Bajo,Bajo,Muy bajo,Muy bajo,Muy bajo,Muy bajo,Bajo
Albendea (Cuenca),Muy bajo,Muy bajo,Muy bajo,Muy bajo,Muy bajo,Muy bajo,Muy bajo
Albendiego (Guadalajara),Muy bajo,Muy bajo,Muy bajo,Muy bajo,Muy bajo,Bajo,Bajo
Albentosa (Teruel),Muy bajo,Muy bajo,Muy bajo,Muy bajo,Muy bajo,Muy bajo,Muy bajo
Alberic (Valencia),Muy bajo,Muy bajo,Muy bajo,Muy bajo,Muy bajo,Muy bajo,Muy bajo
Alberite (La Rioja),Bajo,Bajo,Muy bajo,Muy bajo,Muy bajo,Bajo,Bajo
Alberite de San Juan (Zaragoza),Muy bajo,Muy bajo,Muy bajo,Muy bajo,Bajo,Muy bajo,Muy bajo
Albero Alto (Huesca),Muy bajo,Muy bajo,Muy bajo,Muy bajo,Muy bajo,Muy bajo,Bajo
Albero Bajo (Huesca),Muy bajo,Muy bajo,Muy bajo,Muy bajo,Muy bajo,Muy bajo,Bajo
Alberuela de Tubo (Huesca),Muy bajo,Muy bajo,Muy bajo,Muy bajo,Muy bajo,Muy bajo,Bajo
Albesa (Lleida),Muy bajo,Muy bajo,Muy bajo,Muy bajo,Muy bajo,Muy bajo,Muy bajo
Albeta (Zaragoza),Muy bajo,Bajo,Muy bajo,Muy bajo,Bajo,Muy bajo,Bajo
Albillos (Burgos),Bajo,Bajo,Bajo,Bajo,Bajo,Bajo,Moderado
Albinyana (Tarragona),Muy bajo,Muy bajo,Muy bajo,Muy bajo,Muy bajo,Muy bajo,Muy bajo
Albiztur (Guipúzcoa),Bajo,Moderado,Muy bajo,Muy bajo,Muy bajo,Bajo,Moderado
Albocàsser (Castellón),Muy bajo,Muy bajo,Muy bajo,Muy bajo,Muy bajo,Muy bajo,Muy bajo
Alboloduy (Almería),Muy bajo,Muy bajo,Muy bajo,Muy bajo,Muy bajo,Muy bajo,Muy bajo
Albolote (Granada),Muy bajo,Muy bajo,Muy bajo,Muy bajo,Muy bajo,Muy bajo,Muy bajo
Albondón (Granada),Muy bajo,Muy bajo,Muy bajo,Muy bajo,Muy bajo,Muy bajo,Muy bajo
Albons (Girona),Muy bajo,Muy bajo,Muy bajo,Muy bajo,Muy bajo,Muy bajo,Muy bajo
Alborache (Valencia),Muy bajo,Muy bajo,Muy bajo,Muy bajo,Muy bajo,Muy bajo,Muy bajo
Alboraia/Alboraya (Valencia),Muy bajo,Muy bajo,Muy bajo,Muy bajo,Muy bajo,Muy bajo,Muy bajo
Alborea (Albacete),Muy bajo,Muy bajo,Muy bajo,Muy bajo,Muy bajo,Muy bajo,Muy bajo
Alborge (Zaragoza),Muy bajo,Muy bajo,Muy bajo,Moderado,Bajo,Bajo,Bajo
Albornos (Ávila),Muy bajo,Muy bajo,Muy bajo,Muy bajo,Muy bajo,Muy bajo,Bajo
Albox (Almería),Muy bajo,Muy bajo,Muy bajo,Muy bajo,Muy bajo,Muy bajo,Muy bajo
Albudeite (Murcia),Muy bajo,Muy bajo,Muy bajo,Muy bajo,Muy bajo,Muy bajo,Muy bajo
Albuixech (Valencia),Muy bajo,Muy bajo,Muy bajo,Muy bajo,Muy bajo,Muy bajo,Muy bajo
Alburquerque (Badajoz),Muy bajo,Muy bajo,Muy bajo,Muy bajo,Muy bajo,Bajo,Bajo
Albuñol (Granada),Muy bajo,Muy bajo,Muy bajo,Muy bajo,Muy bajo,Muy bajo,Muy bajo
Albuñuelas (Granada),Muy bajo,Muy bajo,Muy bajo,Muy bajo,Muy bajo,Muy bajo,Muy bajo
Albuñán (Granada),Muy bajo,Muy bajo,Muy bajo,Muy bajo,Muy bajo,Muy bajo,Muy bajo
Alcabón (Toledo),Muy bajo,Muy bajo,Muy bajo,Muy bajo,Muy bajo,Muy bajo,Muy bajo
Alcadozo (Albacete),Muy bajo,Muy bajo,Muy bajo,Muy bajo,Muy bajo,Muy bajo,Muy bajo
Alcaine (Teruel),Muy bajo,Muy bajo,Muy bajo,Muy bajo,Muy bajo,Muy bajo,Bajo
Alcalalí (Alicante),Muy bajo,Muy bajo,Muy bajo,Muy bajo,Muy bajo,Muy bajo,Muy bajo
Alcalà de Xivert (Castellón),Muy bajo,Muy bajo,Muy bajo,Muy bajo,Muy bajo,Muy bajo,Muy bajo
Alcalá de Ebro (Zaragoza),Muy bajo,Muy bajo,Muy bajo,Muy bajo,Bajo,Muy bajo,Muy bajo
Alcalá de Guadaíra (Sevilla),Muy bajo,Muy bajo,Muy bajo,Muy bajo,Bajo,Bajo,Bajo
Alcalá de Gurrea (Huesca),Muy bajo,Muy bajo,Muy bajo,Muy bajo,Muy bajo,Muy bajo,Bajo
Alcalá de Henares (Madrid),Muy bajo,Muy bajo,Muy bajo,Muy bajo,Muy bajo,Muy bajo,Muy bajo
Alcalá de Moncayo (Zaragoza),Muy bajo,Muy bajo,Muy bajo,Muy bajo,Muy bajo,Bajo,Bajo
Alcalá de la Selva (Teruel),Muy bajo,Muy bajo,Muy bajo,Muy bajo,Muy bajo,Muy bajo,Bajo
Alcalá de la Vega (Cuenca),Muy bajo,Muy bajo,Muy bajo,Muy bajo,Muy bajo,Muy bajo,Muy bajo
Alcalá de los Gazules (Cádiz),Moderado,Muy bajo,Muy bajo,Muy bajo,Bajo,Bajo,Bajo
Alcalá del Júcar (Albacete),Muy bajo,Muy bajo,Muy bajo,Muy bajo,Muy bajo,Muy bajo,Muy bajo
Alcalá del Obispo (Huesca),Muy bajo,Muy bajo,Muy bajo,Muy bajo,Muy bajo,Muy bajo,Bajo
Alcalá del Río (Sevilla),Bajo,Muy bajo,Muy bajo,Bajo,Moderado,Moderado,Moderado
Alcalá del Valle (Cádiz),Bajo,Muy bajo,Muy bajo,Muy bajo,Bajo,Bajo,Bajo
Alcalá la Real (Jaén),Muy bajo,Muy bajo,Muy bajo,Muy bajo,Muy bajo,Muy bajo,Muy bajo
Alcampell (Huesca),Muy bajo,Muy bajo,Muy bajo,Muy bajo,Muy bajo,Muy bajo,Bajo
Alcanadre (La Rioja),Bajo,Moderado,Muy bajo,Muy bajo,Bajo,Bajo,Bajo
Alcanar (Tarragona),Muy bajo,Muy bajo,Muy bajo,Muy bajo,Muy bajo,Muy bajo,Muy bajo
Alcantarilla (Murcia),Muy bajo,Muy bajo,Muy bajo,Muy bajo,Muy bajo,Muy bajo,Muy bajo
Alcantud (Cuenca),Muy bajo,Muy bajo,Muy bajo,Muy bajo,Muy bajo,Muy bajo,Muy bajo
Alcanó (Lleida),Muy bajo,Muy bajo,Muy bajo,Muy bajo,Muy bajo,Muy bajo,Muy bajo
Alcaracejos (Córdoba),Muy bajo,Muy bajo,Muy bajo,Muy bajo,Muy bajo,Bajo,Bajo
Alcaraz (Albacete),Muy bajo,Bajo,Muy bajo,Muy bajo,Bajo,Bajo,Bajo
Alcarràs (Lleida),Muy bajo,Muy bajo,Muy bajo,Muy bajo,Muy bajo,Muy bajo,Muy bajo
Alcaucín (Málaga),Muy bajo,Muy bajo,Muy bajo,Muy bajo,Muy bajo,Muy bajo,Bajo
Alcaudete (Jaén),Muy bajo,Muy bajo,Muy bajo,Muy bajo,Muy bajo,Muy bajo,Muy bajo
Alcaudete de la Jara (Toledo),Muy bajo,Muy bajo,Muy bajo,Muy bajo,Muy bajo,Muy bajo,Muy bajo
Alcazarén (Valladolid),Muy bajo,Muy bajo,Muy bajo,Muy bajo,Muy bajo,Muy bajo,Bajo
Alcañices (Zamora),Bajo,Muy bajo,Muy bajo,Muy bajo,Muy bajo,Bajo,Bajo
Alcañiz (Teruel),Muy bajo,Muy bajo,Muy bajo,Muy bajo,Muy bajo,Muy bajo,Muy bajo
Alcañizo (Toledo),Muy bajo,Muy bajo,Muy bajo,Muy bajo,Muy bajo,Bajo,Muy bajo
Alcoba (Ciudad Real),Muy bajo,Muy bajo,Muy bajo,Muy bajo,Muy bajo,Muy bajo,Muy bajo
Alcobendas (Madrid),Muy bajo,Muy bajo,Muy bajo,Muy bajo,Muy bajo,Muy bajo,Muy bajo
Alcocer (Guadalajara),Muy bajo,Muy bajo,Muy bajo,Muy bajo,Muy bajo,Muy bajo,Bajo
Alcocero de Mola (Burgos),Bajo,Moderado,Bajo,Muy bajo,Muy bajo,Bajo,Moderado
Alcohujate (Cuenca),Muy bajo,Muy bajo,Muy bajo,Muy bajo,Muy bajo,Muy bajo,Muy bajo
Alcoi/Alcoy (Alicante),Muy bajo,Bajo,Muy bajo,Muy bajo,Muy bajo,Muy bajo,Muy bajo
Alcolea (Almería),Muy bajo,Muy bajo,Muy bajo,Muy bajo,Muy bajo,Muy bajo,Muy bajo
Alcolea de Calatrava (Ciudad Real),Muy bajo,Muy bajo,Muy bajo,Muy bajo,Muy bajo,Muy bajo,Muy bajo
Alcolea de Cinca (Huesca),Muy bajo,Muy bajo,Muy bajo,Bajo,Muy bajo,Muy bajo,Bajo
Alcolea de Tajo (Toledo),Muy bajo,Muy bajo,Muy bajo,Muy bajo,Muy bajo,Muy bajo,Muy bajo
Alcolea de las Peñas (Guadalajara),Muy bajo,Muy bajo,Muy bajo,Muy bajo,Muy bajo,Bajo,Bajo
Alcolea del Pinar (Guadalajara),Muy bajo,Muy bajo,Muy bajo,Muy bajo,Muy bajo,Muy bajo,Bajo
Alcolea del Río (Sevilla),Muy bajo,Muy bajo,Muy bajo,Muy bajo,Bajo,Bajo,Bajo
Alcoleja (Alicante),Muy bajo,Muy bajo,Muy bajo,Muy bajo,Muy bajo,Muy bajo,Muy bajo
Alcoletge (Lleida),Muy bajo,Muy bajo,Muy bajo,Muy bajo,Muy bajo,Muy bajo,Muy bajo
Alcollarín (Cáceres),Muy bajo,Muy bajo,Muy bajo,Muy bajo,Muy bajo,Bajo,Bajo
Alconaba (Soria),Muy bajo,Muy bajo,Muy bajo,Muy bajo,Muy bajo,Bajo,Bajo
Alconada (Salamanca),Muy bajo,Muy bajo,Muy bajo,Muy bajo,Muy bajo,Bajo,Bajo
Alconada de Maderuelo (Segovia),Muy bajo,Muy bajo,Muy bajo,Muy bajo,Muy bajo,Bajo,Bajo
Alconchel (Badajoz),Muy bajo,Muy bajo,Muy bajo,Muy bajo,Muy bajo,Bajo,Bajo
Alconchel de Ariza (Zaragoza),Muy bajo,Muy bajo,Muy bajo,Muy bajo,Muy bajo,Muy bajo,Muy bajo
Alconchel de la Estrella (Cuenca),Muy bajo,Muy bajo,Muy bajo,Muy bajo,Muy bajo,Muy bajo,Muy bajo
Alconera (Badajoz),Muy bajo,Muy bajo,Muy bajo,Muy bajo,Muy bajo,Muy bajo,Muy bajo
Alcorcón (Madrid),Muy bajo,Muy bajo,Muy bajo,Muy bajo,Muy bajo,Muy bajo,Muy bajo
Alcorisa (Teruel),Muy bajo,Muy bajo,Muy bajo,Muy bajo,Muy bajo,Muy bajo,Muy bajo
Alcoroches (Guadalajara),Muy bajo,Muy bajo,Muy bajo,Muy bajo,Muy bajo,Bajo,Bajo
Alcosser (Alicante),Muy bajo,Muy bajo,Muy bajo,Muy bajo,Muy bajo,Muy bajo,Muy bajo
Alcover (Tarragona),Muy bajo,Muy bajo,Muy bajo,Muy bajo,Muy bajo,Muy bajo,Muy bajo
Alcubierre (Huesca),Muy bajo,Muy bajo,Muy bajo,Bajo,Muy bajo,Muy bajo,Bajo
Alcubilla de Avellaneda (Soria),Muy bajo,Bajo,Muy bajo,Muy bajo,Muy bajo,Bajo,Bajo
Alcubilla de Nogales (Zamora),Muy bajo,Muy bajo,Muy bajo,Muy bajo,Muy bajo,Bajo,Bajo
Alcubilla de las Peñas (Soria),Muy bajo,Muy bajo,Muy bajo,Muy bajo,Muy bajo,Bajo,Bajo
Alcubillas (Ciudad Real),Muy bajo,Muy bajo,Muy bajo,Muy bajo,Muy bajo,Muy bajo,Muy bajo
Alcublas (Valencia),Muy bajo,Muy bajo,Muy bajo,Muy bajo,Muy bajo,Muy bajo,Muy bajo
Alcudia de Monteagud (Almería),Muy bajo,Muy bajo,Muy bajo,Muy bajo,Muy bajo,Muy bajo,Muy bajo
Alcudia de Veo (Castellón),Muy bajo,Muy bajo,Muy bajo,Muy bajo,Muy bajo,Muy bajo,Muy bajo
Alcuéscar (Cáceres),Muy bajo,Muy bajo,Muy bajo,Muy bajo,Muy bajo,Bajo,Bajo
Alcàntera de Xúquer (Valencia),Muy bajo,Muy bajo,Muy bajo,Muy bajo,Muy bajo,Muy bajo,Muy bajo
Alcàsser (Valencia),Muy bajo,Muy bajo,Muy bajo,Muy bajo,Muy bajo,Muy bajo,Muy bajo
Alcántara (Cáceres),Muy bajo,Muy bajo,Muy bajo,Muy bajo,Bajo,Bajo,Bajo
Alcázar de San Juan (Ciudad Real),Muy bajo,Muy bajo,Muy bajo,Muy bajo,Muy bajo,Muy bajo,Muy bajo
Alcázar del Rey (Cuenca),Muy bajo,Muy bajo,Muy bajo,Muy bajo,Muy bajo,Muy bajo,Muy bajo
Alcóntar (Almería),Muy bajo,Muy bajo,Muy bajo,Muy bajo,Muy bajo,Muy bajo,Muy bajo
Alcúdia (Baleares),Muy bajo,Muy bajo,Bajo,Bajo,Muy bajo,Muy bajo,Muy bajo
Aldaia (Valencia),Muy bajo,Muy bajo,Muy bajo,Muy bajo,Muy bajo,Muy bajo,Muy bajo
Aldea Real (Segovia),Muy bajo,Muy bajo,Muy bajo,Muy bajo,Muy bajo,Bajo,Bajo
Aldea de San Miguel (Valladolid),Muy bajo,Muy bajo,Muy bajo,Muy bajo,Muy bajo,Muy bajo,Bajo
Aldea del Cano (Cáceres),Muy bajo,Muy bajo,Muy bajo,Muy bajo,Muy bajo,Bajo,Muy bajo
Aldea del Fresno (Madrid),Muy bajo,Muy bajo,Muy bajo,Muy bajo,Muy bajo,Bajo,Muy bajo
Aldea del Obispo (Salamanca),Bajo,Muy bajo,Muy bajo,Bajo,Bajo,Bajo,Bajo
Aldea del Rey (Ciudad Real),Muy bajo,Muy bajo,Muy bajo,Muy bajo,Muy bajo,Muy bajo,Muy bajo
Aldea en Cabo (Toledo),Muy bajo,Muy bajo,Muy bajo,Muy bajo,Muy bajo,Bajo,Muy bajo
Aldeacentenera (Cáceres),Muy bajo,Muy bajo,Muy bajo,Muy bajo,Muy bajo,Muy bajo,Bajo
Aldeacipreste (Salamanca),Muy bajo,Muy bajo,Muy bajo,Muy bajo,Bajo,Bajo,Bajo
Aldeadávila de la Ribera (Salamanca),Bajo,Muy bajo,Muy bajo,Bajo,Bajo,Bajo,Bajo
Aldealafuente (Soria),Muy bajo,Muy bajo,Muy bajo,Muy bajo,Muy bajo,Bajo,Bajo
Aldealcorvo (Segovia),Muy bajo,Muy bajo,Muy bajo,Muy bajo,Muy bajo,Bajo,Bajo
Aldealengua (Salamanca),Muy bajo,Muy bajo,Muy bajo,Muy bajo,Muy bajo,Muy bajo,Bajo
Aldealengua de Pedraza (Segovia),Muy bajo,Muy bajo,Muy bajo,Muy bajo,Muy bajo,Bajo,Bajo
Aldealengua de Santa María (Segovia),Muy bajo,Muy bajo,Muy bajo,Muy bajo,Muy bajo,Bajo,Bajo
Aldealices (Soria),Muy bajo,Muy bajo,Muy bajo,Muy bajo,Muy bajo,Bajo,Bajo
Aldealpozo (Soria),Muy bajo,Muy bajo,Muy bajo,Muy bajo,Bajo,Bajo,Bajo
Aldealseñor (Soria),Muy bajo,Muy bajo,Muy bajo,Muy bajo,Muy bajo,Bajo,Bajo
Aldeamayor de San Martín (Valladolid),Muy bajo,Muy bajo,Muy bajo,Muy bajo,Muy bajo,Muy bajo,Bajo
Aldeanueva de Barbarroya (Toledo),Muy bajo,Muy bajo,Muy bajo,Muy bajo,Muy bajo,Muy bajo,Muy bajo
Aldeanueva de Ebro (La Rioja),Bajo,Moderado,Muy bajo,Muy bajo,Bajo,Bajo,Bajo
Aldeanueva de Figueroa (Salamanca),Muy bajo,Muy bajo,Muy bajo,Muy bajo,Muy bajo,Muy bajo,Bajo
Aldeanueva de Guadalajara (Guadalajara),Muy bajo,Muy bajo,Muy bajo,Muy bajo,Muy bajo,Muy bajo,Muy bajo
Aldeanueva de San Bartolomé (Toledo),Muy bajo,Muy bajo,Muy bajo,Muy bajo,Muy bajo,Muy bajo,Muy bajo
Aldeanueva de Santa Cruz (Ávila),Muy bajo,Muy bajo,Muy bajo,Muy bajo,Bajo,Bajo,Bajo
Aldeanueva de la Serrezuela (Segovia),Muy bajo,Muy bajo,Muy bajo,Muy bajo,Muy bajo,Muy bajo,Bajo
Aldeanueva de la Sierra (Salamanca),Muy bajo,Muy bajo,Muy bajo,Muy bajo,Muy bajo,Bajo,Bajo
Aldeanueva de la Vera (Cáceres),Muy bajo,Muy bajo,Muy bajo,Muy bajo,Muy bajo,Muy bajo,Bajo
Aldeanueva del Camino (Cáceres),Muy bajo,Muy bajo,Muy bajo,Muy bajo,Muy bajo,Bajo,Bajo
Aldeanueva del Codonal (Segovia),Muy bajo,Muy bajo,Muy bajo,Muy bajo,Muy bajo,Muy bajo,Bajo
Aldeaquemada (Jaén),Muy bajo,Muy bajo,Muy bajo,Muy bajo,Muy bajo,Bajo,Bajo
Aldearrodrigo (Salamanca),Muy bajo,Muy bajo,Muy bajo,Muy bajo,Muy bajo,Bajo,Bajo
Aldearrubia (Salamanca),Muy bajo,Muy bajo,Muy bajo,Muy bajo,Muy bajo,Muy bajo,Bajo
Aldeaseca (Ávila),Muy bajo,Muy bajo,Muy bajo,Muy bajo,Muy bajo,Muy bajo,Bajo
Aldeaseca de Alba (Salamanca),Muy bajo,Muy bajo,Muy bajo,Muy bajo,Bajo,Bajo,Bajo
Aldeaseca de la Frontera (Salamanca),Muy bajo,Muy bajo,Muy bajo,Muy bajo,Muy bajo,Muy bajo,Bajo
Aldeasoña (Segovia),Bajo,Muy bajo,Muy bajo,Muy bajo,Muy bajo,Bajo,Bajo
Aldeatejada (Salamanca),Muy bajo,Muy bajo,Muy bajo,Muy bajo,Bajo,Bajo,Bajo
Aldeavieja de Tormes (Salamanca),Muy bajo,Muy bajo,Muy bajo,Muy bajo,Bajo,Bajo,Bajo
Aldehorno (Segovia),Muy bajo,Muy bajo,Muy bajo,Muy bajo,Muy bajo,Muy bajo,Muy bajo
Aldehuela de Liestos (Zaragoza),Muy bajo,Muy bajo,Muy bajo,Muy bajo,Muy bajo,Bajo,Bajo
Aldehuela de Periáñez (Soria),Muy bajo,Muy bajo,Muy bajo,Muy bajo,Muy bajo,Bajo,Bajo
Aldehuela de Yeltes (Salamanca),Muy bajo,Muy bajo,Muy bajo,Muy bajo,Bajo,Bajo,Bajo
Aldehuela de la Bóveda (Salamanca),Muy bajo,Muy bajo,Muy bajo,Bajo,Bajo,Bajo,Bajo
Aldehuela del Codonal (Segovia),Muy bajo,Muy bajo,Muy bajo,Muy bajo,Muy bajo,Muy bajo,Bajo
Aldehuela del Jerte (Cáceres),Muy bajo,Muy bajo,Muy bajo,Muy bajo,Muy bajo,Muy bajo,Bajo
Aldeire (Granada),Muy bajo,Muy bajo,Muy bajo,Muy bajo,Muy bajo,Muy bajo,Muy bajo
Aldeonte (Segovia),Bajo,Muy bajo,Muy bajo,Muy bajo,Muy bajo,Bajo,Bajo
Aldover (Tarragona),Muy bajo,Muy bajo,Muy bajo,Muy bajo,Muy bajo,Muy bajo,Muy bajo
Aldovera (nan),Muy bajo,Muy bajo,Muy bajo,Muy bajo,Muy bajo,Muy bajo,Muy bajo
Aledo (Murcia),Muy bajo,Muy bajo,Muy bajo,Muy bajo,Muy bajo,Muy bajo,Muy bajo
Alegia (Guipúzcoa),Bajo,Alto,Muy bajo,Muy bajo,Muy bajo,Bajo,Moderado
Alegría-Dulantzi (Álava),Bajo,Moderado,Muy bajo,Muy bajo,Muy bajo,Muy bajo,Bajo
Alella (Barcelona),Muy bajo,Muy bajo,Muy bajo,Muy bajo,Muy bajo,Muy bajo,Muy bajo
Alentisque (Soria),Muy bajo,Muy bajo,Muy bajo,Muy bajo,Muy bajo,Bajo,Bajo
Alerre (Huesca),Muy bajo,Muy bajo,Muy bajo,Muy bajo,Muy bajo,Muy bajo,Bajo
Alesanco (La Rioja),Bajo,Bajo,Muy bajo,Muy bajo,Muy bajo,Muy bajo,Bajo
Alesón (La Rioja),Bajo,Bajo,Muy bajo,Muy bajo,Muy bajo,Muy bajo,Bajo
Alfacar (Granada),Bajo,Muy bajo,Muy bajo,Muy bajo,Muy bajo,Muy bajo,Muy bajo
Alfafar (Valencia),Muy bajo,Muy bajo,Muy bajo,Muy bajo,Muy bajo,Muy bajo,Muy bajo
Alfafara (Alicante),Muy bajo,Muy bajo,Muy bajo,Muy bajo,Muy bajo,Muy bajo,Muy bajo
Alfajarín (Zaragoza),Muy bajo,Muy bajo,Muy bajo,Bajo,Bajo,Muy bajo,Muy bajo
Alfambra (Teruel),Muy bajo,Muy bajo,Muy bajo,Muy bajo,Muy bajo,Muy bajo,Muy bajo
Alfamén (Zaragoza),Muy bajo,Muy bajo,Muy bajo,Muy bajo,Bajo,Bajo,Bajo
Alfara de Carles (Tarragona),Muy bajo,Muy bajo,Muy bajo,Muy bajo,Muy bajo,Muy bajo,Muy bajo
Alfara de la Baronia (Valencia),Muy bajo,Muy bajo,Muy bajo,Muy bajo,Muy bajo,Muy bajo,Muy bajo
Alfara del Patriarca (Valencia),Muy bajo,Muy bajo,Muy bajo,Muy bajo,Muy bajo,Muy bajo,Muy bajo
Alfaraz de Sayago (Zamora),Muy bajo,Muy bajo,Muy bajo,Muy bajo,Muy bajo,Bajo,Bajo
Alfarb (Valencia),Muy bajo,Muy bajo,Muy bajo,Muy bajo,Muy bajo,Muy bajo,Muy bajo
Alfarnate (Málaga),Bajo,Muy bajo,Muy bajo,Muy bajo,Muy bajo,Bajo,Bajo
Alfarnatejo (Málaga),Muy bajo,Muy bajo,Muy bajo,Muy bajo,Muy bajo,Muy bajo,Bajo
Alfaro (La Rioja),Muy bajo,Moderado,Muy bajo,Muy bajo,Bajo,Bajo,Bajo
Alfarrasí (Valencia),Muy bajo,Muy bajo,Muy bajo,Muy bajo,Muy bajo,Muy bajo,Muy bajo
Alfarràs (Lleida),Muy bajo,Muy bajo,Muy bajo,Muy bajo,Muy bajo,Muy bajo,Muy bajo
Alfauir (Valencia),Muy bajo,Muy bajo,Muy bajo,Muy bajo,Muy bajo,Muy bajo,Muy bajo
Alfondeguilla (Castellón),Muy bajo,Muy bajo,Muy bajo,Muy bajo,Muy bajo,Muy bajo,Muy bajo
Alforja (Tarragona),Muy bajo,Muy bajo,Muy bajo,Muy bajo,Muy bajo,Muy bajo,Muy bajo
Alforque (Zaragoza),Muy bajo,Muy bajo,Muy bajo,Bajo,Bajo,Bajo,Bajo
Alfoz (Lugo),Muy bajo,Muy bajo,Muy bajo,Muy bajo,Muy bajo,Bajo,Bajo
Alfoz de Bricia (Burgos),Muy bajo,Bajo,Muy bajo,Muy bajo,Muy bajo,Muy bajo,Bajo
Alfoz de Lloredo (Cantabria),Muy bajo,Muy bajo,Muy bajo,Muy bajo,Muy bajo,Bajo,Bajo
Alfoz de Quintanadueñas (Burgos),Bajo,Bajo,Bajo,Bajo,Bajo,Moderado,Moderado
Alfoz de Santa Gadea (Burgos),Muy bajo,Bajo,Muy bajo,Muy bajo,Muy bajo,Muy bajo,Bajo
Alfántega (Huesca),Muy bajo,Muy bajo,Muy bajo,Muy bajo,Muy bajo,Muy bajo,Muy bajo
Alfés (Lleida),Muy bajo,Muy bajo,Muy bajo,Muy bajo,Muy bajo,Muy bajo,Muy bajo
Algadefe (León),Muy bajo,Bajo,Muy bajo,Muy bajo,Muy bajo,Bajo,Bajo
Algaida (Baleares),Muy bajo,Muy bajo,Muy bajo,Muy bajo,Muy bajo,Muy bajo,Muy bajo
Algar (Cádiz),Moderado,Muy bajo,Muy bajo,Bajo,Bajo,Bajo,Bajo
Algar de Mesa (Guadalajara),Muy bajo,Muy bajo,Muy bajo,Muy bajo,Muy bajo,Muy bajo,Muy bajo
Algar de Palància (Valencia),Muy bajo,Muy bajo,Muy bajo,Muy bajo,Muy bajo,Muy bajo,Muy bajo
Algarinejo (Granada),Muy bajo,Muy bajo,Muy bajo,Muy bajo,Muy bajo,Muy bajo,Muy bajo
Algarra (Cuenca),Muy bajo,Muy bajo,Muy bajo,Muy bajo,Muy bajo,Muy bajo,Muy bajo
Algarrobo (Málaga),Muy bajo,Muy bajo,Muy bajo,Muy bajo,Muy bajo,Muy bajo,Bajo
Algatocín (Málaga),Muy bajo,Muy bajo,Muy bajo,Muy bajo,Muy bajo,Muy bajo,Bajo
Algeciras (Cádiz),Muy bajo,Muy bajo,Muy bajo,Muy bajo,Muy bajo,Muy bajo,Muy bajo
Algemesí (Valencia),Muy bajo,Muy bajo,Muy bajo,Muy bajo,Muy bajo,Muy bajo,Muy bajo
Algerri (Lleida),Muy bajo,Muy bajo,Muy bajo,Muy bajo,Muy bajo,Muy bajo,Muy bajo
Algete (Madrid),Muy bajo,Muy bajo,Muy bajo,Muy bajo,Muy bajo,Muy bajo,Muy bajo
Algimia de Almonacid (Castellón),Muy bajo,Muy bajo,Muy bajo,Muy bajo,Muy bajo,Muy bajo,Muy bajo
Alginet (Valencia),Muy bajo,Muy bajo,Muy bajo,Muy bajo,Muy bajo,Muy bajo,Muy bajo
Algodonales (Cádiz),Moderado,Muy bajo,Muy bajo,Bajo,Bajo,Bajo,Bajo
Algodre (Zamora),Muy bajo,Muy bajo,Muy bajo,Muy bajo,Muy bajo,Bajo,Muy bajo
Algora (Guadalajara),Muy bajo,Muy bajo,Muy bajo,Muy bajo,Muy bajo,Muy bajo,Bajo
Algorfa (Alicante),Muy bajo,Muy bajo,Muy bajo,Muy bajo,Muy bajo,Muy bajo,Muy bajo
Alguaire (Lleida),Muy bajo,Muy bajo,Muy bajo,Muy bajo,Muy bajo,Muy bajo,Muy bajo
Alguazas (Murcia),Muy bajo,Muy bajo,Muy bajo,Muy bajo,Muy bajo,Muy bajo,Muy bajo
Algueña (Alicante),Muy bajo,Muy bajo,Muy bajo,Muy bajo,Muy bajo,Muy bajo,Muy bajo
Algámitas (Sevilla),Moderado,Muy bajo,Muy bajo,Muy bajo,Bajo,Bajo,Bajo
Algímia d'Alfara (Valencia),Muy bajo,Muy bajo,Muy bajo,Muy bajo,Muy bajo,Muy bajo,Muy bajo
Alhabia (Almería),Muy bajo,Muy bajo,Muy bajo,Muy bajo,Muy bajo,Muy bajo,Muy bajo
Alhama de Almería (Almería),Muy bajo,Muy bajo,Muy bajo,Muy bajo,Muy bajo,Muy bajo,Muy bajo
Alhama de Aragón (Zaragoza),Muy bajo,Muy bajo,Muy bajo,Muy bajo,Muy bajo,Muy bajo,Muy bajo
Alhama de Granada (Granada),Bajo,Muy bajo,Muy bajo,Muy bajo,Muy bajo,Muy bajo,Muy bajo
Alhama de Murcia (Murcia),Muy bajo,Muy bajo,Muy bajo,Muy bajo,Muy bajo,Muy bajo,Muy bajo
Alhambra (Ciudad Real),Muy bajo,Muy bajo,Muy bajo,Muy bajo,Muy bajo,Muy bajo,Muy bajo
Alhaurín de la Torre (Málaga),Muy bajo,Muy bajo,Muy bajo,Muy bajo,Muy bajo,Muy bajo,Muy bajo
Alhaurín el Grande (Málaga),Muy bajo,Muy bajo,Muy bajo,Muy bajo,Muy bajo,Muy bajo,Muy bajo
Alhendín (Granada),Bajo,Muy bajo,Muy bajo,Muy bajo,Muy bajo,Muy bajo,Muy bajo
Alhóndiga (Guadalajara),Muy bajo,Muy bajo,Muy bajo,Muy bajo,Muy bajo,Muy bajo,Muy bajo
Aliaga (Teruel),Muy bajo,Muy bajo,Muy bajo,Muy bajo,Muy bajo,Muy bajo,Bajo
Aliaguilla (Cuenca),Muy bajo,Muy bajo,Muy bajo,Muy bajo,Muy bajo,Muy bajo,Muy bajo
Alicún (Almería),Muy bajo,Muy bajo,Muy bajo,Muy bajo,Muy bajo,Muy bajo,Muy bajo
Alicún de Ortega (Granada),Muy bajo,Muy bajo,Muy bajo,Muy bajo,Muy bajo,Muy bajo,Muy bajo
Alija del Infantado (León),Muy bajo,Bajo,Muy bajo,Muy bajo,Muy bajo,Bajo,Bajo
Alins (Lleida),Muy bajo,Bajo,Muy bajo,Muy bajo,Bajo,Bajo,Moderado
Alique (Guadalajara),Muy bajo,Muy bajo,Muy bajo,Muy bajo,Muy bajo,Muy bajo,Muy bajo
Aliseda (Cáceres),Muy bajo,Muy bajo,Muy bajo,Muy bajo,Muy bajo,Bajo,Bajo
Aliud (Soria),Muy bajo,Muy bajo,Muy bajo,Muy bajo,Bajo,Bajo,Bajo
Alió (Tarragona),Muy bajo,Muy bajo,Muy bajo,Muy bajo,Muy bajo,Muy bajo,Muy bajo
Aljaraque (Huelva),Muy bajo,Muy bajo,Muy bajo,Muy bajo,Moderado,Bajo,Bajo
Aljucén (Badajoz),Muy bajo,Muy bajo,Muy bajo,Muy bajo,Bajo,Bajo,Bajo
Alkiza (Guipúzcoa),Bajo,Moderado,Muy bajo,Muy bajo,Muy bajo,Bajo,Moderado
Allande (Asturias),Muy bajo,Bajo,Muy bajo,Muy bajo,Muy bajo,Muy bajo,Bajo
Allariz (Ourense),Bajo,Muy bajo,Muy bajo,Muy bajo,Bajo,Bajo,Bajo
Allepuz (Teruel),Muy bajo,Muy bajo,Muy bajo,Muy bajo,Muy bajo,Muy bajo,Bajo
Aller (Asturias),Muy bajo,Muy bajo,Muy bajo,Muy bajo,Muy bajo,Bajo,Bajo
Allo (Navarra),Bajo,Bajo,Muy bajo,Muy bajo,Muy bajo,Muy bajo,Bajo
Alloza (Teruel),Muy bajo,Muy bajo,Muy bajo,Muy bajo,Muy bajo,Muy bajo,Bajo
Allueva (Teruel),Muy bajo,Muy bajo,Muy bajo,Muy bajo,Muy bajo,Muy bajo,Muy bajo
Allín/Allin (Navarra),Bajo,Bajo,Muy bajo,Muy bajo,Muy bajo,Bajo,Bajo
Almacelles (Lleida),Muy bajo,Muy bajo,Muy bajo,Muy bajo,Muy bajo,Muy bajo,Muy bajo
Almadenejos (Ciudad Real),Muy bajo,Muy bajo,Muy bajo,Muy bajo,Muy bajo,Muy bajo,Muy bajo
Almadrones (Guadalajara),Muy bajo,Muy bajo,Muy bajo,Muy bajo,Muy bajo,Muy bajo,Muy bajo
Almadén (Ciudad Real),Muy bajo,Muy bajo,Muy bajo,Muy bajo,Bajo,Muy bajo,Bajo
Almadén de la Plata (Sevilla),Muy bajo,Muy bajo,Muy bajo,Muy bajo,Bajo,Bajo,Bajo
Almagro (Ciudad Real),Muy bajo,Muy bajo,Muy bajo,Muy bajo,Bajo,Muy bajo,Muy bajo
Almajano (Soria),Muy bajo,Muy bajo,Muy bajo,Muy bajo,Muy bajo,Bajo,Bajo
Almaluez (Soria),Muy bajo,Muy bajo,Muy bajo,Muy bajo,Muy bajo,Bajo,Bajo
Almansa (Albacete),Muy bajo,Muy bajo,Muy bajo,Muy bajo,Muy bajo,Muy bajo,Muy bajo
Almanza (León),Muy bajo,Muy bajo,Muy bajo,Muy bajo,Muy bajo,Muy bajo,Bajo
Almaraz (Cáceres),Muy bajo,Muy bajo,Muy bajo,Muy bajo,Muy bajo,Muy bajo,Muy bajo
Almaraz de Duero (Zamora),Muy bajo,Muy bajo,Muy bajo,Muy bajo,Muy bajo,Muy bajo,Muy bajo
Almargen (Málaga),Bajo,Muy bajo,Muy bajo,Muy bajo,Muy bajo,Bajo,Bajo
Almarza (Soria),Muy bajo,Bajo,Muy bajo,Muy bajo,Muy bajo,Bajo,Bajo
Almarza de Cameros (La Rioja),Bajo,Bajo,Muy bajo,Muy bajo,Muy bajo,Muy bajo,Bajo
Almassora (Castellón),Muy bajo,Muy bajo,Muy bajo,Muy bajo,Muy bajo,Muy bajo,Muy bajo
Almatret (Lleida),Muy bajo,Muy bajo,Muy bajo,Muy bajo,Muy bajo,Muy bajo,Muy bajo
Almazul (Soria),Muy bajo,Muy bajo,Muy bajo,Bajo,Bajo,Bajo,Bajo
Almazán (Soria),Muy bajo,Muy bajo,Muy bajo,Muy bajo,Muy bajo,Bajo,Bajo
Almedina (Ciudad Real),Muy bajo,Muy bajo,Muy bajo,Muy bajo,Bajo,Bajo,Bajo
Almedinilla (Córdoba),Muy bajo,Muy bajo,Muy bajo,Muy bajo,Muy bajo,Muy bajo,Muy bajo
Almedíjar (Castellón),Muy bajo,Muy bajo,Muy bajo,Muy bajo,Muy bajo,Muy bajo,Muy bajo
Almegíjar (Granada),Muy bajo,Muy bajo,Muy bajo,Muy bajo,Muy bajo,Muy bajo,Muy bajo
Almeida de Sayago (Zamora),Muy bajo,Muy bajo,Muy bajo,Muy bajo,Muy bajo,Bajo,Bajo
Almenar (Lleida),Muy bajo,Muy bajo,Muy bajo,Muy bajo,Muy bajo,Muy bajo,Muy bajo
Almenar de Soria (Soria),Muy bajo,Muy bajo,Muy bajo,Muy bajo,Bajo,Bajo,Bajo
Almenara (Castellón),Muy bajo,Muy bajo,Muy bajo,Muy bajo,Muy bajo,Muy bajo,Muy bajo
Almenara de Adaja (Valladolid),Muy bajo,Muy bajo,Muy bajo,Muy bajo,Muy bajo,Muy bajo,Bajo
Almenara de Tormes (Salamanca),Muy bajo,Muy bajo,Muy bajo,Muy bajo,Muy bajo,Bajo,Bajo
Almendra (Salamanca),Muy bajo,Muy bajo,Muy bajo,Muy bajo,Muy bajo,Bajo,Bajo
Almendral (Badajoz),Muy bajo,Muy bajo,Muy bajo,Muy bajo,Muy bajo,Muy bajo,Muy bajo
Almendral de la Cañada (Toledo),Muy bajo,Muy bajo,Muy bajo,Muy bajo,Muy bajo,Muy bajo,Muy bajo
Almendralejo (Badajoz),Muy bajo,Muy bajo,Muy bajo,Muy bajo,Muy bajo,Muy bajo,Muy bajo
Almendros (Cuenca),Muy bajo,Muy bajo,Muy bajo,Muy bajo,Muy bajo,Muy bajo,Muy bajo
Almensilla (Sevilla),Bajo,Bajo,Muy bajo,Bajo,Moderado,Bajo,Bajo
Almería (Almería),Muy bajo,Muy bajo,Muy bajo,Muy bajo,Muy bajo,Muy bajo,Muy bajo
Almiserà (Valencia),Muy bajo,Muy bajo,Muy bajo,Muy bajo,Muy bajo,Muy bajo,Muy bajo
Almochuel (Zaragoza),Muy bajo,Muy bajo,Muy bajo,Bajo,Bajo,Muy bajo,Muy bajo
Almodóvar del Campo (Ciudad Real),Muy bajo,Muy bajo,Muy bajo,Muy bajo,Muy bajo,Muy bajo,Muy bajo
Almodóvar del Pinar (Cuenca),Muy bajo,Muy bajo,Muy bajo,Muy bajo,Muy bajo,Bajo,Muy bajo
Almodóvar del Río (Córdoba),Muy bajo,Muy bajo,Muy bajo,Muy bajo,Bajo,Bajo,Bajo
Almoguera (Guadalajara),Muy bajo,Muy bajo,Muy bajo,Muy bajo,Muy bajo,Muy bajo,Muy bajo
Almogía (Málaga),Muy bajo,Muy bajo,Muy bajo,Muy bajo,Muy bajo,Muy bajo,Muy bajo
Almohaja (Teruel),Muy bajo,Muy bajo,Muy bajo,Muy bajo,Muy bajo,Muy bajo,Bajo
Almoharín (Cáceres),Muy bajo,Muy bajo,Muy bajo,Muy bajo,Muy bajo,Bajo,Bajo
Almoines (Valencia),Muy bajo,Muy bajo,Muy bajo,Muy bajo,Muy bajo,Muy bajo,Muy bajo
Almonacid de Toledo (Toledo),Muy bajo,Muy bajo,Muy bajo,Muy bajo,Muy bajo,Muy bajo,Muy bajo
Almonacid de Zorita (Guadalajara),Muy bajo,Muy bajo,Muy bajo,Muy bajo,Muy bajo,Muy bajo,Muy bajo
Almonacid de la Cuba (Zaragoza),Muy bajo,Muy bajo,Muy bajo,Muy bajo,Muy bajo,Muy bajo,Muy bajo
Almonacid de la Sierra (Zaragoza),Muy bajo,Muy bajo,Muy bajo,Muy bajo,Muy bajo,Muy bajo,Bajo
Almonacid del Marquesado (Cuenca),Muy bajo,Muy bajo,Muy bajo,Muy bajo,Muy bajo,Muy bajo,Muy bajo
Almonaster la Real (Huelva),Muy bajo,Muy bajo,Muy bajo,Muy bajo,Bajo,Bajo,Bajo
Almonte (Huelva),Bajo,Muy bajo,Muy bajo,Bajo,Muy alto,Bajo,Bajo
Almoradí (Alicante),Muy bajo,Muy bajo,Muy bajo,Muy bajo,Muy bajo,Muy bajo,Muy bajo
Almorox (Toledo),Muy bajo,Muy bajo,Muy bajo,Muy bajo,Muy bajo,Bajo,Muy bajo
Almoster (Tarragona),Muy bajo,Muy bajo,Muy bajo,Muy bajo,Muy bajo,Muy bajo,Muy bajo
Almudaina (Alicante),Muy bajo,Muy bajo,Muy bajo,Muy bajo,Muy bajo,Muy bajo,Muy bajo
Almudévar (Huesca),Muy bajo,Muy bajo,Muy bajo,Bajo,Muy bajo,Muy bajo,Bajo
Almunia de San Juan (Huesca),Muy bajo,Muy bajo,Muy bajo,Muy bajo,Muy bajo,Muy bajo,Bajo
Almuniente (Huesca),Muy bajo,Muy bajo,Muy bajo,Muy bajo,Muy bajo,Muy bajo,Bajo
Almuradiel (Ciudad Real),Muy bajo,Muy bajo,Muy bajo,Muy bajo,Muy bajo,Bajo,Bajo
Almussafes (Valencia),Muy bajo,Muy bajo,Muy bajo,Muy bajo,Muy bajo,Muy bajo,Muy bajo
Almuñécar (Granada),Muy bajo,Muy bajo,Muy bajo,Muy bajo,Muy bajo,Muy bajo,Muy bajo
Almàssera (Valencia),Muy bajo,Muy bajo,Muy bajo,Muy bajo,Muy bajo,Muy bajo,Muy bajo
Almáchar (Málaga),Muy bajo,Muy bajo,Muy bajo,Muy bajo,Muy bajo,Muy bajo,Muy bajo
Almócita (Almería),Muy bajo,Muy bajo,Muy bajo,Muy bajo,Muy bajo,Muy bajo,Muy bajo
Alobras (Teruel),Muy bajo,Muy bajo,Muy bajo,Muy bajo,Muy bajo,Muy bajo,Bajo
Alocén (Guadalajara),Muy bajo,Muy bajo,Muy bajo,Muy bajo,Muy bajo,Muy bajo,Muy bajo
Alonsotegi (Vizcaya),Muy bajo,Moderado,Muy bajo,Muy bajo,Muy bajo,Muy bajo,Bajo
Alosno (Huelva),Bajo,Muy bajo,Muy bajo,Muy bajo,Bajo,Bajo,Bajo
Alovera (Guadalajara),Muy bajo,Muy bajo,Muy bajo,Muy bajo,Muy bajo,Muy bajo,Muy bajo
Alozaina (Málaga),Muy bajo,Muy bajo,Muy bajo,Muy bajo,Muy bajo,Muy bajo,Muy bajo
Alp (Girona),Muy bajo,Muy bajo,Muy bajo,Muy bajo,Muy bajo,Bajo,Bajo
Alpandeire (Málaga),Muy bajo,Muy bajo,Muy bajo,Muy bajo,Bajo,Bajo,Bajo
Alpanseque (Soria),Muy bajo,Muy bajo,Muy bajo,Muy bajo,Muy bajo,Bajo,Bajo
Alpartir (Zaragoza),Muy bajo,Muy bajo,Muy bajo,Muy bajo,Muy bajo,Muy bajo,Muy bajo
Alpedrete (Madrid),Muy bajo,Muy bajo,Muy bajo,Muy bajo,Muy bajo,Muy bajo,Muy bajo
Alpens (Barcelona),Muy bajo,Muy bajo,Muy bajo,Muy bajo,Muy bajo,Muy bajo,Bajo
Alpera (Albacete),Muy bajo,Muy bajo,Muy bajo,Muy bajo,Muy bajo,Muy bajo,Muy bajo
Alpeñés (Teruel),Muy bajo,Muy bajo,Muy bajo,Muy bajo,Muy bajo,Muy bajo,Bajo
Alpicat (Lleida),Muy bajo,Muy bajo,Muy bajo,Muy bajo,Muy bajo,Muy bajo,Muy bajo
Alpuente (Valencia),Muy bajo,Muy bajo,Muy bajo,Muy bajo,Muy bajo,Muy bajo,Muy bajo
Alpujarra de la Sierra (Granada),Muy bajo,Muy bajo,Muy bajo,Muy bajo,Muy bajo,Muy bajo,Muy bajo
Alquife (Granada),Muy bajo,Muy bajo,Muy bajo,Muy bajo,Muy bajo,Muy bajo,Muy bajo
Alquézar (Huesca),Muy bajo,Muy bajo,Muy bajo,Muy bajo,Muy bajo,Bajo,Bajo
Alsodux (Almería),Muy bajo,Muy bajo,Muy bajo,Muy bajo,Muy bajo,Muy bajo,Muy bajo
Alt Àneu (Lleida),Muy bajo,Muy bajo,Muy bajo,Muy bajo,Muy bajo,Bajo,Moderado
Altable (Burgos),Muy bajo,Bajo,Bajo,Muy bajo,Muy bajo,Bajo,Bajo
Altafulla (Tarragona),Muy bajo,Muy bajo,Muy bajo,Muy bajo,Muy bajo,Muy bajo,Muy bajo
Altarejos (Cuenca),Muy bajo,Muy bajo,Muy bajo,Muy bajo,Muy bajo,Muy bajo,Muy bajo
Altea (Alicante),Muy bajo,Muy bajo,Muy bajo,Muy bajo,Muy bajo,Muy bajo,Muy bajo
Altorricón (Huesca),Muy bajo,Muy bajo,Muy bajo,Muy bajo,Muy bajo,Muy bajo,Muy bajo
Altsasu/Alsasua (Navarra),Bajo,Moderado,Muy bajo,Muy bajo,Muy bajo,Muy bajo,Bajo
Altura (Castellón),Muy bajo,Muy bajo,Muy bajo,Muy bajo,Muy bajo,Muy bajo,Muy bajo
Altzaga (Guipúzcoa),Bajo,Alto,Muy bajo,Muy bajo,Muy bajo,Bajo,Moderado
Altzo (Guipúzcoa),Bajo,Alto,Muy bajo,Muy bajo,Muy bajo,Bajo,Moderado
Alustante (Guadalajara),Muy bajo,Muy bajo,Muy bajo,Muy bajo,Muy bajo,Bajo,Bajo
Alzira (Valencia),Muy bajo,Muy bajo,Muy bajo,Muy bajo,Muy bajo,Muy bajo,Muy bajo
Alàs i Cerc (Lleida),Muy bajo,Muy bajo,Muy bajo,Muy bajo,Bajo,Bajo,Bajo
Alájar (Huelva),Muy bajo,Muy bajo,Muy bajo,Muy bajo,Bajo,Bajo,Bajo
Alía (Cáceres),Muy bajo,Muy bajo,Muy bajo,Muy bajo,Muy bajo,Bajo,Bajo
Alòs de Balaguer (Lleida),Muy bajo,Muy bajo,Muy bajo,Muy bajo,Muy bajo,Muy bajo,Bajo
Amavida (Ávila),Muy bajo,Muy bajo,Muy bajo,Muy bajo,Muy bajo,Bajo,Bajo
Amayuelas de Arriba (Palencia),Muy bajo,Bajo,Bajo,Bajo,Bajo,Bajo,Moderado
Ambel (Zaragoza),Muy bajo,Muy bajo,Muy bajo,Muy bajo,Muy bajo,Muy bajo,Bajo
Ambite (Madrid),Muy bajo,Muy bajo,Muy bajo,Muy bajo,Muy bajo,Muy bajo,Muy bajo
Amer (Girona),Muy bajo,Muy bajo,Muy bajo,Muy bajo,Muy bajo,Muy bajo,Muy bajo
Ames (A Coruña),Bajo,Muy bajo,Muy bajo,Bajo,Bajo,Bajo,Bajo
Ameyugo (Burgos),Muy bajo,Bajo,Muy bajo,Muy bajo,Muy bajo,Muy bajo,Bajo
Amezketa (Guipúzcoa),Moderado,Alto,Muy bajo,Muy bajo,Muy bajo,Bajo,Moderado
Amieva (Asturias),Muy bajo,Bajo,Muy bajo,Muy bajo,Muy bajo,Bajo,Bajo
Amoeiro (Ourense),Bajo,Muy bajo,Muy bajo,Bajo,Bajo,Bajo,Bajo
Amorebieta-Etxano (Vizcaya),Muy bajo,Moderado,Muy bajo,Muy bajo,Muy bajo,Muy bajo,Bajo
Amoroto (Vizcaya),Muy bajo,Moderado,Muy bajo,Muy bajo,Muy bajo,Muy bajo,Bajo
Amposta (Tarragona),Muy bajo,Muy bajo,Muy bajo,Muy bajo,Muy bajo,Muy bajo,Muy bajo
Ampudia (Palencia),Muy bajo,Muy bajo,Bajo,Muy bajo,Bajo,Bajo,Bajo
Ampuero (Cantabria),Muy bajo,Muy bajo,Muy bajo,Muy bajo,Muy bajo,Bajo,Bajo
Amurrio (Álava),Bajo,Moderado,Muy bajo,Muy bajo,Muy bajo,Muy bajo,Bajo
Amusco (Palencia),Muy bajo,Muy bajo,Bajo,Bajo,Bajo,Bajo,Moderado
Amusquillo (Valladolid),Muy bajo,Muy bajo,Muy bajo,Muy bajo,Bajo,Bajo,Bajo
Améscoa Baja (Navarra),Bajo,Bajo,Muy bajo,Muy bajo,Muy bajo,Muy bajo,Bajo
Anadón (Teruel),Muy bajo,Muy bajo,Muy bajo,Muy bajo,Muy bajo,Muy bajo,Bajo
Anaya (Segovia),Muy bajo,Muy bajo,Muy bajo,Muy bajo,Muy bajo,Bajo,Bajo
Anaya de Alba (Salamanca),Muy bajo,Muy bajo,Muy bajo,Muy bajo,Bajo,Bajo,Bajo
Anchuelo (Madrid),Muy bajo,Muy bajo,Muy bajo,Muy bajo,Muy bajo,Muy bajo,Muy bajo
Anchuras (Ciudad Real),Muy bajo,Muy bajo,Muy bajo,Muy bajo,Muy bajo,Muy bajo,Muy bajo
Ancín/Antzin (Navarra),Muy bajo,Bajo,Muy bajo,Muy bajo,Muy bajo,Bajo,Bajo
Andavías (Zamora),Muy bajo,Muy bajo,Muy bajo,Muy bajo,Muy bajo,Muy bajo,Muy bajo
Andilla (Valencia),Muy bajo,Muy bajo,Muy bajo,Muy bajo,Muy bajo,Muy bajo,Muy bajo
Andoain (Guipúzcoa),Bajo,Moderado,Muy bajo,Muy bajo,Muy bajo,Bajo,Moderado
Andorra (Teruel),Muy bajo,Muy bajo,Muy bajo,Muy bajo,Muy bajo,Muy bajo,Muy bajo
Andosilla (Navarra),Bajo,Moderado,Muy bajo,Muy bajo,Bajo,Bajo,Bajo
Andratx (Baleares),Muy bajo,Muy bajo,Muy bajo,Muy bajo,Muy bajo,Muy bajo,Muy bajo
Andújar (Jaén),Muy bajo,Muy bajo,Muy bajo,Muy bajo,Muy bajo,Bajo,Bajo
Anento (Zaragoza),Muy bajo,Muy bajo,Muy bajo,Muy bajo,Muy bajo,Muy bajo,Muy bajo
Anglesola (Lleida),Muy bajo,Muy bajo,Muy bajo,Muy bajo,Muy bajo,Muy bajo,Muy bajo
Anglès (Girona),Muy bajo,Muy bajo,Muy bajo,Muy bajo,Muy bajo,Muy bajo,Muy bajo
Anguciana (La Rioja),Muy bajo,Bajo,Bajo,Muy bajo,Muy bajo,Muy bajo,Bajo
Anguiano (La Rioja),Muy bajo,Bajo,Bajo,Muy bajo,Muy bajo,Muy bajo,Bajo
Anguita (Guadalajara),Muy bajo,Muy bajo,Muy bajo,Muy bajo,Muy bajo,Muy bajo,Bajo
Anguix (Burgos),Muy bajo,Bajo,Muy bajo,Muy bajo,Bajo,Bajo,Bajo
Angón (Guadalajara),Muy bajo,Muy bajo,Muy bajo,Muy bajo,Muy bajo,Muy bajo,Muy bajo
Angüés (Huesca),Muy bajo,Muy bajo,Muy bajo,Muy bajo,Muy bajo,Muy bajo,Bajo
Anievas (Cantabria),Muy bajo,Bajo,Muy bajo,Muy bajo,Muy bajo,Muy bajo,Bajo
Aniñón (Zaragoza),Muy bajo,Muy bajo,Muy bajo,Muy bajo,Muy bajo,Muy bajo,Bajo
Anna (Valencia),Muy bajo,Muy bajo,Muy bajo,Muy bajo,Muy bajo,Muy bajo,Muy bajo
Anoeta (Guipúzcoa),Bajo,Moderado,Muy bajo,Muy bajo,Muy bajo,Bajo,Moderado
Anquela del Ducado (Guadalajara),Muy bajo,Muy bajo,Muy bajo,Muy bajo,Muy bajo,Bajo,Bajo
Anquela del Pedregal (Guadalajara),Muy bajo,Muy bajo,Muy bajo,Muy bajo,Muy bajo,Bajo,Bajo
Ansoáin/Antsoain (Navarra),Muy bajo,Bajo,Muy bajo,Muy bajo,Muy bajo,Muy bajo,Bajo
Ansó (Huesca),Muy bajo,Bajo,Muy bajo,Muy bajo,Muy bajo,Muy bajo,Moderado
Antas (Almería),Muy bajo,Muy bajo,Muy bajo,Muy bajo,Muy bajo,Muy bajo,Muy bajo
Antas de Ulla (Lugo),Bajo,Muy bajo,Muy bajo,Bajo,Bajo,Bajo,Bajo
Antella (Valencia),Muy bajo,Muy bajo,Muy bajo,Muy bajo,Muy bajo,Muy bajo,Muy bajo
Antequera (Málaga),Bajo,Muy bajo,Muy bajo,Muy bajo,Muy bajo,Bajo,Bajo
Antigua (Las Palmas),Muy bajo,Muy bajo,Muy bajo,Muy bajo,Muy bajo,Muy bajo,Muy bajo
Antigüedad (Palencia),Bajo,Bajo,Bajo,Bajo,Bajo,Bajo,Moderado
Antillón (Huesca),Muy bajo,Muy bajo,Muy bajo,Muy bajo,Muy bajo,Muy bajo,Bajo
Antzuola (Guipúzcoa),Bajo,Moderado,Muy bajo,Muy bajo,Muy bajo,Muy bajo,Moderado
Anue (Navarra),Bajo,Moderado,Muy bajo,Muy bajo,Muy bajo,Muy bajo,Bajo
Aoiz/Agoitz (Navarra),Muy bajo,Bajo,Muy bajo,Muy bajo,Muy bajo,Muy bajo,Bajo
Arabayona de Mógica (Salamanca),Muy bajo,Muy bajo,Muy bajo,Muy bajo,Muy bajo,Muy bajo,Muy bajo
Aracena (Huelva),Muy bajo,Muy bajo,Muy bajo,Muy bajo,Bajo,Bajo,Bajo
Arafo (Tenerife),Muy bajo,Muy bajo,Muy bajo,Muy bajo,Muy bajo,Muy bajo,Muy bajo
Aragüés del Puerto (Huesca),Bajo,Muy bajo,Muy bajo,Muy bajo,Muy bajo,Bajo,Moderado
Arahal (Sevilla),Moderado,Muy bajo,Muy bajo,Muy bajo,Bajo,Muy bajo,Bajo
Arahuetes (Segovia),Muy bajo,Muy bajo,Muy bajo,Muy bajo,Muy bajo,Bajo,Bajo
Araitz (Navarra),Moderado,Alto,Muy bajo,Muy bajo,Muy bajo,Bajo,Moderado
Arakaldo (Vizcaya),Bajo,Moderado,Muy bajo,Muy bajo,Muy bajo,Muy bajo,Bajo
Arakil (Navarra),Bajo,Moderado,Muy bajo,Muy bajo,Muy bajo,Muy bajo,Bajo
Arama (Guipúzcoa),Muy bajo,Muy bajo,Muy bajo,Muy bajo,Muy bajo,Muy bajo,Muy bajo
Aramaio (Álava),Bajo,Moderado,Muy bajo,Muy bajo,Muy bajo,Muy bajo,Bajo
Aranarache/Aranaratxe (Navarra),Bajo,Bajo,Muy bajo,Muy bajo,Muy bajo,Muy bajo,Bajo
Arancón (Soria),Muy bajo,Muy bajo,Muy bajo,Muy bajo,Muy bajo,Bajo,Bajo
Aranda de Duero (Burgos),Muy bajo,Muy bajo,Muy bajo,Muy bajo,Muy bajo,Muy bajo,Bajo
Aranda de Moncayo (Zaragoza),Muy bajo,Muy bajo,Muy bajo,Muy bajo,Muy bajo,Muy bajo,Bajo
Arandilla (Burgos),Muy bajo,Bajo,Muy bajo,Muy bajo,Muy bajo,Bajo,Bajo
Arandilla del Arroyo (Cuenca),Muy bajo,Muy bajo,Muy bajo,Muy bajo,Muy bajo,Muy bajo,Muy bajo
Aranga (A Coruña),Bajo,Bajo,Muy bajo,Bajo,Bajo,Bajo,Moderado
Aranguren (Navarra),Muy bajo,Bajo,Muy bajo,Muy bajo,Muy bajo,Muy bajo,Bajo
Aranjuez (Madrid),Muy bajo,Muy bajo,Muy bajo,Muy bajo,Muy bajo,Muy bajo,Muy bajo
Arano (Navarra),Bajo,Alto,Muy bajo,Muy bajo,Muy bajo,Bajo,Moderado
Arantza (Navarra),Bajo,Moderado,Muy bajo,Muy bajo,Muy bajo,Bajo,Moderado
Arantzazu (Vizcaya),Bajo,Moderado,Muy bajo,Muy bajo,Muy bajo,Muy bajo,Bajo
Aranzueque (Guadalajara),Muy bajo,Muy bajo,Muy bajo,Muy bajo,Muy bajo,Muy bajo,Muy bajo
Arapiles (Salamanca),Muy bajo,Muy bajo,Muy bajo,Muy bajo,Muy bajo,Bajo,Bajo
Aras (Navarra),Muy bajo,Bajo,Muy bajo,Muy bajo,Muy bajo,Muy bajo,Bajo
Aras de los Olmos (Valencia),Muy bajo,Muy bajo,Muy bajo,Muy bajo,Muy bajo,Muy bajo,Muy bajo
Arauzo de Miel (Burgos),Bajo,Bajo,Muy bajo,Muy bajo,Muy bajo,Bajo,Bajo
Arauzo de Salce (Burgos),Bajo,Bajo,Muy bajo,Muy bajo,Muy bajo,Bajo,Bajo
Arauzo de Torre (Burgos),Bajo,Bajo,Muy bajo,Muy bajo,Muy bajo,Bajo,Bajo
Arañuel (Castellón),Muy bajo,Muy bajo,Muy bajo,Muy bajo,Muy bajo,Muy bajo,Muy bajo
Arbancón (Guadalajara),Muy bajo,Muy bajo,Muy bajo,Muy bajo,Muy bajo,Muy bajo,Muy bajo
Arbeca (Lleida),Muy bajo,Muy bajo,Muy bajo,Muy bajo,Muy bajo,Muy bajo,Muy bajo
Arbeteta (Guadalajara),Muy bajo,Muy bajo,Muy bajo,Muy bajo,Muy bajo,Muy bajo,Bajo
Arbizu (Navarra),Moderado,Alto,Muy bajo,Muy bajo,Muy bajo,Muy bajo,Bajo
Arbo (Pontevedra),Moderado,Muy bajo,Muy bajo,Bajo,Bajo,Bajo,Bajo
Arboleas (Almería),Muy bajo,Muy bajo,Muy bajo,Muy bajo,Muy bajo,Muy bajo,Muy bajo
Arbolí (Tarragona),Muy bajo,Muy bajo,Muy bajo,Muy bajo,Muy bajo,Muy bajo,Muy bajo
Arbúcies (Girona),Muy bajo,Muy bajo,Muy bajo,Muy bajo,Muy bajo,Muy bajo,Bajo
Arcas (Cuenca),Muy bajo,Muy bajo,Muy bajo,Muy bajo,Muy bajo,Bajo,Bajo
Arce/Artzi (Navarra),Muy bajo,Bajo,Muy bajo,Muy bajo,Muy bajo,Muy bajo,Bajo
Arcediano (Salamanca),Muy bajo,Muy bajo,Muy bajo,Muy bajo,Muy bajo,Muy bajo,Bajo
Arcenillas (Zamora),Muy bajo,Muy bajo,Muy bajo,Muy bajo,Muy bajo,Bajo,Muy bajo
Archena (Murcia),Muy bajo,Muy bajo,Muy bajo,Muy bajo,Muy bajo,Muy bajo,Muy bajo
Archidona (Málaga),Bajo,Muy bajo,Muy bajo,Muy bajo,Muy bajo,Muy bajo,Muy bajo
Arcicóllar (Toledo),Muy bajo,Muy bajo,Muy bajo,Muy bajo,Muy bajo,Muy bajo,Muy bajo
Arconada (Palencia),Muy bajo,Bajo,Bajo,Muy bajo,Bajo,Bajo,Bajo
Arcones (Segovia),Bajo,Muy bajo,Muy bajo,Muy bajo,Muy bajo,Bajo,Bajo
Arcos (Burgos),Bajo,Bajo,Bajo,Bajo,Bajo,Bajo,Moderado
Arcos de Jalón (Soria),Muy bajo,Muy bajo,Muy bajo,Muy bajo,Muy bajo,Muy bajo,Bajo
Arcos de la Frontera (Cádiz),Alto,Muy bajo,Muy bajo,Bajo,Bajo,Bajo,Bajo
Arcos de la Polvorosa (Zamora),Muy bajo,Bajo,Muy bajo,Bajo,Bajo,Bajo,Bajo
Arcos de la Sierra (Cuenca),Muy bajo,Muy bajo,Muy bajo,Muy bajo,Muy bajo,Bajo,Bajo
Arcos de las Salinas (Teruel),Muy bajo,Muy bajo,Muy bajo,Muy bajo,Muy bajo,Muy bajo,Muy bajo
Ardales (Málaga),Muy bajo,Muy bajo,Muy bajo,Muy bajo,Muy bajo,Muy bajo,Muy bajo
Ardisa (Zaragoza),Muy bajo,Muy bajo,Muy bajo,Muy bajo,Muy bajo,Muy bajo,Bajo
Ardón (León),Muy bajo,Muy bajo,Muy bajo,Muy bajo,Muy bajo,Muy bajo,Bajo
Areatza (Vizcaya),Bajo,Moderado,Muy bajo,Muy bajo,Muy bajo,Muy bajo,Bajo
Arellano (Navarra),Bajo,Moderado,Muy bajo,Muy bajo,Muy bajo,Bajo,Bajo
Arenales de San Gregorio (Ciudad Real),Muy bajo,Muy bajo,Muy bajo,Muy bajo,Muy bajo,Muy bajo,Muy bajo
Arenas (Málaga),Muy bajo,Muy bajo,Muy bajo,Muy bajo,Muy bajo,Muy bajo,Bajo
Arenas de Iguña (Cantabria),Muy bajo,Muy bajo,Muy bajo,Muy bajo,Muy bajo,Muy bajo,Bajo
Arenas de San Juan (Ciudad Real),Muy bajo,Muy bajo,Muy bajo,Muy bajo,Muy bajo,Muy bajo,Muy bajo
Arenas de San Pedro (Ávila),Muy bajo,Muy bajo,Muy bajo,Muy bajo,Muy bajo,Muy bajo,Muy bajo
Arenas del Rey (Granada),Muy bajo,Muy bajo,Muy bajo,Muy bajo,Muy bajo,Muy bajo,Muy bajo
Arenillas (Soria),Muy bajo,Muy bajo,Muy bajo,Bajo,Bajo,Bajo,Bajo
Arenillas de Riopisuerga (Burgos),Muy bajo,Bajo,Muy bajo,Muy bajo,Muy bajo,Bajo,Bajo
Arens de Lledó (Teruel),Muy bajo,Muy bajo,Muy bajo,Muy bajo,Muy bajo,Muy bajo,Muy bajo
Arenys de Mar (Barcelona),Muy bajo,Muy bajo,Muy bajo,Muy bajo,Muy bajo,Muy bajo,Muy bajo
Arenys de Munt (Barcelona),Muy bajo,Muy bajo,Muy bajo,Muy bajo,Muy bajo,Muy bajo,Muy bajo
Arenzana de Abajo (La Rioja),Bajo,Bajo,Muy bajo,Muy bajo,Muy bajo,Muy bajo,Bajo
Arenzana de Arriba (La Rioja),Bajo,Bajo,Muy bajo,Muy bajo,Muy bajo,Muy bajo,Bajo
Ares (A Coruña),Muy bajo,Muy bajo,Muy bajo,Muy bajo,Muy bajo,Muy bajo,Muy bajo
Ares del Maestrat (Castellón),Muy bajo,Muy bajo,Muy bajo,Muy bajo,Muy bajo,Muy bajo,Muy bajo
Areso (Navarra),Moderado,Alto,Muy bajo,Muy bajo,Muy bajo,Bajo,Moderado
Aretxabaleta (Guipúzcoa),Bajo,Moderado,Muy bajo,Muy bajo,Muy bajo,Muy bajo,Bajo
Arevalillo (Ávila),Muy bajo,Muy bajo,Muy bajo,Muy bajo,Bajo,Bajo,Bajo
Arevalillo de Cega (Segovia),Muy bajo,Muy bajo,Muy bajo,Muy bajo,Muy bajo,Bajo,Bajo
Argamasilla de Alba (Ciudad Real),Muy bajo,Muy bajo,Muy bajo,Muy bajo,Muy bajo,Muy bajo,Muy bajo
Argamasilla de Calatrava (Ciudad Real),Muy bajo,Muy bajo,Muy bajo,Muy bajo,Muy bajo,Muy bajo,Muy bajo
Arganda del Rey (Madrid),Muy bajo,Muy bajo,Muy bajo,Muy bajo,Muy bajo,Muy bajo,Muy bajo
Arganza (León),Muy bajo,Muy bajo,Muy bajo,Muy bajo,Muy bajo,Muy bajo,Bajo
Argavieso (Huesca),Muy bajo,Muy bajo,Muy bajo,Muy bajo,Muy bajo,Muy bajo,Bajo
Argañín (Zamora),Muy bajo,Muy bajo,Muy bajo,Muy bajo,Muy bajo,Bajo,Bajo
Argecilla (Guadalajara),Muy bajo,Muy bajo,Muy bajo,Muy bajo,Muy bajo,Muy bajo,Muy bajo
Argelaguer (Girona),Muy bajo,Muy bajo,Muy bajo,Muy bajo,Muy bajo,Muy bajo,Muy bajo
Argelita (Castellón),Muy bajo,Muy bajo,Muy bajo,Muy bajo,Muy bajo,Muy bajo,Muy bajo
Argente (Teruel),Muy bajo,Muy bajo,Muy bajo,Muy bajo,Muy bajo,Muy bajo,Bajo
Argentona (Barcelona),Muy bajo,Muy bajo,Muy bajo,Muy bajo,Muy bajo,Muy bajo,Muy bajo
Argençola (Barcelona),Muy bajo,Muy bajo,Muy bajo,Muy bajo,Muy bajo,Muy bajo,Muy bajo
Argoños (Cantabria),Muy bajo,Muy bajo,Muy bajo,Muy bajo,Muy bajo,Muy bajo,Muy bajo
Arguedas (Navarra),Muy bajo,Muy bajo,Muy bajo,Muy bajo,Muy bajo,Muy bajo,Bajo
Arguis (Huesca),Muy bajo,Muy bajo,Muy bajo,Muy bajo,Muy bajo,Muy bajo,Bajo
Arguisuelas (Cuenca),Muy bajo,Muy bajo,Muy bajo,Muy bajo,Muy bajo,Muy bajo,Muy bajo
Argujillo (Zamora),Muy bajo,Muy bajo,Muy bajo,Muy bajo,Muy bajo,Bajo,Bajo
Argés (Toledo),Muy bajo,Muy bajo,Muy bajo,Muy bajo,Muy bajo,Muy bajo,Muy bajo
Aria (Navarra),Muy bajo,Bajo,Muy bajo,Muy bajo,Muy bajo,Muy bajo,Moderado
Ariany (Baleares),Muy bajo,Muy bajo,Bajo,Muy bajo,Muy bajo,Muy bajo,Muy bajo
Aribe (Navarra),Muy bajo,Bajo,Muy bajo,Muy bajo,Muy bajo,Muy bajo,Bajo
Arico (Tenerife),Muy bajo,Muy bajo,Muy bajo,Muy bajo,Muy bajo,Muy bajo,Muy bajo
Arija (Burgos),Muy bajo,Muy bajo,Muy bajo,Muy bajo,Muy bajo,Muy bajo,Muy bajo
Ariza (Zaragoza),Muy bajo,Muy bajo,Muy bajo,Muy bajo,Muy bajo,Bajo,Bajo
Ariño (Teruel),Muy bajo,Muy bajo,Muy bajo,Muy bajo,Muy bajo,Muy bajo,Bajo
Arjona (Jaén),Muy bajo,Muy bajo,Muy bajo,Muy bajo,Bajo,Bajo,Muy bajo
Arjonilla (Jaén),Muy bajo,Muy bajo,Muy bajo,Muy bajo,Bajo,Bajo,Muy bajo
Arlanzón (Burgos),Muy bajo,Bajo,Bajo,Muy bajo,Muy bajo,Bajo,Moderado
Armallones (Guadalajara),Muy bajo,Muy bajo,Muy bajo,Muy bajo,Muy bajo,Bajo,Bajo
Armañanzas (Navarra),Bajo,Bajo,Muy bajo,Muy bajo,Muy bajo,Muy bajo,Bajo
Armenteros (Salamanca),Muy bajo,Muy bajo,Muy bajo,Muy bajo,Bajo,Bajo,Bajo
Armilla (Granada),Muy bajo,Muy bajo,Muy bajo,Muy bajo,Muy bajo,Muy bajo,Muy bajo
Armiñón (Álava),Muy bajo,Bajo,Muy bajo,Muy bajo,Muy bajo,Bajo,Bajo
Armuña (Segovia),Muy bajo,Muy bajo,Muy bajo,Muy bajo,Muy bajo,Bajo,Bajo
Armuña de Almanzora (Almería),Muy bajo,Muy bajo,Muy bajo,Muy bajo,Muy bajo,Muy bajo,Muy bajo
Armuña de Tajuña (Guadalajara),Muy bajo,Muy bajo,Muy bajo,Muy bajo,Muy bajo,Muy bajo,Muy bajo
Arnedillo (La Rioja),Muy bajo,Bajo,Muy bajo,Muy bajo,Muy bajo,Bajo,Bajo
Arnedo (La Rioja),Muy bajo,Bajo,Muy bajo,Muy bajo,Bajo,Bajo,Bajo
Arnes (Tarragona),Muy bajo,Muy bajo,Muy bajo,Muy bajo,Muy bajo,Muy bajo,Muy bajo
Arnuero (Cantabria),Muy bajo,Muy bajo,Muy bajo,Muy bajo,Muy bajo,Bajo,Bajo
Aroche (Huelva),Muy bajo,Muy bajo,Muy bajo,Muy bajo,Bajo,Bajo,Bajo
Arona (Tenerife),Moderado,Moderado,Muy bajo,Muy bajo,Muy bajo,Muy bajo,Muy bajo
Arquillinos (Zamora),Muy bajo,Muy bajo,Muy bajo,Muy bajo,Bajo,Bajo,Bajo
Arquillos (Jaén),Muy bajo,Muy bajo,Muy bajo,Muy bajo,Bajo,Muy bajo,Muy bajo
Arrabalde (Zamora),Muy bajo,Muy bajo,Muy bajo,Muy bajo,Muy bajo,Bajo,Bajo
Arraia-Maeztu (Álava),Bajo,Bajo,Muy bajo,Muy bajo,Muy bajo,Muy bajo,Bajo
Arrancacepas (Cuenca),Muy bajo,Muy bajo,Muy bajo,Muy bajo,Muy bajo,Muy bajo,Muy bajo
Arrankudiaga-Zollo (Vizcaya),Bajo,Moderado,Muy bajo,Muy bajo,Muy bajo,Muy bajo,Bajo
Arrasate/Mondragón (Guipúzcoa),Bajo,Moderado,Muy bajo,Muy bajo,Muy bajo,Muy bajo,Bajo
Arratzu (Vizcaya),Muy bajo,Moderado,Muy bajo,Muy bajo,Muy bajo,Bajo,Bajo
Arratzua-Ubarrundia (Álava),Bajo,Moderado,Muy bajo,Muy bajo,Muy bajo,Muy bajo,Bajo
Arraya de Oca (Burgos),Muy bajo,Bajo,Bajo,Muy bajo,Muy bajo,Bajo,Moderado
Arrecife (Las Palmas),Muy bajo,Muy bajo,Muy bajo,Muy bajo,Muy bajo,Muy bajo,Muy bajo
Arredondo (Cantabria),Muy bajo,Bajo,Muy bajo,Muy bajo,Muy bajo,Bajo,Bajo
Arres (Lleida),Bajo,Bajo,Muy bajo,Muy bajo,Muy bajo,Bajo,Moderado
Arriate (Málaga),Bajo,Muy bajo,Muy bajo,Muy bajo,Bajo,Bajo,Bajo
Arrieta (Vizcaya),Muy bajo,Bajo,Muy bajo,Muy bajo,Muy bajo,Bajo,Bajo
Arrigorriaga (Vizcaya),Bajo,Moderado,Muy bajo,Muy bajo,Muy bajo,Muy bajo,Bajo
Arroba de los Montes (Ciudad Real),Muy bajo,Muy bajo,Muy bajo,Muy bajo,Muy bajo,Muy bajo,Muy bajo
Arroyo de San Serván (Badajoz),Muy bajo,Muy bajo,Muy bajo,Muy bajo,Muy bajo,Muy bajo,Muy bajo
Arroyo de la Encomienda (Valladolid),Muy bajo,Muy bajo,Muy bajo,Muy bajo,Bajo,Bajo,Bajo
Arroyo de la Luz (Cáceres),Muy bajo,Muy bajo,Muy bajo,Muy bajo,Muy bajo,Bajo,Bajo
Arroyo de las Fraguas (Guadalajara),Muy bajo,Muy bajo,Muy bajo,Muy bajo,Muy bajo,Bajo,Bajo
Arroyo del Ojanco (Jaén),Muy bajo,Bajo,Muy bajo,Muy bajo,Muy bajo,Muy bajo,Muy bajo
Arroyomolinos (Cáceres),Muy bajo,Muy bajo,Muy bajo,Muy bajo,Muy bajo,Bajo,Bajo
Arroyomolinos (Madrid),Muy bajo,Muy bajo,Muy bajo,Muy bajo,Muy bajo,Muy bajo,Muy bajo
Arroyomolinos de León (Huelva),Muy bajo,Muy bajo,Muy bajo,Muy bajo,Bajo,Muy bajo,Bajo
Arroyomolinos de la Vera (Cáceres),Muy bajo,Muy bajo,Muy bajo,Muy bajo,Muy bajo,Bajo,Bajo
Arruazu (Navarra),Bajo,Moderado,Muy bajo,Muy bajo,Muy bajo,Muy bajo,Bajo
Arróniz (Navarra),Bajo,Moderado,Muy bajo,Muy bajo,Bajo,Bajo,Bajo
Arrúbal (La Rioja),Bajo,Bajo,Muy bajo,Muy bajo,Muy bajo,Muy bajo,Bajo
Arsèguel (Lleida),Muy bajo,Muy bajo,Muy bajo,Muy bajo,Bajo,Bajo,Moderado
Artajona (Navarra),Muy bajo,Bajo,Muy bajo,Muy bajo,Muy bajo,Muy bajo,Bajo
Artana (Castellón),Muy bajo,Muy bajo,Muy bajo,Muy bajo,Bajo,Muy bajo,Muy bajo
Artazu (Navarra),Muy bajo,Bajo,Muy bajo,Muy bajo,Muy bajo,Muy bajo,Bajo
Artea (Vizcaya),Bajo,Moderado,Muy bajo,Muy bajo,Muy bajo,Muy bajo,Bajo
Arteixo (A Coruña),Bajo,Muy bajo,Muy bajo,Muy bajo,Muy bajo,Bajo,Bajo
Artenara (Las Palmas),Bajo,Muy bajo,Muy bajo,Muy bajo,Muy bajo,Muy bajo,Muy bajo
Artesa de Lleida (Lleida),Muy bajo,Muy bajo,Muy bajo,Muy bajo,Muy bajo,Muy bajo,Muy bajo
Artesa de Segre (Lleida),Muy bajo,Muy bajo,Muy bajo,Muy bajo,Muy bajo,Muy bajo,Bajo
Artieda (Zaragoza),Muy bajo,Bajo,Muy bajo,Muy bajo,Muy bajo,Muy bajo,Bajo
Artzentales (Vizcaya),Muy bajo,Bajo,Muy bajo,Muy bajo,Muy bajo,Muy bajo,Bajo
Artziniega (Álava),Muy bajo,Bajo,Muy bajo,Muy bajo,Muy bajo,Muy bajo,Bajo
Artà (Baleares),Muy bajo,Muy bajo,Bajo,Muy bajo,Muy bajo,Muy bajo,Muy bajo
Artés (Barcelona),Muy bajo,Muy bajo,Muy bajo,Muy bajo,Muy bajo,Muy bajo,Muy bajo
Arucas (Las Palmas),Bajo,Muy bajo,Muy bajo,Muy bajo,Muy bajo,Muy bajo,Muy bajo
Arzúa (A Coruña),Moderado,Muy bajo,Muy bajo,Bajo,Bajo,Bajo,Moderado
Arándiga (Zaragoza),Muy bajo,Muy bajo,Muy bajo,Muy bajo,Muy bajo,Muy bajo,Muy bajo
Arén (Huesca),Muy bajo,Muy bajo,Muy bajo,Muy bajo,Muy bajo,Bajo,Bajo
Arévalo (Ávila),Muy bajo,Muy bajo,Muy bajo,Muy bajo,Muy bajo,Muy bajo,Bajo
Arévalo de la Sierra (Soria),Muy bajo,Bajo,Muy bajo,Muy bajo,Muy bajo,Bajo,Bajo
As Neves (Pontevedra),Bajo,Muy bajo,Muy bajo,Bajo,Bajo,Bajo,Bajo
As Nogais (Lugo),Bajo,Bajo,Muy bajo,Muy bajo,Bajo,Bajo,Moderado
As Pontes de García Rodríguez (A Coruña),Bajo,Muy bajo,Muy bajo,Muy bajo,Bajo,Bajo,Bajo
As Somozas (A Coruña),Bajo,Muy bajo,Muy bajo,Muy bajo,Bajo,Bajo,Bajo
Ascó (Tarragona),Muy bajo,Muy bajo,Muy bajo,Muy bajo,Muy bajo,Muy bajo,Muy bajo
Aspa (Lleida),Muy bajo,Muy bajo,Muy bajo,Muy bajo,Muy bajo,Muy bajo,Muy bajo
Aspariegos (Zamora),Muy bajo,Muy bajo,Muy bajo,Muy bajo,Muy bajo,Bajo,Bajo
Asparrena (Álava),Bajo,Moderado,Muy bajo,Muy bajo,Muy bajo,Muy bajo,Bajo
Aspe (Alicante),Muy bajo,Muy bajo,Muy bajo,Muy bajo,Muy bajo,Muy bajo,Muy bajo
Asteasu (Guipúzcoa),Bajo,Moderado,Muy bajo,Muy bajo,Muy bajo,Bajo,Moderado
Astigarraga (Guipúzcoa),Bajo,Moderado,Muy bajo,Muy bajo,Muy bajo,Bajo,Moderado
Astorga (León),Bajo,Bajo,Muy bajo,Muy bajo,Muy bajo,Bajo,Bajo
Astudillo (Palencia),Muy bajo,Bajo,Bajo,Muy bajo,Bajo,Bajo,Moderado
Asturianos (Zamora),Muy bajo,Muy bajo,Muy bajo,Muy bajo,Muy bajo,Bajo,Bajo
Asín (Zaragoza),Muy bajo,Muy bajo,Muy bajo,Muy bajo,Muy bajo,Muy bajo,Bajo
Atajate (Málaga),Muy bajo,Muy bajo,Muy bajo,Muy bajo,Bajo,Bajo,Bajo
Atalaya (Badajoz),Muy bajo,Muy bajo,Muy bajo,Muy bajo,Bajo,Muy bajo,Muy bajo
Atalaya del Cañavate (Cuenca),Muy bajo,Muy bajo,Muy bajo,Muy bajo,Muy bajo,Bajo,Bajo
Atanzón (Guadalajara),Muy bajo,Muy bajo,Muy bajo,Muy bajo,Muy bajo,Muy bajo,Muy bajo
Atapuerca (Burgos),Muy bajo,Bajo,Bajo,Muy bajo,Bajo,Bajo,Moderado
Ataquines (Valladolid),Muy bajo,Muy bajo,Muy bajo,Muy bajo,Muy bajo,Muy bajo,Bajo
Atarfe (Granada),Bajo,Muy bajo,Muy bajo,Muy bajo,Muy bajo,Muy bajo,Muy bajo
Ataun (Guipúzcoa),Moderado,Alto,Muy bajo,Muy bajo,Muy bajo,Bajo,Moderado
Atea (Zaragoza),Muy bajo,Muy bajo,Muy bajo,Muy bajo,Muy bajo,Muy bajo,Muy bajo
Ateca (Zaragoza),Muy bajo,Muy bajo,Muy bajo,Muy bajo,Muy bajo,Muy bajo,Muy bajo
Atetz (Navarra),Bajo,Moderado,Muy bajo,Muy bajo,Muy bajo,Muy bajo,Bajo
Atienza (Guadalajara),Muy bajo,Muy bajo,Muy bajo,Muy bajo,Muy bajo,Bajo,Bajo
Atxondo (Vizcaya),Bajo,Moderado,Muy bajo,Muy bajo,Muy bajo,Muy bajo,Bajo
Atzeneta d'Albaida (Valencia),Muy bajo,Muy bajo,Muy bajo,Muy bajo,Muy bajo,Muy bajo,Muy bajo
Atzeneta del Maestrat (Castellón),Muy bajo,Muy bajo,Muy bajo,Muy bajo,Muy bajo,Muy bajo,Muy bajo
Aulesti (Vizcaya),Bajo,Moderado,Muy bajo,Muy bajo,Muy bajo,Muy bajo,Bajo
Auritz/Burguete (Navarra),Muy bajo,Bajo,Muy bajo,Muy bajo,Muy bajo,Muy bajo,Moderado
Ausejo (La Rioja),Bajo,Moderado,Muy bajo,Muy bajo,Bajo,Bajo,Bajo
Ausejo de la Sierra (Soria),Muy bajo,Muy bajo,Muy bajo,Muy bajo,Muy bajo,Bajo,Bajo
Autilla del Pino (Palencia),Muy bajo,Muy bajo,Muy bajo,Muy bajo,Bajo,Bajo,Bajo
Autillo de Campos (Palencia),Muy bajo,Bajo,Bajo,Muy bajo,Bajo,Bajo,Bajo
Autol (La Rioja),Bajo,Moderado,Muy bajo,Muy bajo,Bajo,Bajo,Bajo
Auñón (Guadalajara),Muy bajo,Muy bajo,Muy bajo,Muy bajo,Muy bajo,Muy bajo,Muy bajo
Aveinte (Ávila),Muy bajo,Muy bajo,Muy bajo,Muy bajo,Muy bajo,Muy bajo,Bajo
Avellaneda (Ávila),Muy bajo,Muy bajo,Muy bajo,Muy bajo,Bajo,Bajo,Bajo
Avellanosa de Muñó (Burgos),Bajo,Bajo,Bajo,Bajo,Bajo,Bajo,Bajo
Avilés (Asturias),Muy bajo,Muy bajo,Muy bajo,Muy bajo,Muy bajo,Muy bajo,Muy bajo
Avinyonet de Puigventós (Girona),Muy bajo,Muy bajo,Muy bajo,Muy bajo,Muy bajo,Muy bajo,Muy bajo
Avinyonet del Penedès (Barcelona),Muy bajo,Muy bajo,Muy bajo,Muy bajo,Muy bajo,Muy bajo,Muy bajo
Avinyó (Barcelona),Muy bajo,Muy bajo,Muy bajo,Muy bajo,Muy bajo,Muy bajo,Muy bajo
Avià (Barcelona),Muy bajo,Muy bajo,Muy bajo,Muy bajo,Muy bajo,Muy bajo,Bajo
Avión (Ourense),Bajo,Bajo,Muy bajo,Bajo,Bajo,Bajo,Moderado
Ayala/Aiara (Álava),Muy bajo,Moderado,Muy bajo,Muy bajo,Muy bajo,Muy bajo,Bajo
Ayamonte (Huelva),Muy bajo,Muy bajo,Muy bajo,Bajo,Moderado,Bajo,Bajo
Ayegui/Aiegi (Navarra),Muy bajo,Bajo,Muy bajo,Muy bajo,Muy bajo,Muy bajo,Bajo
Ayerbe (Huesca),Muy bajo,Muy bajo,Muy bajo,Muy bajo,Muy bajo,Muy bajo,Bajo
Ayllón (Segovia),Muy bajo,Muy bajo,Muy bajo,Muy bajo,Muy bajo,Bajo,Bajo
Ayna (Albacete),Muy bajo,Muy bajo,Muy bajo,Muy bajo,Muy bajo,Muy bajo,Muy bajo
Ayora (Valencia),Muy bajo,Muy bajo,Muy bajo,Muy bajo,Muy bajo,Muy bajo,Muy bajo
Ayoó de Vidriales (Zamora),Bajo,Bajo,Muy bajo,Muy bajo,Muy bajo,Bajo,Bajo
Ayuela (Palencia),Muy bajo,Muy bajo,Muy bajo,Muy bajo,Muy bajo,Bajo,Bajo
Ayódar (Castellón),Muy bajo,Muy bajo,Muy bajo,Muy bajo,Muy bajo,Muy bajo,Muy bajo
Azagra (Navarra),Bajo,Moderado,Muy bajo,Muy bajo,Bajo,Bajo,Bajo
Azaila (Teruel),Muy bajo,Muy bajo,Muy bajo,Bajo,Bajo,Muy bajo,Muy bajo
Azanuy-Alins (Huesca),Muy bajo,Muy bajo,Muy bajo,Muy bajo,Muy bajo,Muy bajo,Bajo
Azara (Huesca),Muy bajo,Muy bajo,Muy bajo,Muy bajo,Muy bajo,Bajo,Bajo
Azkoitia (Guipúzcoa),Bajo,Alto,Muy bajo,Muy bajo,Muy bajo,Bajo,Moderado
Azlor (Huesca),Bajo,Muy bajo,Muy bajo,Muy bajo,Muy bajo,Bajo,Bajo
Aznalcázar (Sevilla),Bajo,Bajo,Muy bajo,Bajo,Moderado,Bajo,Bajo
Aznalcóllar (Sevilla),Bajo,Muy bajo,Muy bajo,Bajo,Moderado,Moderado,Bajo
Azofra (La Rioja),Muy bajo,Bajo,Muy bajo,Muy bajo,Muy bajo,Muy bajo,Bajo
Azpeitia (Guipúzcoa),Bajo,Moderado,Muy bajo,Muy bajo,Muy bajo,Muy bajo,Moderado
Azuaga (Badajoz),Muy bajo,Muy bajo,Muy bajo,Muy bajo,Muy bajo,Muy bajo,Muy bajo
Azuara (Zaragoza),Muy bajo,Muy bajo,Muy bajo,Muy bajo,Muy bajo,Muy bajo,Muy bajo
Azuelo (Navarra),Muy bajo,Bajo,Muy bajo,Muy bajo,Muy bajo,Muy bajo,Bajo
Azuqueca de Henares (Guadalajara),Muy bajo,Muy bajo,Muy bajo,Muy bajo,Muy bajo,Muy bajo,Muy bajo
Azután (Toledo),Muy bajo,Muy bajo,Muy bajo,Muy bajo,Muy bajo,Muy bajo,Muy bajo
Azuébar (Castellón),Muy bajo,Muy bajo,Muy bajo,Muy bajo,Muy bajo,Muy bajo,Muy bajo
Aín (Castellón),Muy bajo,Muy bajo,Muy bajo,Muy bajo,Muy bajo,Muy bajo,Muy bajo
Aínsa-Sobrarbe (Huesca),Muy bajo,Muy bajo,Muy bajo,Muy bajo,Muy bajo,Bajo,Bajo
Añana (Álava),Muy bajo,Bajo,Muy bajo,Muy bajo,Muy bajo,Muy bajo,Bajo
Añe (Segovia),Muy bajo,Muy bajo,Muy bajo,Muy bajo,Muy bajo,Bajo,Bajo
Añora (Córdoba),Muy bajo,Muy bajo,Muy bajo,Muy bajo,Muy bajo,Bajo,Bajo
Añorbe (Navarra),Muy bajo,Bajo,Muy bajo,Muy bajo,Muy bajo,Muy bajo,Bajo
Añover de Tajo (Toledo),Muy bajo,Muy bajo,Muy bajo,Muy bajo,Muy bajo,Muy bajo,Muy bajo
Añover de Tormes (Salamanca),Muy bajo,Muy bajo,Muy bajo,Muy bajo,Bajo,Bajo,Bajo
Añón de Moncayo (Zaragoza),Muy bajo,Muy bajo,Muy bajo,Muy bajo,Muy bajo,Muy bajo,Bajo
Babilafuente (Salamanca),Muy bajo,Muy bajo,Muy bajo,Muy bajo,Muy bajo,Muy bajo,Bajo
Bacares (Almería),Muy bajo,Muy bajo,Muy bajo,Muy bajo,Muy bajo,Muy bajo,Muy bajo
Badajoz (Badajoz),Muy bajo,Muy bajo,Muy bajo,Muy bajo,Muy bajo,Bajo,Bajo
Badalona (Barcelona),Muy bajo,Muy bajo,Muy bajo,Muy bajo,Muy bajo,Muy bajo,Muy bajo
Badarán (La Rioja),Bajo,Bajo,Muy bajo,Muy bajo,Muy bajo,Muy bajo,Bajo
Badia del Vallès (Barcelona),Muy bajo,Muy bajo,Muy bajo,Muy bajo,Muy bajo,Muy bajo,Muy bajo
Badolatosa (Sevilla),Muy bajo,Muy bajo,Muy bajo,Muy bajo,Muy bajo,Muy bajo,Muy bajo
Badules (Zaragoza),Muy bajo,Muy bajo,Muy bajo,Muy bajo,Muy bajo,Muy bajo,Muy bajo
Baena (Córdoba),Muy bajo,Muy bajo,Muy bajo,Muy bajo,Muy bajo,Muy bajo,Muy bajo
Baeza (Jaén),Muy bajo,Muy bajo,Muy bajo,Muy bajo,Muy bajo,Muy bajo,Muy bajo
Bagà (Barcelona),Muy bajo,Muy bajo,Muy bajo,Muy bajo,Muy bajo,Bajo,Bajo
Bagüés (Zaragoza),Muy bajo,Bajo,Muy bajo,Muy bajo,Muy bajo,Muy bajo,Bajo
Bahabón (Valladolid),Muy bajo,Muy bajo,Muy bajo,Muy bajo,Muy bajo,Bajo,Bajo
Bahabón de Esgueva (Burgos),Bajo,Bajo,Muy bajo,Bajo,Bajo,Bajo,Bajo
Baides (Guadalajara),Muy bajo,Muy bajo,Muy bajo,Muy bajo,Muy bajo,Muy bajo,Muy bajo
Bailo (Huesca),Muy bajo,Bajo,Muy bajo,Muy bajo,Muy bajo,Bajo,Bajo
Bailén (Jaén),Muy bajo,Muy bajo,Muy bajo,Muy bajo,Muy bajo,Muy bajo,Muy bajo
Baiona (Pontevedra),Moderado,Muy bajo,Bajo,Moderado,Bajo,Bajo,Moderado
Baix Pallars (Lleida),Muy bajo,Muy bajo,Muy bajo,Muy bajo,Muy bajo,Bajo,Moderado
Bakaiku (Navarra),Bajo,Moderado,Muy bajo,Muy bajo,Muy bajo,Muy bajo,Bajo
Bakio (Vizcaya),Bajo,Bajo,Muy bajo,Muy bajo,Muy bajo,Bajo,Bajo
Balaguer (Lleida),Muy bajo,Muy bajo,Muy bajo,Muy bajo,Muy bajo,Muy bajo,Muy bajo
Balanegra (Almería),Muy bajo,Muy bajo,Muy bajo,Muy bajo,Muy bajo,Bajo,Bajo
Balazote (Albacete),Muy bajo,Bajo,Muy bajo,Muy bajo,Bajo,Bajo,Bajo
Balboa (León),Bajo,Bajo,Muy bajo,Muy bajo,Muy bajo,Bajo,Bajo
Balconchán (Zaragoza),Muy bajo,Muy bajo,Muy bajo,Muy bajo,Muy bajo,Muy bajo,Muy bajo
Baldellou (Huesca),Muy bajo,Muy bajo,Muy bajo,Muy bajo,Muy bajo,Muy bajo,Bajo
Baleira (Lugo),Bajo,Muy bajo,Muy bajo,Muy bajo,Muy bajo,Bajo,Bajo
Balenyà (Barcelona),Muy bajo,Muy bajo,Muy bajo,Muy bajo,Muy bajo,Muy bajo,Bajo
Baliarrain (Guipúzcoa),Bajo,Alto,Muy bajo,Muy bajo,Muy bajo,Bajo,Moderado
Ballesteros de Calatrava (Ciudad Real),Muy bajo,Muy bajo,Muy bajo,Muy bajo,Muy bajo,Muy bajo,Muy bajo
Ballobar (Huesca),Muy bajo,Muy bajo,Muy bajo,Bajo,Bajo,Muy bajo,Bajo
Balmaseda (Vizcaya),Muy bajo,Bajo,Muy bajo,Muy bajo,Muy bajo,Muy bajo,Bajo
Balones (Alicante),Muy bajo,Muy bajo,Muy bajo,Muy bajo,Muy bajo,Muy bajo,Muy bajo
Balsa de Ves (Albacete),Muy bajo,Muy bajo,Muy bajo,Muy bajo,Muy bajo,Muy bajo,Muy bajo
Balsareny (Barcelona),Muy bajo,Muy bajo,Muy bajo,Muy bajo,Muy bajo,Muy bajo,Muy bajo
Baltanás (Palencia),Bajo,Bajo,Bajo,Bajo,Bajo,Bajo,Moderado
Baltar (Ourense),Bajo,Muy bajo,Muy bajo,Muy bajo,Muy bajo,Bajo,Bajo
Banastás (Huesca),Muy bajo,Muy bajo,Muy bajo,Muy bajo,Muy bajo,Muy bajo,Bajo
Bande (Ourense),Bajo,Muy bajo,Muy bajo,Muy bajo,Muy bajo,Bajo,Bajo
Banyalbufar (Baleares),Muy bajo,Muy bajo,Muy bajo,Muy bajo,Muy bajo,Muy bajo,Muy bajo
Banyeres de Mariola (Alicante),Muy bajo,Muy bajo,Muy bajo,Muy bajo,Muy bajo,Muy bajo,Muy bajo
Banyeres del Penedès (Tarragona),Muy bajo,Muy bajo,Muy bajo,Muy bajo,Muy bajo,Muy bajo,Muy bajo
Banyoles (Girona),Muy bajo,Muy bajo,Muy bajo,Muy bajo,Muy bajo,Muy bajo,Muy bajo
Baquerín de Campos (Palencia),Muy bajo,Muy bajo,Bajo,Muy bajo,Bajo,Bajo,Bajo
Barajas de Melo (Cuenca),Muy bajo,Muy bajo,Muy bajo,Muy bajo,Muy bajo,Muy bajo,Muy bajo
Barakaldo (Vizcaya),Muy bajo,Bajo,Muy bajo,Muy bajo,Muy bajo,Muy bajo,Bajo
Baralla (Lugo),Bajo,Muy bajo,Muy bajo,Muy bajo,Muy bajo,Bajo,Moderado
Baraona (Soria),Muy bajo,Muy bajo,Muy bajo,Muy bajo,Muy bajo,Bajo,Bajo
Barañáin/Barañain (Navarra),Muy bajo,Muy bajo,Muy bajo,Muy bajo,Muy bajo,Muy bajo,Muy bajo
Barbadillo (Salamanca),Muy bajo,Muy bajo,Muy bajo,Muy bajo,Bajo,Bajo,Bajo
Barbadillo de Herreros (Burgos),Bajo,Bajo,Muy bajo,Muy bajo,Muy bajo,Muy bajo,Bajo
Barbadillo del Mercado (Burgos),Bajo,Bajo,Muy bajo,Bajo,Bajo,Bajo,Moderado
Barbadillo del Pez (Burgos),Bajo,Bajo,Muy bajo,Muy bajo,Muy bajo,Bajo,Moderado
Barbadás (Ourense),Bajo,Muy bajo,Muy bajo,Muy bajo,Bajo,Bajo,Bajo
Barbalos (Salamanca),Muy bajo,Muy bajo,Muy bajo,Muy bajo,Bajo,Bajo,Bajo
Barbarin (Navarra),Bajo,Bajo,Muy bajo,Muy bajo,Bajo,Bajo,Bajo
Barbastro (Huesca),Muy bajo,Muy bajo,Muy bajo,Muy bajo,Muy bajo,Bajo,Bajo
Barbate (Cádiz),Moderado,Muy bajo,Muy bajo,Muy bajo,Bajo,Moderado,Muy bajo
Barbens (Lleida),Muy bajo,Muy bajo,Muy bajo,Muy bajo,Muy bajo,Muy bajo,Muy bajo
Barberà de la Conca (Tarragona),Muy bajo,Muy bajo,Muy bajo,Muy bajo,Muy bajo,Muy bajo,Muy bajo
Barberà del Vallès (Barcelona),Muy bajo,Muy bajo,Muy bajo,Muy bajo,Muy bajo,Muy bajo,Muy bajo
Barbolla (Segovia),Bajo,Muy bajo,Muy bajo,Muy bajo,Muy bajo,Bajo,Bajo
Barbués (Huesca),Muy bajo,Muy bajo,Muy bajo,Muy bajo,Muy bajo,Muy bajo,Muy bajo
Barbuñales (Huesca),Muy bajo,Muy bajo,Muy bajo,Muy bajo,Muy bajo,Muy bajo,Bajo
Barca (Soria),Muy bajo,Muy bajo,Muy bajo,Muy bajo,Muy bajo,Bajo,Bajo
Barcarrota (Badajoz),Muy bajo,Muy bajo,Muy bajo,Muy bajo,Muy bajo,Muy bajo,Muy bajo
Barcelona (Barcelona),Muy bajo,Muy bajo,Muy bajo,Muy bajo,Muy bajo,Muy bajo,Muy bajo
Barceo (Salamanca),Muy bajo,Muy bajo,Muy bajo,Muy bajo,Bajo,Bajo,Bajo
Barchín del Hoyo (Cuenca),Muy bajo,Muy bajo,Muy bajo,Muy bajo,Muy bajo,Bajo,Bajo
Barcial de la Loma (Valladolid),Muy bajo,Muy bajo,Muy bajo,Bajo,Bajo,Bajo,Bajo
Barcial del Barco (Zamora),Muy bajo,Muy bajo,Muy bajo,Bajo,Bajo,Bajo,Bajo
Barcience (Toledo),Muy bajo,Muy bajo,Muy bajo,Muy bajo,Muy bajo,Muy bajo,Muy bajo
Barcones (Soria),Muy bajo,Muy bajo,Muy bajo,Muy bajo,Muy bajo,Bajo,Bajo
Bardallur (Zaragoza),Muy bajo,Muy bajo,Muy bajo,Muy bajo,Bajo,Muy bajo,Bajo
Bardenas Reales (nan),Muy bajo,Muy bajo,Muy bajo,Muy bajo,Muy bajo,Muy bajo,Bajo
Bareyo (Cantabria),Muy bajo,Muy bajo,Muy bajo,Muy bajo,Muy bajo,Bajo,Bajo
Bargas (Toledo),Muy bajo,Muy bajo,Muy bajo,Muy bajo,Muy bajo,Muy bajo,Muy bajo
Bargota (Navarra),Bajo,Bajo,Muy bajo,Muy bajo,Muy bajo,Muy bajo,Bajo
Barillas (Navarra),Muy bajo,Bajo,Muy bajo,Muy bajo,Bajo,Muy bajo,Bajo
Barjas (León),Bajo,Muy bajo,Muy bajo,Muy bajo,Muy bajo,Bajo,Bajo
Barlovento (Tenerife),Muy bajo,Bajo,Muy bajo,Muy bajo,Muy bajo,Muy bajo,Muy bajo
Barracas (Castellón),Muy bajo,Muy bajo,Muy bajo,Muy bajo,Muy bajo,Muy bajo,Muy bajo
Barrachina (Teruel),Muy bajo,Muy bajo,Muy bajo,Muy bajo,Muy bajo,Muy bajo,Bajo
Barrado (Cáceres),Muy bajo,Muy bajo,Muy bajo,Muy bajo,Muy bajo,Muy bajo,Bajo
Barrax (Albacete),Muy bajo,Bajo,Bajo,Bajo,Bajo,Bajo,Bajo
Barreiros (Lugo),Muy bajo,Muy bajo,Muy bajo,Muy bajo,Muy bajo,Bajo,Bajo
Barrika (Vizcaya),Muy bajo,Bajo,Muy bajo,Muy bajo,Muy bajo,Bajo,Bajo
Barrio de Muñó (Burgos),Bajo,Bajo,Bajo,Bajo,Bajo,Bajo,Moderado
Barriopedro (Guadalajara),Muy bajo,Muy bajo,Muy bajo,Muy bajo,Muy bajo,Muy bajo,Muy bajo
Barrios de Colina (Burgos),Muy bajo,Bajo,Bajo,Muy bajo,Muy bajo,Bajo,Moderado
Barro (Pontevedra),Moderado,Muy bajo,Muy bajo,Bajo,Bajo,Bajo,Moderado
Barromán (Ávila),Muy bajo,Muy bajo,Muy bajo,Muy bajo,Muy bajo,Muy bajo,Bajo
Barruecopardo (Salamanca),Bajo,Muy bajo,Muy bajo,Muy bajo,Bajo,Bajo,Bajo
Barruelo de Santullán (Palencia),Muy bajo,Bajo,Muy bajo,Muy bajo,Muy bajo,Bajo,Bajo
Barruelo del Valle (Valladolid),Muy bajo,Muy bajo,Muy bajo,Muy bajo,Muy bajo,Bajo,Bajo
Barrundia (Álava),Bajo,Moderado,Muy bajo,Muy bajo,Muy bajo,Muy bajo,Bajo
Barx (Valencia),Muy bajo,Muy bajo,Muy bajo,Muy bajo,Muy bajo,Muy bajo,Muy bajo
Barxeta (Valencia),Muy bajo,Muy bajo,Muy bajo,Muy bajo,Muy bajo,Muy bajo,Muy bajo
Barásoain (Navarra),Muy bajo,Bajo,Muy bajo,Muy bajo,Muy bajo,Muy bajo,Bajo
Basaburua (Navarra),Bajo,Moderado,Muy bajo,Muy bajo,Muy bajo,Muy bajo,Bajo
Basardilla (Segovia),Muy bajo,Muy bajo,Muy bajo,Muy bajo,Muy bajo,Bajo,Bajo
Basauri (Vizcaya),Muy bajo,Muy bajo,Muy bajo,Muy bajo,Muy bajo,Muy bajo,Muy bajo
Basconcillos del Tozo (Burgos),Muy bajo,Bajo,Muy bajo,Muy bajo,Muy bajo,Muy bajo,Bajo
Bascuñana (Burgos),Muy bajo,Muy bajo,Bajo,Muy bajo,Muy bajo,Muy bajo,Bajo
Bascuñana de San Pedro (Cuenca),Muy bajo,Muy bajo,Muy bajo,Muy bajo,Muy bajo,Muy bajo,Muy bajo
Bassella (Lleida),Muy bajo,Muy bajo,Muy bajo,Muy bajo,Muy bajo,Muy bajo,Bajo
Batea (Tarragona),Muy bajo,Muy bajo,Muy bajo,Muy bajo,Muy bajo,Muy bajo,Muy bajo
Baterno (Badajoz),Muy bajo,Muy bajo,Muy bajo,Muy bajo,Muy bajo,Muy bajo,Muy bajo
Batres (Madrid),Muy bajo,Muy bajo,Muy bajo,Muy bajo,Muy bajo,Muy bajo,Muy bajo
Bausen (Lleida),Bajo,Bajo,Muy bajo,Muy bajo,Muy bajo,Bajo,Moderado
Bayarque (Almería),Muy bajo,Muy bajo,Muy bajo,Muy bajo,Muy bajo,Muy bajo,Muy bajo
Bayubas de Abajo (Soria),Muy bajo,Muy bajo,Muy bajo,Muy bajo,Muy bajo,Muy bajo,Bajo
Bayubas de Arriba (Soria),Muy bajo,Muy bajo,Muy bajo,Muy bajo,Muy bajo,Bajo,Bajo
Bayárcal (Almería),Muy bajo,Muy bajo,Muy bajo,Muy bajo,Muy bajo,Muy bajo,Muy bajo
Baza (Granada),Muy bajo,Muy bajo,Muy bajo,Muy bajo,Muy bajo,Muy bajo,Muy bajo
Baztan (Navarra),Bajo,Moderado,Muy bajo,Muy bajo,Muy bajo,Bajo,Moderado
Baélls (Huesca),Muy bajo,Muy bajo,Muy bajo,Muy bajo,Muy bajo,Muy bajo,Bajo
Bañares (La Rioja),Muy bajo,Bajo,Muy bajo,Muy bajo,Muy bajo,Muy bajo,Bajo
Bañobárez (Salamanca),Bajo,Muy bajo,Muy bajo,Muy bajo,Bajo,Bajo,Bajo
Baños de Ebro/Mañueta (Álava),Muy bajo,Bajo,Muy bajo,Muy bajo,Muy bajo,Muy bajo,Bajo
Baños de Molgas (Ourense),Bajo,Muy bajo,Muy bajo,Muy bajo,Muy bajo,Bajo,Bajo
Baños de Montemayor (Cáceres),Muy bajo,Muy bajo,Muy bajo,Muy bajo,Muy bajo,Bajo,Bajo
Baños de Rioja (La Rioja),Muy bajo,Bajo,Bajo,Muy bajo,Muy bajo,Bajo,Bajo
Baños de Río Tobía (La Rioja),Bajo,Muy bajo,Muy bajo,Muy bajo,Muy bajo,Muy bajo,Bajo
Baños de Tajo (Guadalajara),Muy bajo,Muy bajo,Muy bajo,Muy bajo,Muy bajo,Bajo,Bajo
Baños de Valdearados (Burgos),Muy bajo,Bajo,Muy bajo,Muy bajo,Muy bajo,Bajo,Bajo
Baños de la Encina (Jaén),Muy bajo,Muy bajo,Muy bajo,Muy bajo,Muy bajo,Bajo,Bajo
Bañuelos (Guadalajara),Muy bajo,Muy bajo,Muy bajo,Bajo,Bajo,Bajo,Bajo
Bañuelos de Bureba (Burgos),Bajo,Moderado,Bajo,Muy bajo,Muy bajo,Bajo,Bajo
Bañón (Teruel),Muy bajo,Muy bajo,Muy bajo,Muy bajo,Muy bajo,Muy bajo,Bajo
Bea (Teruel),Muy bajo,Muy bajo,Muy bajo,Muy bajo,Muy bajo,Muy bajo,Muy bajo
Beade (Ourense),Bajo,Muy bajo,Muy bajo,Bajo,Bajo,Bajo,Bajo
Beamud (Cuenca),Muy bajo,Muy bajo,Muy bajo,Muy bajo,Muy bajo,Bajo,Bajo
Beariz (Ourense),Moderado,Bajo,Muy bajo,Bajo,Bajo,Bajo,Moderado
Beas (Huelva),Bajo,Muy bajo,Muy bajo,Bajo,Moderado,Moderado,Bajo
Beas de Granada (Granada),Bajo,Muy bajo,Muy bajo,Muy bajo,Muy bajo,Muy bajo,Muy bajo
Beas de Guadix (Granada),Muy bajo,Muy bajo,Muy bajo,Muy bajo,Muy bajo,Muy bajo,Muy bajo
Beas de Segura (Jaén),Muy bajo,Muy bajo,Muy bajo,Muy bajo,Muy bajo,Muy bajo,Muy bajo
Beasain (Guipúzcoa),Bajo,Alto,Muy bajo,Muy bajo,Muy bajo,Muy bajo,Moderado
Becedas (Ávila),Muy bajo,Muy bajo,Muy bajo,Muy bajo,Bajo,Bajo,Bajo
Becedillas (Ávila),Muy bajo,Muy bajo,Muy bajo,Muy bajo,Bajo,Bajo,Bajo
Beceite (Teruel),Muy bajo,Muy bajo,Muy bajo,Muy bajo,Muy bajo,Muy bajo,Muy bajo
Becerreá (Lugo),Bajo,Muy bajo,Muy bajo,Muy bajo,Muy bajo,Bajo,Moderado
Becerril de Campos (Palencia),Muy bajo,Muy bajo,Bajo,Bajo,Bajo,Bajo,Bajo
Becerril de la Sierra (Madrid),Muy bajo,Muy bajo,Muy bajo,Muy bajo,Muy bajo,Bajo,Bajo
Becilla de Valderaduey (Valladolid),Muy bajo,Bajo,Muy bajo,Bajo,Bajo,Bajo,Bajo
Bedia (Vizcaya),Muy bajo,Moderado,Muy bajo,Muy bajo,Muy bajo,Muy bajo,Bajo
Bedmar y Garcíez (Jaén),Muy bajo,Muy bajo,Muy bajo,Muy bajo,Muy bajo,Muy bajo,Muy bajo
Begonte (Lugo),Bajo,Muy bajo,Muy bajo,Bajo,Bajo,Bajo,Bajo
Begues (Barcelona),Muy bajo,Muy bajo,Muy bajo,Muy bajo,Muy bajo,Muy bajo,Muy bajo
Begur (Girona),Muy bajo,Muy bajo,Muy bajo,Muy bajo,Muy bajo,Muy bajo,Muy bajo
Begíjar (Jaén),Muy bajo,Muy bajo,Muy bajo,Muy bajo,Muy bajo,Muy bajo,Muy bajo
Beintza-Labaien (Navarra),Moderado,Moderado,Muy bajo,Muy bajo,Muy bajo,Muy bajo,Moderado
Beire (Navarra),Muy bajo,Bajo,Muy bajo,Muy bajo,Muy bajo,Muy bajo,Bajo
Beires (Almería),Muy bajo,Muy bajo,Muy bajo,Muy bajo,Muy bajo,Muy bajo,Muy bajo
Beizama (Guipúzcoa),Bajo,Moderado,Muy bajo,Muy bajo,Muy bajo,Muy bajo,Moderado
Bejís (Castellón),Muy bajo,Muy bajo,Muy bajo,Muy bajo,Muy bajo,Muy bajo,Muy bajo
Belalcázar (Córdoba),Muy bajo,Muy bajo,Muy bajo,Muy bajo,Muy bajo,Muy bajo,Muy bajo
Belascoáin (Navarra),Muy bajo,Bajo,Muy bajo,Muy bajo,Muy bajo,Bajo,Bajo
Belauntza (Guipúzcoa),Bajo,Moderado,Muy bajo,Muy bajo,Muy bajo,Bajo,Moderado
Belbimbre (Burgos),Bajo,Bajo,Bajo,Bajo,Bajo,Bajo,Moderado
Belchite (Zaragoza),Muy bajo,Muy bajo,Muy bajo,Muy bajo,Muy bajo,Muy bajo,Muy bajo
Beleña (Salamanca),Muy bajo,Muy bajo,Muy bajo,Muy bajo,Bajo,Bajo,Bajo
Belianes (Lleida),Muy bajo,Muy bajo,Muy bajo,Muy bajo,Muy bajo,Muy bajo,Muy bajo
Belinchón (Cuenca),Muy bajo,Muy bajo,Muy bajo,Muy bajo,Muy bajo,Muy bajo,Muy bajo
Bell-lloc d'Urgell (Lleida),Muy bajo,Muy bajo,Muy bajo,Muy bajo,Muy bajo,Muy bajo,Muy bajo
Bellaguarda (Lleida),Muy bajo,Muy bajo,Muy bajo,Muy bajo,Muy bajo,Muy bajo,Muy bajo
Bellcaire d'Empordà (Girona),Muy bajo,Muy bajo,Muy bajo,Muy bajo,Muy bajo,Muy bajo,Muy bajo
Bellcaire d'Urgell (Lleida),Muy bajo,Muy bajo,Muy bajo,Muy bajo,Muy bajo,Muy bajo,Muy bajo
Bellmunt d'Urgell (Lleida),Muy bajo,Muy bajo,Muy bajo,Muy bajo,Muy bajo,Muy bajo,Muy bajo
Bellmunt del Priorat (Tarragona),Muy bajo,Muy bajo,Muy bajo,Muy bajo,Muy bajo,Muy bajo,Muy bajo
Bello (Teruel),Muy bajo,Muy bajo,Muy bajo,Muy bajo,Muy bajo,Muy bajo,Muy bajo
Bellprat (Barcelona),Muy bajo,Muy bajo,Muy bajo,Muy bajo,Muy bajo,Muy bajo,Muy bajo
Bellpuig (Lleida),Muy bajo,Muy bajo,Muy bajo,Muy bajo,Muy bajo,Muy bajo,Muy bajo
Bellreguard (Valencia),Muy bajo,Muy bajo,Muy bajo,Muy bajo,Muy bajo,Muy bajo,Muy bajo
Bellvei (Tarragona),Muy bajo,Muy bajo,Muy bajo,Muy bajo,Muy bajo,Muy bajo,Muy bajo
Bellver de Cerdanya (Lleida),Muy bajo,Muy bajo,Muy bajo,Muy bajo,Bajo,Bajo,Moderado
Bellvís (Lleida),Muy bajo,Muy bajo,Muy bajo,Muy bajo,Muy bajo,Muy bajo,Muy bajo
Bellús (Valencia),Muy bajo,Muy bajo,Muy bajo,Muy bajo,Muy bajo,Muy bajo,Muy bajo
Belmez (Córdoba),Muy bajo,Muy bajo,Muy bajo,Muy bajo,Bajo,Bajo,Bajo
Belmonte (Cuenca),Muy bajo,Muy bajo,Muy bajo,Muy bajo,Muy bajo,Muy bajo,Muy bajo
Belmonte de Campos (Palencia),Muy bajo,Muy bajo,Bajo,Muy bajo,Bajo,Bajo,Bajo
Belmonte de Gracián (Zaragoza),Muy bajo,Muy bajo,Muy bajo,Muy bajo,Muy bajo,Muy bajo,Muy bajo
Belmonte de Miranda (Asturias),Muy bajo,Muy bajo,Muy bajo,Muy bajo,Muy bajo,Bajo,Bajo
Belmonte de San José (Teruel),Muy bajo,Muy bajo,Muy bajo,Muy bajo,Muy bajo,Muy bajo,Muy bajo
Belmonte de Tajo (Madrid),Muy bajo,Muy bajo,Muy bajo,Muy bajo,Muy bajo,Muy bajo,Muy bajo
Belmontejo (Cuenca),Muy bajo,Muy bajo,Muy bajo,Muy bajo,Muy bajo,Bajo,Bajo
Belorado (Burgos),Muy bajo,Bajo,Bajo,Muy bajo,Muy bajo,Bajo,Bajo
Belver de Cinca (Huesca),Muy bajo,Muy bajo,Muy bajo,Muy bajo,Muy bajo,Muy bajo,Muy bajo
Belver de los Montes (Zamora),Muy bajo,Muy bajo,Muy bajo,Muy bajo,Bajo,Bajo,Bajo
Belvís de Monroy (Cáceres),Muy bajo,Muy bajo,Muy bajo,Muy bajo,Muy bajo,Muy bajo,Muy bajo
Belvís de la Jara (Toledo),Muy bajo,Muy bajo,Muy bajo,Muy bajo,Muy bajo,Muy bajo,Muy bajo
Bembibre (León),Muy bajo,Muy bajo,Muy bajo,Muy bajo,Muy bajo,Muy bajo,Bajo
Benabarre (Huesca),Muy bajo,Muy bajo,Muy bajo,Muy bajo,Muy bajo,Bajo,Bajo
Benacazón (Sevilla),Bajo,Bajo,Muy bajo,Bajo,Moderado,Bajo,Bajo
Benadalid (Málaga),Muy bajo,Muy bajo,Muy bajo,Muy bajo,Bajo,Bajo,Bajo
Benafarces (Valladolid),Muy bajo,Muy bajo,Muy bajo,Muy bajo,Muy bajo,Bajo,Bajo
Benafer (Castellón),Muy bajo,Muy bajo,Muy bajo,Muy bajo,Muy bajo,Muy bajo,Muy bajo
Benafigos (Castellón),Muy bajo,Muy bajo,Muy bajo,Muy bajo,Muy bajo,Muy bajo,Muy bajo
Benaguasil (Valencia),Muy bajo,Muy bajo,Muy bajo,Muy bajo,Muy bajo,Muy bajo,Muy bajo
Benagéber (Valencia),Muy bajo,Muy bajo,Muy bajo,Muy bajo,Muy bajo,Muy bajo,Muy bajo
Benahadux (Almería),Muy bajo,Muy bajo,Muy bajo,Muy bajo,Muy bajo,Muy bajo,Muy bajo
Benahavís (Málaga),Muy bajo,Muy bajo,Muy bajo,Muy bajo,Muy bajo,Muy bajo,Muy bajo
Benalauría (Málaga),Muy bajo,Muy bajo,Muy bajo,Muy bajo,Muy bajo,Bajo,Bajo
Benalmádena (Málaga),Muy bajo,Muy bajo,Muy bajo,Muy bajo,Muy bajo,Muy bajo,Muy bajo
Benalup-Casas Viejas (Cádiz),Moderado,Muy bajo,Muy bajo,Muy bajo,Bajo,Bajo,Bajo
Benalúa (Granada),Muy bajo,Muy bajo,Muy bajo,Muy bajo,Muy bajo,Muy bajo,Muy bajo
Benalúa de las Villas (Granada),Muy bajo,Muy bajo,Muy bajo,Muy bajo,Muy bajo,Muy bajo,Muy bajo
Benamargosa (Málaga),Muy bajo,Muy bajo,Muy bajo,Muy bajo,Muy bajo,Muy bajo,Muy bajo
Benamaurel (Granada),Muy bajo,Muy bajo,Muy bajo,Muy bajo,Muy bajo,Muy bajo,Muy bajo
Benamejí (Córdoba),Bajo,Muy bajo,Muy bajo,Muy bajo,Muy bajo,Muy bajo,Muy bajo
Benamocarra (Málaga),Muy bajo,Muy bajo,Muy bajo,Muy bajo,Muy bajo,Muy bajo,Muy bajo
Benaocaz (Cádiz),Moderado,Muy bajo,Muy bajo,Bajo,Bajo,Bajo,Bajo
Benaoján (Málaga),Bajo,Muy bajo,Muy bajo,Muy bajo,Bajo,Bajo,Bajo
Benarrabá (Málaga),Muy bajo,Muy bajo,Muy bajo,Muy bajo,Muy bajo,Muy bajo,Bajo
Benasau (Alicante),Muy bajo,Bajo,Muy bajo,Muy bajo,Muy bajo,Muy bajo,Muy bajo
Benasque (Huesca),Muy bajo,Muy bajo,Muy bajo,Muy bajo,Muy bajo,Bajo,Moderado
Benassal (Castellón),Muy bajo,Muy bajo,Muy bajo,Muy bajo,Muy bajo,Muy bajo,Muy bajo
Benatae (Jaén),Muy bajo,Bajo,Muy bajo,Muy bajo,Muy bajo,Muy bajo,Muy bajo
Benavent de Segrià (Lleida),Muy bajo,Muy bajo,Muy bajo,Muy bajo,Muy bajo,Muy bajo,Muy bajo
Benavente (Zamora),Muy bajo,Bajo,Muy bajo,Bajo,Bajo,Bajo,Bajo
Benavides (León),Bajo,Bajo,Muy bajo,Muy bajo,Muy bajo,Bajo,Bajo
Benavites (Valencia),Muy bajo,Muy bajo,Muy bajo,Muy bajo,Muy bajo,Muy bajo,Muy bajo
Benegiles (Zamora),Muy bajo,Muy bajo,Muy bajo,Muy bajo,Muy bajo,Bajo,Muy bajo
Beneixama (Alicante),Muy bajo,Muy bajo,Muy bajo,Muy bajo,Muy bajo,Muy bajo,Muy bajo
Beneixida (Valencia),Muy bajo,Muy bajo,Muy bajo,Muy bajo,Muy bajo,Muy bajo,Muy bajo
Benejúzar (Alicante),Muy bajo,Muy bajo,Muy bajo,Muy bajo,Muy bajo,Muy bajo,Muy bajo
Benetússer (Valencia),Muy bajo,Muy bajo,Muy bajo,Muy bajo,Muy bajo,Muy bajo,Muy bajo
Benferri (Alicante),Muy bajo,Muy bajo,Muy bajo,Muy bajo,Muy bajo,Muy bajo,Muy bajo
Beniarbeig (Alicante),Muy bajo,Muy bajo,Muy bajo,Muy bajo,Muy bajo,Muy bajo,Muy bajo
Beniardà (Alicante),Muy bajo,Muy bajo,Muy bajo,Muy bajo,Muy bajo,Muy bajo,Muy bajo
Beniarjó (Valencia),Muy bajo,Muy bajo,Muy bajo,Muy bajo,Muy bajo,Muy bajo,Muy bajo
Beniarrés (Alicante),Muy bajo,Muy bajo,Muy bajo,Muy bajo,Muy bajo,Muy bajo,Muy bajo
Beniatjar (Valencia),Muy bajo,Muy bajo,Muy bajo,Muy bajo,Muy bajo,Muy bajo,Muy bajo
Benicarló (Castellón),Muy bajo,Muy bajo,Muy bajo,Muy bajo,Muy bajo,Muy bajo,Muy bajo
Benicolet (Valencia),Muy bajo,Muy bajo,Muy bajo,Muy bajo,Muy bajo,Muy bajo,Muy bajo
Benicull de Xúquer (Valencia),Muy bajo,Muy bajo,Muy bajo,Muy bajo,Muy bajo,Muy bajo,Muy bajo
Benicàssim/Benicasim (Castellón),Muy bajo,Muy bajo,Muy bajo,Bajo,Muy bajo,Muy bajo,Muy bajo
Benidoleig (Alicante),Muy bajo,Muy bajo,Muy bajo,Muy bajo,Muy bajo,Muy bajo,Muy bajo
Benidorm (Alicante),Muy bajo,Muy bajo,Muy bajo,Muy bajo,Muy bajo,Muy bajo,Muy bajo
Beniel (Murcia),Muy bajo,Muy bajo,Muy bajo,Muy bajo,Muy bajo,Muy bajo,Muy bajo
Benifairó de la Valldigna (Valencia),Muy bajo,Muy bajo,Muy bajo,Muy bajo,Muy bajo,Muy bajo,Muy bajo
Benifairó de les Valls (Valencia),Muy bajo,Muy bajo,Muy bajo,Muy bajo,Muy bajo,Muy bajo,Muy bajo
Benifaió (Valencia),Muy bajo,Muy bajo,Muy bajo,Muy bajo,Muy bajo,Muy bajo,Muy bajo
Benifallet (Tarragona),Muy bajo,Muy bajo,Muy bajo,Muy bajo,Muy bajo,Muy bajo,Muy bajo
Benifallim (Alicante),Muy bajo,Bajo,Muy bajo,Muy bajo,Muy bajo,Muy bajo,Muy bajo
Benifato (Alicante),Muy bajo,Bajo,Muy bajo,Muy bajo,Muy bajo,Muy bajo,Muy bajo
Beniflá (Valencia),Muy bajo,Muy bajo,Muy bajo,Muy bajo,Muy bajo,Muy bajo,Muy bajo
Benigembla (Alicante),Muy bajo,Muy bajo,Muy bajo,Muy bajo,Muy bajo,Muy bajo,Muy bajo
Benigànim (Valencia),Muy bajo,Muy bajo,Muy bajo,Muy bajo,Muy bajo,Muy bajo,Muy bajo
Benijófar (Alicante),Muy bajo,Muy bajo,Muy bajo,Muy bajo,Muy bajo,Muy bajo,Muy bajo
Benilloba (Alicante),Muy bajo,Bajo,Muy bajo,Muy bajo,Muy bajo,Muy bajo,Muy bajo
Benillup (Alicante),Muy bajo,Muy bajo,Muy bajo,Muy bajo,Muy bajo,Muy bajo,Muy bajo
Benimantell (Alicante),Muy bajo,Bajo,Muy bajo,Muy bajo,Muy bajo,Muy bajo,Muy bajo
Benimarfull (Alicante),Muy bajo,Muy bajo,Muy bajo,Muy bajo,Muy bajo,Muy bajo,Muy bajo
Benimassot (Alicante),Muy bajo,Muy bajo,Muy bajo,Muy bajo,Muy bajo,Muy bajo,Muy bajo
Benimeli (Alicante),Muy bajo,Muy bajo,Muy bajo,Muy bajo,Muy bajo,Muy bajo,Muy bajo
Benimodo (Valencia),Muy bajo,Muy bajo,Muy bajo,Muy bajo,Muy bajo,Muy bajo,Muy bajo
Benimuslem (Valencia),Muy bajo,Muy bajo,Muy bajo,Muy bajo,Muy bajo,Muy bajo,Muy bajo
Beniparrell (Valencia),Muy bajo,Muy bajo,Muy bajo,Muy bajo,Muy bajo,Muy bajo,Muy bajo
Benirredrà (Valencia),Muy bajo,Muy bajo,Muy bajo,Muy bajo,Muy bajo,Muy bajo,Muy bajo
Benissa (Alicante),Muy bajo,Muy bajo,Muy bajo,Muy bajo,Muy bajo,Muy bajo,Muy bajo
Benissanet (Tarragona),Muy bajo,Muy bajo,Muy bajo,Muy bajo,Muy bajo,Muy bajo,Muy bajo
Benissanó (Valencia),Muy bajo,Muy bajo,Muy bajo,Muy bajo,Muy bajo,Muy bajo,Muy bajo
Benissoda (Valencia),Muy bajo,Muy bajo,Muy bajo,Muy bajo,Muy bajo,Muy bajo,Muy bajo
Benissuera (Valencia),Muy bajo,Muy bajo,Muy bajo,Muy bajo,Muy bajo,Muy bajo,Muy bajo
Benitagla (Almería),Muy bajo,Muy bajo,Muy bajo,Muy bajo,Muy bajo,Muy bajo,Muy bajo
Benizalón (Almería),Muy bajo,Muy bajo,Muy bajo,Muy bajo,Muy bajo,Muy bajo,Muy bajo
Benlloc (Castellón),Muy bajo,Muy bajo,Muy bajo,Bajo,Muy bajo,Muy bajo,Muy bajo
Benquerencia (Cáceres),Muy bajo,Muy bajo,Muy bajo,Muy bajo,Muy bajo,Muy bajo,Muy bajo
Benquerencia de la Serena (Badajoz),Muy bajo,Muy bajo,Muy bajo,Muy bajo,Muy bajo,Muy bajo,Muy bajo
Bentarique (Almería),Muy bajo,Muy bajo,Muy bajo,Muy bajo,Muy bajo,Muy bajo,Muy bajo
Benuza (León),Muy bajo,Muy bajo,Muy bajo,Muy bajo,Muy bajo,Bajo,Bajo
Bera (Navarra),Bajo,Moderado,Muy bajo,Muy bajo,Muy bajo,Bajo,Moderado
Berango (Vizcaya),Muy bajo,Bajo,Muy bajo,Muy bajo,Muy bajo,Muy bajo,Bajo
Berantevilla (Álava),Muy bajo,Bajo,Muy bajo,Muy bajo,Muy bajo,Bajo,Bajo
Beranuy (Huesca),Muy bajo,Muy bajo,Muy bajo,Muy bajo,Muy bajo,Bajo,Bajo
Berastegi (Guipúzcoa),Bajo,Alto,Muy bajo,Muy bajo,Muy bajo,Bajo,Moderado
Beratón (Soria),Muy bajo,Bajo,Muy bajo,Muy bajo,Muy bajo,Bajo,Bajo
Berbegal (Huesca),Muy bajo,Muy bajo,Muy bajo,Muy bajo,Bajo,Bajo,Bajo
Berberana (Burgos),Muy bajo,Moderado,Muy bajo,Muy bajo,Muy bajo,Muy bajo,Bajo
Berbinzana (Navarra),Muy bajo,Bajo,Muy bajo,Muy bajo,Muy bajo,Muy bajo,Muy bajo
Berceo (La Rioja),Muy bajo,Bajo,Muy bajo,Muy bajo,Muy bajo,Muy bajo,Bajo
Bercero (Valladolid),Muy bajo,Muy bajo,Muy bajo,Muy bajo,Muy bajo,Bajo,Bajo
Berceruelo (Valladolid),Muy bajo,Muy bajo,Muy bajo,Muy bajo,Bajo,Bajo,Bajo
Bercial (Segovia),Muy bajo,Muy bajo,Muy bajo,Muy bajo,Muy bajo,Bajo,Bajo
Bercial de Zapardiel (Ávila),Muy bajo,Muy bajo,Muy bajo,Muy bajo,Muy bajo,Muy bajo,Bajo
Bercianos del Páramo (León),Muy bajo,Muy bajo,Muy bajo,Muy bajo,Muy bajo,Muy bajo,Bajo
Bercianos del Real Camino (León),Muy bajo,Bajo,Muy bajo,Muy bajo,Muy bajo,Bajo,Bajo
Bercimuel (Segovia),Muy bajo,Muy bajo,Muy bajo,Muy bajo,Muy bajo,Bajo,Bajo
Berdejo (Zaragoza),Muy bajo,Muy bajo,Muy bajo,Bajo,Bajo,Bajo,Bajo
Berga (Barcelona),Muy bajo,Muy bajo,Muy bajo,Muy bajo,Muy bajo,Muy bajo,Bajo
Bergara (Guipúzcoa),Bajo,Moderado,Muy bajo,Muy bajo,Muy bajo,Muy bajo,Bajo
Bergasa (La Rioja),Bajo,Bajo,Muy bajo,Muy bajo,Bajo,Bajo,Bajo
Bergasillas Bajera (La Rioja),Muy bajo,Bajo,Muy bajo,Muy bajo,Muy bajo,Bajo,Bajo
Berge (Teruel),Muy bajo,Muy bajo,Muy bajo,Muy bajo,Muy bajo,Muy bajo,Muy bajo
Bergondo (A Coruña),Muy bajo,Muy bajo,Muy bajo,Muy bajo,Muy bajo,Muy bajo,Muy bajo
Beriáin (Navarra),Muy bajo,Bajo,Muy bajo,Muy bajo,Muy bajo,Bajo,Bajo
Berja (Almería),Muy bajo,Muy bajo,Muy bajo,Muy bajo,Muy bajo,Muy bajo,Muy bajo
Berlanga (Badajoz),Muy bajo,Muy bajo,Muy bajo,Muy bajo,Muy bajo,Muy bajo,Muy bajo
Berlanga de Duero (Soria),Muy bajo,Muy bajo,Muy bajo,Muy bajo,Muy bajo,Bajo,Bajo
Berlanga del Bierzo (León),Muy bajo,Muy bajo,Muy bajo,Muy bajo,Muy bajo,Bajo,Bajo
Berlangas de Roa (Burgos),Muy bajo,Bajo,Muy bajo,Muy bajo,Muy bajo,Muy bajo,Bajo
Bermellar (Salamanca),Bajo,Muy bajo,Muy bajo,Muy bajo,Muy bajo,Bajo,Bajo
Bermeo (Vizcaya),Bajo,Bajo,Muy bajo,Muy bajo,Muy bajo,Bajo,Bajo
Bermillo de Sayago (Zamora),Muy bajo,Muy bajo,Muy bajo,Muy bajo,Muy bajo,Bajo,Bajo
Bernardos (Segovia),Muy bajo,Muy bajo,Muy bajo,Muy bajo,Muy bajo,Muy bajo,Bajo
Bernedo (Álava),Bajo,Bajo,Muy bajo,Muy bajo,Muy bajo,Muy bajo,Bajo
Berninches (Guadalajara),Muy bajo,Muy bajo,Muy bajo,Muy bajo,Muy bajo,Muy bajo,Muy bajo
Bernuy de Porreros (Segovia),Muy bajo,Bajo,Muy bajo,Muy bajo,Muy bajo,Bajo,Bajo
Bernuy-Zapardiel (Ávila),Muy bajo,Muy bajo,Muy bajo,Muy bajo,Muy bajo,Muy bajo,Bajo
Berriatua (Vizcaya),Bajo,Moderado,Muy bajo,Muy bajo,Muy bajo,Bajo,Bajo
Berrioplano/Berriobeiti (Navarra),Muy bajo,Moderado,Muy bajo,Muy bajo,Muy bajo,Muy bajo,Bajo
Berriozar (Navarra),Muy bajo,Bajo,Muy bajo,Muy bajo,Muy bajo,Muy bajo,Bajo
Berriz (Vizcaya),Bajo,Moderado,Muy bajo,Muy bajo,Muy bajo,Muy bajo,Bajo
Berrobi (Guipúzcoa),Bajo,Moderado,Muy bajo,Muy bajo,Muy bajo,Bajo,Moderado
Berrocal (Huelva),Bajo,Muy bajo,Muy bajo,Bajo,Moderado,Moderado,Moderado
Berrocal de Huebra (Salamanca),Muy bajo,Muy bajo,Muy bajo,Muy bajo,Bajo,Bajo,Bajo
Berrocal de Salvatierra (Salamanca),Muy bajo,Muy bajo,Muy bajo,Muy bajo,Bajo,Bajo,Bajo
Berrocalejo (Cáceres),Muy bajo,Muy bajo,Muy bajo,Muy bajo,Muy bajo,Muy bajo,Muy bajo
Berrocalejo de Aragona (Ávila),Bajo,Muy bajo,Muy bajo,Bajo,Bajo,Bajo,Bajo
Berrueces (Valladolid),Muy bajo,Muy bajo,Muy bajo,Bajo,Bajo,Bajo,Bajo
Berrueco (Zaragoza),Muy bajo,Muy bajo,Muy bajo,Muy bajo,Muy bajo,Muy bajo,Muy bajo
Bertizarana (Navarra),Moderado,Moderado,Muy bajo,Muy bajo,Muy bajo,Bajo,Moderado
Berzocana (Cáceres),Muy bajo,Muy bajo,Muy bajo,Muy bajo,Muy bajo,Bajo,Bajo
Berzosa de Bureba (Burgos),Muy bajo,Bajo,Bajo,Muy bajo,Muy bajo,Bajo,Bajo
Berzosa del Lozoya (Madrid),Muy bajo,Muy bajo,Muy bajo,Muy bajo,Muy bajo,Bajo,Bajo
Berzosilla (Palencia),Muy bajo,Bajo,Muy bajo,Muy bajo,Muy bajo,Muy bajo,Bajo
Besalú (Girona),Muy bajo,Muy bajo,Muy bajo,Muy bajo,Muy bajo,Muy bajo,Muy bajo
Bescanó (Girona),Muy bajo,Muy bajo,Muy bajo,Muy bajo,Muy bajo,Muy bajo,Muy bajo
Betancuria (Las Palmas),Muy bajo,Muy bajo,Muy bajo,Muy bajo,Muy bajo,Muy bajo,Muy bajo
Betanzos (A Coruña),Bajo,Muy bajo,Muy bajo,Muy bajo,Bajo,Bajo,Bajo
Betelu (Navarra),Moderado,Alto,Muy bajo,Muy bajo,Muy bajo,Bajo,Moderado
Beteta (Cuenca),Muy bajo,Muy bajo,Muy bajo,Muy bajo,Muy bajo,Bajo,Bajo
Betxí (Castellón),Muy bajo,Muy bajo,Muy bajo,Muy bajo,Muy bajo,Muy bajo,Muy bajo
Beuda (Girona),Muy bajo,Muy bajo,Muy bajo,Muy bajo,Muy bajo,Muy bajo,Muy bajo
Bezares (La Rioja),Bajo,Bajo,Muy bajo,Muy bajo,Muy bajo,Muy bajo,Bajo
Bezas (Teruel),Muy bajo,Muy bajo,Muy bajo,Muy bajo,Muy bajo,Muy bajo,Bajo
Biar (Alicante),Muy bajo,Muy bajo,Muy bajo,Muy bajo,Muy bajo,Muy bajo,Muy bajo
Bicorp (Valencia),Muy bajo,Muy bajo,Muy bajo,Muy bajo,Muy bajo,Muy bajo,Muy bajo
Bidania-Goiatz (Guipúzcoa),Bajo,Moderado,Muy bajo,Muy bajo,Muy bajo,Muy bajo,Moderado
Bidaurreta (Navarra),Muy bajo,Bajo,Muy bajo,Muy bajo,Muy bajo,Bajo,Bajo
Biel (Zaragoza),Muy bajo,Muy bajo,Muy bajo,Muy bajo,Muy bajo,Muy bajo,Bajo
Bielsa (Huesca),Bajo,Muy bajo,Muy bajo,Muy bajo,Bajo,Bajo,Moderado
Bienservida (Albacete),Bajo,Bajo,Muy bajo,Muy bajo,Bajo,Bajo,Bajo
Bienvenida (Badajoz),Muy bajo,Muy bajo,Muy bajo,Muy bajo,Muy bajo,Muy bajo,Muy bajo
Bierge (Huesca),Muy bajo,Muy bajo,Muy bajo,Muy bajo,Muy bajo,Muy bajo,Bajo
Biescas (Huesca),Bajo,Muy bajo,Muy bajo,Muy bajo,Muy bajo,Bajo,Moderado
Bigastro (Alicante),Muy bajo,Muy bajo,Muy bajo,Muy bajo,Muy bajo,Muy bajo,Muy bajo
Bigues i Riells del Fai (Barcelona),Muy bajo,Muy bajo,Muy bajo,Muy bajo,Muy bajo,Muy bajo,Muy bajo
Bijuesca (Zaragoza),Muy bajo,Muy bajo,Muy bajo,Muy bajo,Bajo,Bajo,Bajo
Bilbao (Vizcaya),Muy bajo,Muy bajo,Muy bajo,Muy bajo,Muy bajo,Muy bajo,Muy bajo
Bimenes (Asturias),Bajo,Bajo,Muy bajo,Muy bajo,Muy bajo,Bajo,Moderado
Binaced (Huesca),Muy bajo,Muy bajo,Muy bajo,Muy bajo,Muy bajo,Muy bajo,Muy bajo
Binissalem (Baleares),Muy bajo,Muy bajo,Muy bajo,Muy bajo,Muy bajo,Muy bajo,Muy bajo
Binéfar (Huesca),Muy bajo,Muy bajo,Muy bajo,Muy bajo,Muy bajo,Muy bajo,Muy bajo
Biosca (Lleida),Muy bajo,Muy bajo,Muy bajo,Muy bajo,Muy bajo,Muy bajo,Muy bajo
Biota (Zaragoza),Muy bajo,Muy bajo,Muy bajo,Muy bajo,Muy bajo,Muy bajo,Muy bajo
Bisaurri (Huesca),Muy bajo,Muy bajo,Muy bajo,Muy bajo,Muy bajo,Bajo,Moderado
Biscarrués (Huesca),Muy bajo,Muy bajo,Muy bajo,Muy bajo,Muy bajo,Muy bajo,Bajo
Bisimbre (Zaragoza),Muy bajo,Bajo,Muy bajo,Muy bajo,Bajo,Muy bajo,Bajo
Biure (Girona),Muy bajo,Muy bajo,Muy bajo,Muy bajo,Muy bajo,Muy bajo,Muy bajo
Biurrun-Olcoz (Navarra),Muy bajo,Bajo,Muy bajo,Muy bajo,Muy bajo,Muy bajo,Bajo
Blacos (Soria),Muy bajo,Muy bajo,Muy bajo,Muy bajo,Muy bajo,Bajo,Bajo
Blanca (Murcia),Muy bajo,Muy bajo,Muy bajo,Muy bajo,Muy bajo,Muy bajo,Muy bajo
Blancafort (Tarragona),Muy bajo,Muy bajo,Muy bajo,Muy bajo,Muy bajo,Muy bajo,Muy bajo
Blancas (Teruel),Muy bajo,Muy bajo,Muy bajo,Muy bajo,Muy bajo,Muy bajo,Muy bajo
Blanes (Girona),Muy bajo,Muy bajo,Muy bajo,Muy bajo,Muy bajo,Muy bajo,Muy bajo
Blascomillán (Ávila),Muy bajo,Muy bajo,Muy bajo,Muy bajo,Muy bajo,Bajo,Bajo
Blasconuño de Matacabras (Ávila),Muy bajo,Muy bajo,Muy bajo,Muy bajo,Muy bajo,Muy bajo,Bajo
Blascosancho (Ávila),Muy bajo,Muy bajo,Muy bajo,Muy bajo,Muy bajo,Muy bajo,Bajo
Blecua y Torres (Huesca),Muy bajo,Muy bajo,Muy bajo,Muy bajo,Muy bajo,Muy bajo,Bajo
Blesa (Teruel),Muy bajo,Muy bajo,Muy bajo,Muy bajo,Muy bajo,Muy bajo,Bajo
Bliecos (Soria),Muy bajo,Muy bajo,Muy bajo,Muy bajo,Bajo,Bajo,Bajo
Boada (Salamanca),Muy bajo,Muy bajo,Muy bajo,Muy bajo,Bajo,Bajo,Bajo
Boada de Campos (Palencia),Muy bajo,Muy bajo,Bajo,Muy bajo,Muy bajo,Bajo,Bajo
Boadella i les Escaules (Girona),Muy bajo,Muy bajo,Muy bajo,Muy bajo,Muy bajo,Muy bajo,Muy bajo
Boadilla de Rioseco (Palencia),Muy bajo,Bajo,Muy bajo,Muy bajo,Bajo,Bajo,Bajo
Boadilla del Camino (Palencia),Muy bajo,Bajo,Muy bajo,Muy bajo,Bajo,Bajo,Bajo
Boadilla del Monte (Madrid),Muy bajo,Muy bajo,Muy bajo,Muy bajo,Muy bajo,Muy bajo,Muy bajo
Boal (Asturias),Muy bajo,Muy bajo,Muy bajo,Muy bajo,Muy bajo,Bajo,Moderado
Bobadilla (La Rioja),Muy bajo,Bajo,Muy bajo,Muy bajo,Muy bajo,Muy bajo,Bajo
Bobadilla del Campo (Valladolid),Muy bajo,Muy bajo,Muy bajo,Muy bajo,Muy bajo,Muy bajo,Bajo
Boborás (Ourense),Bajo,Muy bajo,Muy bajo,Bajo,Bajo,Bajo,Bajo
Boca de Huérgano (León),Muy bajo,Muy bajo,Muy bajo,Muy bajo,Muy bajo,Muy bajo,Bajo
Bocairent (Valencia),Muy bajo,Muy bajo,Muy bajo,Muy bajo,Muy bajo,Muy bajo,Muy bajo
Boceguillas (Segovia),Bajo,Muy bajo,Muy bajo,Muy bajo,Muy bajo,Bajo,Bajo
Bocigas (Valladolid),Muy bajo,Muy bajo,Muy bajo,Muy bajo,Muy bajo,Muy bajo,Bajo
Bocos de Duero (Valladolid),Bajo,Muy bajo,Muy bajo,Muy bajo,Muy bajo,Muy bajo,Bajo
Bodonal de la Sierra (Badajoz),Muy bajo,Muy bajo,Muy bajo,Muy bajo,Bajo,Muy bajo,Bajo
Boecillo (Valladolid),Muy bajo,Muy bajo,Muy bajo,Muy bajo,Muy bajo,Muy bajo,Bajo
Bogajo (Salamanca),Bajo,Muy bajo,Muy bajo,Muy bajo,Bajo,Bajo,Bajo
Bogarra (Albacete),Muy bajo,Muy bajo,Muy bajo,Muy bajo,Muy bajo,Muy bajo,Muy bajo
Bohonal de Ibor (Cáceres),Muy bajo,Muy bajo,Muy bajo,Muy bajo,Muy bajo,Muy bajo,Muy bajo
Bohoyo (Ávila),Muy bajo,Muy bajo,Muy bajo,Muy bajo,Muy bajo,Bajo,Bajo
Boimorto (A Coruña),Moderado,Muy bajo,Muy bajo,Bajo,Bajo,Bajo,Moderado
Boiro (A Coruña),Bajo,Muy bajo,Muy bajo,Bajo,Bajo,Bajo,Bajo
Bolaños de Calatrava (Ciudad Real),Muy bajo,Muy bajo,Muy bajo,Muy bajo,Bajo,Muy bajo,Bajo
Bolaños de Campos (Valladolid),Muy bajo,Bajo,Muy bajo,Bajo,Bajo,Bajo,Bajo
Bolbaite (Valencia),Muy bajo,Muy bajo,Muy bajo,Muy bajo,Muy bajo,Muy bajo,Muy bajo
Bollullos Par del Condado (Huelva),Bajo,Bajo,Bajo,Bajo,Muy alto,Moderado,Moderado
Bollullos de la Mitación (Sevilla),Bajo,Bajo,Muy bajo,Bajo,Moderado,Bajo,Bajo
Boltaña (Huesca),Muy bajo,Muy bajo,Muy bajo,Muy bajo,Muy bajo,Bajo,Bajo
Bolulla (Alicante),Muy bajo,Muy bajo,Muy bajo,Muy bajo,Muy bajo,Muy bajo,Muy bajo
Bolvir (Girona),Muy bajo,Muy bajo,Muy bajo,Muy bajo,Bajo,Bajo,Moderado
Bonansa (Huesca),Muy bajo,Muy bajo,Muy bajo,Muy bajo,Muy bajo,Bajo,Bajo
Bonares (Huelva),Bajo,Muy bajo,Muy bajo,Bajo,Muy alto,Moderado,Bajo
Bonastre (Tarragona),Muy bajo,Muy bajo,Muy bajo,Muy bajo,Muy bajo,Muy bajo,Muy bajo
Bonete (Albacete),Muy bajo,Muy bajo,Muy bajo,Muy bajo,Muy bajo,Muy bajo,Muy bajo
Boniches (Cuenca),Muy bajo,Muy bajo,Muy bajo,Muy bajo,Muy bajo,Muy bajo,Muy bajo
Bonilla de la Sierra (Ávila),Muy bajo,Muy bajo,Muy bajo,Muy bajo,Muy bajo,Bajo,Bajo
Bonrepòs i Mirambell (Valencia),Muy bajo,Muy bajo,Muy bajo,Muy bajo,Muy bajo,Muy bajo,Muy bajo
Boqueixón (A Coruña),Moderado,Muy bajo,Muy bajo,Bajo,Bajo,Bajo,Bajo
Boquiñeni (Zaragoza),Muy bajo,Bajo,Muy bajo,Muy bajo,Bajo,Muy bajo,Muy bajo
Borau (Huesca),Muy bajo,Muy bajo,Muy bajo,Muy bajo,Muy bajo,Bajo,Moderado
Bordalba (Zaragoza),Muy bajo,Muy bajo,Muy bajo,Muy bajo,Bajo,Bajo,Bajo
Bordils (Girona),Muy bajo,Muy bajo,Muy bajo,Muy bajo,Muy bajo,Muy bajo,Muy bajo
Bordón (Teruel),Muy bajo,Muy bajo,Muy bajo,Muy bajo,Muy bajo,Muy bajo,Muy bajo
Borja (Zaragoza),Muy bajo,Bajo,Muy bajo,Muy bajo,Bajo,Muy bajo,Bajo
Borjabad (Soria),Muy bajo,Muy bajo,Muy bajo,Muy bajo,Bajo,Bajo,Bajo
Bormujos (Sevilla),Muy bajo,Muy bajo,Muy bajo,Bajo,Moderado,Bajo,Bajo
Bornos (Cádiz),Muy alto,Muy bajo,Muy bajo,Bajo,Bajo,Bajo,Bajo
Borobia (Soria),Muy bajo,Bajo,Muy bajo,Bajo,Bajo,Bajo,Bajo
Borox (Toledo),Muy bajo,Muy bajo,Muy bajo,Muy bajo,Muy bajo,Muy bajo,Muy bajo
Borrassà (Girona),Muy bajo,Muy bajo,Muy bajo,Muy bajo,Muy bajo,Muy bajo,Muy bajo
Borredà (Barcelona),Muy bajo,Muy bajo,Muy bajo,Muy bajo,Muy bajo,Muy bajo,Bajo
Borrenes (León),Bajo,Muy bajo,Muy bajo,Muy bajo,Muy bajo,Muy bajo,Bajo
Borriana/Burriana (Castellón),Muy bajo,Muy bajo,Muy bajo,Muy bajo,Muy bajo,Muy bajo,Muy bajo
Borriol (Castellón),Muy bajo,Muy bajo,Muy bajo,Bajo,Muy bajo,Muy bajo,Muy bajo
Bossòst (Lleida),Bajo,Bajo,Muy bajo,Muy bajo,Muy bajo,Bajo,Moderado
Bot (Tarragona),Muy bajo,Muy bajo,Muy bajo,Muy bajo,Muy bajo,Muy bajo,Muy bajo
Botarell (Tarragona),Muy bajo,Muy bajo,Muy bajo,Muy bajo,Muy bajo,Muy bajo,Muy bajo
Botija (Cáceres),Muy bajo,Muy bajo,Muy bajo,Muy bajo,Muy bajo,Muy bajo,Muy bajo
Botorrita (Zaragoza),Muy bajo,Muy bajo,Muy bajo,Muy bajo,Bajo,Muy bajo,Bajo
Bovera (Lleida),Muy bajo,Muy bajo,Muy bajo,Muy bajo,Muy bajo,Muy bajo,Muy bajo
Bozoó (Burgos),Muy bajo,Bajo,Muy bajo,Muy bajo,Muy bajo,Muy bajo,Bajo
Boñar (León),Muy bajo,Muy bajo,Muy bajo,Muy bajo,Muy bajo,Muy bajo,Bajo
Brabos (Ávila),Muy bajo,Muy bajo,Muy bajo,Muy bajo,Muy bajo,Bajo,Bajo
Brahojos de Medina (Valladolid),Muy bajo,Muy bajo,Muy bajo,Muy bajo,Muy bajo,Muy bajo,Bajo
Braojos (Madrid),Muy bajo,Muy bajo,Muy bajo,Muy bajo,Muy bajo,Bajo,Bajo
Brazacorta (Burgos),Muy bajo,Bajo,Muy bajo,Muy bajo,Muy bajo,Bajo,Bajo
Brazatortas (Ciudad Real),Muy bajo,Muy bajo,Muy bajo,Muy bajo,Muy bajo,Muy bajo,Muy bajo
Brazuelo (León),Muy bajo,Muy bajo,Muy bajo,Muy bajo,Muy bajo,Bajo,Bajo
Brañosera (Palencia),Muy bajo,Bajo,Muy bajo,Muy bajo,Muy bajo,Muy bajo,Bajo
Brea de Aragón (Zaragoza),Muy bajo,Muy bajo,Muy bajo,Muy bajo,Muy bajo,Muy bajo,Muy bajo
Brea de Tajo (Madrid),Muy bajo,Muy bajo,Muy bajo,Muy bajo,Muy bajo,Muy bajo,Muy bajo
Breda (Girona),Muy bajo,Muy bajo,Muy bajo,Muy bajo,Muy bajo,Muy bajo,Muy bajo
Brenes (Sevilla),Muy bajo,Muy bajo,Muy bajo,Muy bajo,Bajo,Bajo,Bajo
Bretocino (Zamora),Muy bajo,Bajo,Muy bajo,Bajo,Bajo,Bajo,Bajo
Bretó (Zamora),Muy bajo,Muy bajo,Muy bajo,Bajo,Bajo,Bajo,Bajo
Breña Alta (Tenerife),Muy bajo,Bajo,Muy bajo,Muy bajo,Muy bajo,Muy bajo,Muy bajo
Breña Baja (Tenerife),Bajo,Bajo,Muy bajo,Muy bajo,Muy bajo,Muy bajo,Muy bajo
Brieva (Segovia),Muy bajo,Muy bajo,Muy bajo,Muy bajo,Muy bajo,Bajo,Bajo
Brieva de Cameros (La Rioja),Bajo,Bajo,Bajo,Muy bajo,Muy bajo,Muy bajo,Bajo
Brihuega (Guadalajara),Muy bajo,Muy bajo,Muy bajo,Muy bajo,Muy bajo,Muy bajo,Muy bajo
Brime de Sog (Zamora),Muy bajo,Muy bajo,Muy bajo,Muy bajo,Muy bajo,Bajo,Bajo
Brime de Urz (Zamora),Muy bajo,Bajo,Muy bajo,Muy bajo,Muy bajo,Bajo,Bajo
Brincones (Salamanca),Muy bajo,Muy bajo,Muy bajo,Bajo,Bajo,Bajo,Bajo
Briones (La Rioja),Muy bajo,Bajo,Muy bajo,Muy bajo,Muy bajo,Muy bajo,Bajo
Briviesca (Burgos),Muy bajo,Bajo,Bajo,Muy bajo,Muy bajo,Bajo,Moderado
Briñas (La Rioja),Muy bajo,Bajo,Muy bajo,Muy bajo,Muy bajo,Muy bajo,Bajo
Brión (A Coruña),Bajo,Muy bajo,Muy bajo,Bajo,Bajo,Bajo,Bajo
Bronchales (Teruel),Muy bajo,Muy bajo,Muy bajo,Muy bajo,Muy bajo,Bajo,Bajo
Broto (Huesca),Bajo,Muy bajo,Muy bajo,Muy bajo,Muy bajo,Bajo,Moderado
Brozas (Cáceres),Muy bajo,Muy bajo,Muy bajo,Muy bajo,Muy bajo,Bajo,Bajo
Brunete (Madrid),Muy bajo,Muy bajo,Muy bajo,Muy bajo,Muy bajo,Muy bajo,Muy bajo
Brunyola i Sant Martí Sapresa (Girona),Muy bajo,Muy bajo,Muy bajo,Muy bajo,Muy bajo,Muy bajo,Muy bajo
Bràfim (Tarragona),Muy bajo,Muy bajo,Muy bajo,Muy bajo,Muy bajo,Muy bajo,Muy bajo
Buberos (Soria),Muy bajo,Muy bajo,Muy bajo,Muy bajo,Bajo,Bajo,Bajo
Bubierca (Zaragoza),Muy bajo,Muy bajo,Muy bajo,Muy bajo,Muy bajo,Muy bajo,Muy bajo
Bubión (Granada),Muy bajo,Muy bajo,Muy bajo,Muy bajo,Muy bajo,Muy bajo,Muy bajo
Buciegas (Cuenca),Muy bajo,Muy bajo,Muy bajo,Muy bajo,Muy bajo,Muy bajo,Muy bajo
Budia (Guadalajara),Muy bajo,Muy bajo,Muy bajo,Muy bajo,Muy bajo,Muy bajo,Muy bajo
Buenache de Alarcón (Cuenca),Muy bajo,Muy bajo,Muy bajo,Muy bajo,Muy bajo,Bajo,Bajo
Buenache de la Sierra (Cuenca),Muy bajo,Muy bajo,Muy bajo,Muy bajo,Muy bajo,Bajo,Bajo
Buenamadre (Salamanca),Muy bajo,Muy bajo,Muy bajo,Muy bajo,Bajo,Bajo,Bajo
Buenaventura (Toledo),Muy bajo,Muy bajo,Muy bajo,Muy bajo,Muy bajo,Muy bajo,Bajo
Buenavista (Salamanca),Muy bajo,Muy bajo,Muy bajo,Muy bajo,Muy bajo,Bajo,Bajo
Buenavista de Valdavia (Palencia),Muy bajo,Bajo,Muy bajo,Muy bajo,Muy bajo,Bajo,Bajo
Buenavista del Norte (Tenerife),Bajo,Bajo,Bajo,Bajo,Moderado,Moderado,Bajo
Buendía (Cuenca),Muy bajo,Muy bajo,Muy bajo,Muy bajo,Muy bajo,Muy bajo,Muy bajo
Bueu (Pontevedra),Moderado,Muy bajo,Muy bajo,Bajo,Bajo,Bajo,Muy bajo
Bueña (Teruel),Muy bajo,Muy bajo,Muy bajo,Muy bajo,Muy bajo,Muy bajo,Muy bajo
Bufali (Valencia),Muy bajo,Muy bajo,Muy bajo,Muy bajo,Muy bajo,Muy bajo,Muy bajo
Bugarra (Valencia),Muy bajo,Muy bajo,Muy bajo,Muy bajo,Muy bajo,Muy bajo,Muy bajo
Bugedo (Burgos),Muy bajo,Bajo,Muy bajo,Muy bajo,Muy bajo,Bajo,Bajo
Buitrago (Soria),Muy bajo,Muy bajo,Muy bajo,Muy bajo,Muy bajo,Bajo,Bajo
Buitrago del Lozoya (Madrid),Muy bajo,Muy bajo,Muy bajo,Muy bajo,Muy bajo,Bajo,Bajo
Bujalance (Córdoba),Muy bajo,Muy bajo,Muy bajo,Muy bajo,Bajo,Muy bajo,Muy bajo
Bujalaro (Guadalajara),Muy bajo,Muy bajo,Muy bajo,Muy bajo,Muy bajo,Muy bajo,Muy bajo
Bujaraloz (Zaragoza),Muy bajo,Bajo,Muy bajo,Moderado,Bajo,Bajo,Bajo
Bularros (Ávila),Muy bajo,Muy bajo,Muy bajo,Muy bajo,Muy bajo,Bajo,Bajo
Bulbuente (Zaragoza),Muy bajo,Bajo,Muy bajo,Muy bajo,Muy bajo,Muy bajo,Bajo
Bullas (Murcia),Muy bajo,Muy bajo,Muy bajo,Muy bajo,Muy bajo,Muy bajo,Muy bajo
Buniel (Burgos),Bajo,Bajo,Bajo,Bajo,Bajo,Bajo,Moderado
Bunyola (Baleares),Muy bajo,Muy bajo,Muy bajo,Muy bajo,Muy bajo,Muy bajo,Muy bajo
Burbáguena (Teruel),Muy bajo,Muy bajo,Muy bajo,Muy bajo,Muy bajo,Muy bajo,Muy bajo
Burela (Lugo),Muy bajo,Muy bajo,Muy bajo,Muy bajo,Muy bajo,Bajo,Bajo
Bureta (Zaragoza),Muy bajo,Muy bajo,Muy bajo,Muy bajo,Muy bajo,Muy bajo,Bajo
Burganes de Valverde (Zamora),Muy bajo,Bajo,Bajo,Bajo,Bajo,Bajo,Bajo
Burgo de Osma-Ciudad de Osma (Soria),Muy bajo,Muy bajo,Muy bajo,Muy bajo,Muy bajo,Bajo,Bajo
Burgohondo (Ávila),Muy bajo,Muy bajo,Muy bajo,Bajo,Bajo,Bajo,Bajo
Burgos (Burgos),Bajo,Bajo,Bajo,Muy bajo,Bajo,Bajo,Moderado
Burgui/Burgi (Navarra),Muy bajo,Bajo,Muy bajo,Muy bajo,Muy bajo,Bajo,Bajo
Burguillos (Sevilla),Bajo,Muy bajo,Muy bajo,Muy bajo,Moderado,Moderado,Bajo
Burguillos de Toledo (Toledo),Muy bajo,Muy bajo,Muy bajo,Muy bajo,Muy bajo,Muy bajo,Muy bajo
Burguillos del Cerro (Badajoz),Muy bajo,Muy bajo,Muy bajo,Muy bajo,Muy bajo,Muy bajo,Bajo
Burjassot (Valencia),Muy bajo,Muy bajo,Muy bajo,Muy bajo,Muy bajo,Muy bajo,Muy bajo
Burlada/Burlata (Navarra),Muy bajo,Muy bajo,Muy bajo,Muy bajo,Muy bajo,Muy bajo,Muy bajo
Burujón (Toledo),Muy bajo,Muy bajo,Muy bajo,Muy bajo,Muy bajo,Muy bajo,Muy bajo
Burón (León),Muy bajo,Muy bajo,Muy bajo,Muy bajo,Muy bajo,Muy bajo,Bajo
Busot (Alicante),Muy bajo,Muy bajo,Muy bajo,Muy bajo,Muy bajo,Muy bajo,Muy bajo
Busquístar (Granada),Muy bajo,Muy bajo,Muy bajo,Muy bajo,Muy bajo,Muy bajo,Muy bajo
Bustares (Guadalajara),Muy bajo,Muy bajo,Muy bajo,Muy bajo,Muy bajo,Bajo,Bajo
Bustarviejo (Madrid),Muy bajo,Muy bajo,Muy bajo,Muy bajo,Muy bajo,Bajo,Bajo
Bustillo de Chaves (Valladolid),Muy bajo,Bajo,Muy bajo,Bajo,Bajo,Bajo,Bajo
Bustillo de la Vega (Palencia),Muy bajo,Muy bajo,Muy bajo,Muy bajo,Bajo,Bajo,Bajo
Bustillo del Oro (Zamora),Muy bajo,Muy bajo,Muy bajo,Muy bajo,Muy bajo,Bajo,Bajo
Bustillo del Páramo (León),Muy bajo,Muy bajo,Muy bajo,Muy bajo,Muy bajo,Muy bajo,Bajo
Bustillo del Páramo de Carrión (Palencia),Muy bajo,Bajo,Muy bajo,Muy bajo,Bajo,Bajo,Bajo
Busto de Bureba (Burgos),Muy bajo,Bajo,Muy bajo,Muy bajo,Muy bajo,Muy bajo,Bajo
Busturia (Vizcaya),Bajo,Bajo,Muy bajo,Muy bajo,Muy bajo,Bajo,Bajo
Buñol (Valencia),Muy bajo,Muy bajo,Muy bajo,Muy bajo,Muy bajo,Muy bajo,Muy bajo
Buñuel (Navarra),Muy bajo,Bajo,Muy bajo,Muy bajo,Bajo,Muy bajo,Bajo
Bàscara (Girona),Muy bajo,Muy bajo,Muy bajo,Muy bajo,Muy bajo,Muy bajo,Muy bajo
Bádenas (Teruel),Muy bajo,Muy bajo,Muy bajo,Muy bajo,Muy bajo,Muy bajo,Muy bajo
Báguena (Teruel),Muy bajo,Muy bajo,Muy bajo,Muy bajo,Muy bajo,Muy bajo,Muy bajo
Bárboles (Zaragoza),Muy bajo,Muy bajo,Muy bajo,Bajo,Bajo,Muy bajo,Bajo
Bárcabo (Huesca),Muy bajo,Muy bajo,Muy bajo,Muy bajo,Muy bajo,Bajo,Bajo
Bárcena de Campos (Palencia),Muy bajo,Bajo,Bajo,Muy bajo,Bajo,Bajo,Bajo
Bárcena de Cicero (Cantabria),Muy bajo,Muy bajo,Muy bajo,Muy bajo,Muy bajo,Bajo,Bajo
Bárcena de Pie de Concha (Cantabria),Muy bajo,Bajo,Muy bajo,Muy bajo,Muy bajo,Muy bajo,Bajo
Báscones de Ojeda (Palencia),Muy bajo,Bajo,Muy bajo,Muy bajo,Muy bajo,Bajo,Bajo
Bèlgida (Valencia),Muy bajo,Muy bajo,Muy bajo,Muy bajo,Muy bajo,Muy bajo,Muy bajo
Bédar (Almería),Muy bajo,Muy bajo,Muy bajo,Muy bajo,Muy bajo,Muy bajo,Muy bajo
Béjar (Salamanca),Muy bajo,Muy bajo,Muy bajo,Muy bajo,Bajo,Bajo,Bajo
Bélmez de la Moraleda (Jaén),Muy bajo,Muy bajo,Muy bajo,Muy bajo,Muy bajo,Muy bajo,Muy bajo
Bérchules (Granada),Muy bajo,Muy bajo,Muy bajo,Muy bajo,Muy bajo,Muy bajo,Muy bajo
Bétera (Valencia),Muy bajo,Muy bajo,Muy bajo,Muy bajo,Muy bajo,Muy bajo,Muy bajo
Bóveda (Lugo),Bajo,Muy bajo,Muy bajo,Bajo,Bajo,Bajo,Bajo
Bóveda del Río Almar (Salamanca),Muy bajo,Muy bajo,Muy bajo,Muy bajo,Muy bajo,Muy bajo,Bajo
Búger (Baleares),Muy bajo,Muy bajo,Muy bajo,Muy bajo,Muy bajo,Muy bajo,Muy bajo
Cabacés (Tarragona),Muy bajo,Muy bajo,Muy bajo,Muy bajo,Muy bajo,Muy bajo,Muy bajo
Caballar (Segovia),Muy bajo,Muy bajo,Muy bajo,Muy bajo,Muy bajo,Bajo,Bajo
Cabana de Bergantiños (A Coruña),Bajo,Muy bajo,Muy bajo,Muy bajo,Muy bajo,Bajo,Bajo
Cabanabona (Lleida),Muy bajo,Muy bajo,Muy bajo,Muy bajo,Muy bajo,Muy bajo,Muy bajo
Cabanas (A Coruña),Bajo,Muy bajo,Muy bajo,Bajo,Bajo,Bajo,Bajo
Cabanelles (Girona),Muy bajo,Muy bajo,Muy bajo,Muy bajo,Muy bajo,Muy bajo,Muy bajo
Cabanes (Castellón),Muy bajo,Muy bajo,Muy bajo,Bajo,Bajo,Muy bajo,Muy bajo
Cabanes (Girona),Muy bajo,Muy bajo,Muy bajo,Muy bajo,Muy bajo,Muy bajo,Muy bajo
Cabanillas (Navarra),Muy bajo,Muy bajo,Muy bajo,Muy bajo,Bajo,Muy bajo,Bajo
Cabanillas de la Sierra (Madrid),Muy bajo,Muy bajo,Muy bajo,Muy bajo,Muy bajo,Muy bajo,Bajo
Cabanillas del Campo (Guadalajara),Muy bajo,Muy bajo,Muy bajo,Muy bajo,Muy bajo,Muy bajo,Muy bajo
Cabañas Raras (León),Muy bajo,Muy bajo,Muy bajo,Muy bajo,Muy bajo,Muy bajo,Bajo
Cabañas de Ebro (Zaragoza),Muy bajo,Muy bajo,Muy bajo,Muy bajo,Bajo,Muy bajo,Muy bajo
Cabañas de Polendos (Segovia),Muy bajo,Muy bajo,Muy bajo,Muy bajo,Muy bajo,Bajo,Bajo
Cabañas de Sayago (Zamora),Muy bajo,Muy bajo,Muy bajo,Muy bajo,Muy bajo,Bajo,Bajo
Cabañas de Yepes (Toledo),Muy bajo,Muy bajo,Muy bajo,Muy bajo,Muy bajo,Muy bajo,Muy bajo
Cabañas de la Sagra (Toledo),Muy bajo,Muy bajo,Muy bajo,Muy bajo,Muy bajo,Muy bajo,Muy bajo
Cabañas del Castillo (Cáceres),Muy bajo,Muy bajo,Muy bajo,Muy bajo,Muy bajo,Muy bajo,Muy bajo
Cabañes de Esgueva (Burgos),Bajo,Bajo,Muy bajo,Bajo,Bajo,Bajo,Bajo
Cabeza Alta (nan),Bajo,Bajo,Muy bajo,Bajo,Muy bajo,Bajo,Moderado
Cabeza del Buey (Badajoz),Muy bajo,Muy bajo,Muy bajo,Muy bajo,Muy bajo,Muy bajo,Muy bajo
Cabeza del Caballo (Salamanca),Bajo,Muy bajo,Muy bajo,Muy bajo,Bajo,Bajo,Bajo
Cabeza la Vaca (Badajoz),Muy bajo,Muy bajo,Muy bajo,Muy bajo,Bajo,Muy bajo,Bajo
Cabezabellosa (Cáceres),Muy bajo,Muy bajo,Muy bajo,Muy bajo,Muy bajo,Muy bajo,Bajo
Cabezabellosa de la Calzada (Salamanca),Muy bajo,Muy bajo,Muy bajo,Muy bajo,Muy bajo,Muy bajo,Bajo
Cabezamesada (Toledo),Muy bajo,Muy bajo,Muy bajo,Muy bajo,Muy bajo,Muy bajo,Muy bajo
Cabezarados (Ciudad Real),Muy bajo,Muy bajo,Muy bajo,Muy bajo,Muy bajo,Muy bajo,Muy bajo
Cabezarrubias del Puerto (Ciudad Real),Muy bajo,Muy bajo,Muy bajo,Muy bajo,Muy bajo,Muy bajo,Muy bajo
Cabezas Rubias (Huelva),Bajo,Muy bajo,Muy bajo,Muy bajo,Bajo,Bajo,Bajo
Cabezas de Alambre (Ávila),Muy bajo,Muy bajo,Muy bajo,Muy bajo,Muy bajo,Muy bajo,Bajo
Cabezas del Pozo (Ávila),Muy bajo,Muy bajo,Muy bajo,Muy bajo,Muy bajo,Muy bajo,Bajo
Cabezas del Villar (Ávila),Muy bajo,Muy bajo,Muy bajo,Muy bajo,Muy bajo,Bajo,Bajo
Cabezuela (Segovia),Muy bajo,Muy bajo,Muy bajo,Muy bajo,Muy bajo,Muy bajo,Bajo
Cabezuela del Valle (Cáceres),Muy bajo,Muy bajo,Muy bajo,Muy bajo,Muy bajo,Muy bajo,Bajo
Cabezón de Cameros (La Rioja),Bajo,Bajo,Muy bajo,Muy bajo,Muy bajo,Muy bajo,Bajo
Cabezón de Liébana (Cantabria),Muy bajo,Bajo,Muy bajo,Muy bajo,Muy bajo,Muy bajo,Bajo
Cabezón de Pisuerga (Valladolid),Muy bajo,Muy bajo,Muy bajo,Muy bajo,Bajo,Bajo,Bajo
Cabezón de Valderaduey (Valladolid),Muy bajo,Bajo,Muy bajo,Bajo,Bajo,Bajo,Bajo
Cabezón de la Sal (Cantabria),Muy bajo,Muy bajo,Muy bajo,Muy bajo,Muy bajo,Muy bajo,Bajo
Cabezón de la Sierra (Burgos),Bajo,Bajo,Muy bajo,Muy bajo,Bajo,Bajo,Bajo
Cabizuela (Ávila),Muy bajo,Muy bajo,Muy bajo,Muy bajo,Muy bajo,Muy bajo,Bajo
Cabolafuente (Zaragoza),Muy bajo,Muy bajo,Muy bajo,Muy bajo,Muy bajo,Muy bajo,Muy bajo
Cabra (Córdoba),Muy bajo,Muy bajo,Muy bajo,Muy bajo,Muy bajo,Muy bajo,Muy bajo
Cabra de Mora (Teruel),Muy bajo,Muy bajo,Muy bajo,Muy bajo,Muy bajo,Muy bajo,Bajo
Cabra del Camp (Tarragona),Muy bajo,Muy bajo,Muy bajo,Muy bajo,Muy bajo,Muy bajo,Muy bajo
Cabra del Santo Cristo (Jaén),Muy bajo,Muy bajo,Muy bajo,Muy bajo,Muy bajo,Muy bajo,Muy bajo
Cabrales (Asturias),Muy bajo,Muy bajo,Muy bajo,Muy bajo,Muy bajo,Bajo,Bajo
Cabranes (Asturias),Muy bajo,Bajo,Muy bajo,Muy bajo,Muy bajo,Bajo,Moderado
Cabredo (Navarra),Bajo,Bajo,Muy bajo,Muy bajo,Muy bajo,Muy bajo,Bajo
Cabrejas del Campo (Soria),Muy bajo,Muy bajo,Muy bajo,Muy bajo,Bajo,Bajo,Bajo
Cabrejas del Pinar (Soria),Muy bajo,Muy bajo,Muy bajo,Muy bajo,Muy bajo,Bajo,Bajo
Cabrera d'Anoia (Barcelona),Muy bajo,Muy bajo,Muy bajo,Muy bajo,Muy bajo,Muy bajo,Muy bajo
Cabrera de Mar (Barcelona),Muy bajo,Muy bajo,Muy bajo,Muy bajo,Muy bajo,Muy bajo,Muy bajo
Cabrerizos (Salamanca),Muy bajo,Muy bajo,Muy bajo,Muy bajo,Muy bajo,Muy bajo,Bajo
Cabrero (Cáceres),Muy bajo,Muy bajo,Muy bajo,Muy bajo,Muy bajo,Muy bajo,Bajo
Cabreros del Monte (Valladolid),Muy bajo,Muy bajo,Muy bajo,Bajo,Bajo,Bajo,Bajo
Cabreros del Río (León),Muy bajo,Muy bajo,Muy bajo,Muy bajo,Muy bajo,Muy bajo,Muy bajo
Cabrillanes (León),Bajo,Bajo,Muy bajo,Muy bajo,Muy bajo,Bajo,Bajo
Cabrillas (Salamanca),Muy bajo,Muy bajo,Muy bajo,Muy bajo,Bajo,Bajo,Bajo
Cabrils (Barcelona),Muy bajo,Muy bajo,Muy bajo,Muy bajo,Muy bajo,Muy bajo,Muy bajo
Cabuérniga (Cantabria),Muy bajo,Muy bajo,Muy bajo,Muy bajo,Muy bajo,Muy bajo,Bajo
Cabó (Lleida),Muy bajo,Muy bajo,Muy bajo,Muy bajo,Muy bajo,Bajo,Moderado
Cacabelos (León),Muy bajo,Muy bajo,Muy bajo,Muy bajo,Muy bajo,Muy bajo,Bajo
Cachorrilla (Cáceres),Muy bajo,Muy bajo,Muy bajo,Muy bajo,Muy bajo,Bajo,Bajo
Cacín (Granada),Moderado,Muy bajo,Muy bajo,Muy bajo,Muy bajo,Muy bajo,Muy bajo
Cadalso (Cáceres),Muy bajo,Muy bajo,Muy bajo,Muy bajo,Muy bajo,Bajo,Bajo
Cadalso de los Vidrios (Madrid),Muy bajo,Muy bajo,Muy bajo,Muy bajo,Muy bajo,Bajo,Bajo
Cadaqués (Girona),Muy bajo,Muy bajo,Muy bajo,Muy bajo,Bajo,Muy bajo,Muy bajo
Cadreita (Navarra),Muy bajo,Bajo,Muy bajo,Muy bajo,Muy bajo,Muy bajo,Bajo
Cadrete (Zaragoza),Muy bajo,Muy bajo,Muy bajo,Muy bajo,Muy bajo,Muy bajo,Muy bajo
Cala (Huelva),Muy bajo,Muy bajo,Muy bajo,Muy bajo,Bajo,Muy bajo,Bajo
Calabazas de Fuentidueña (Segovia),Muy bajo,Muy bajo,Muy bajo,Muy bajo,Muy bajo,Bajo,Bajo
Calaceite (Teruel),Muy bajo,Muy bajo,Muy bajo,Muy bajo,Muy bajo,Muy bajo,Muy bajo
Calaf (Barcelona),Muy bajo,Muy bajo,Muy bajo,Muy bajo,Muy bajo,Muy bajo,Muy bajo
Calafell (Tarragona),Muy bajo,Muy bajo,Muy bajo,Muy bajo,Muy bajo,Muy bajo,Muy bajo
Calahorra (La Rioja),Bajo,Moderado,Muy bajo,Muy bajo,Bajo,Bajo,Bajo
Calahorra de Boedo (Palencia),Muy bajo,Bajo,Muy bajo,Muy bajo,Muy bajo,Bajo,Bajo
Calamocha (Teruel),Muy bajo,Muy bajo,Muy bajo,Muy bajo,Muy bajo,Muy bajo,Muy bajo
Calamonte (Badajoz),Muy bajo,Muy bajo,Muy bajo,Muy bajo,Muy bajo,Bajo,Bajo
Calanda (Teruel),Muy bajo,Muy bajo,Muy bajo,Muy bajo,Muy bajo,Muy bajo,Muy bajo
Calasparra (Murcia),Muy bajo,Muy bajo,Muy bajo,Muy bajo,Muy bajo,Muy bajo,Muy bajo
Calatayud (Zaragoza),Muy bajo,Muy bajo,Muy bajo,Muy bajo,Muy bajo,Muy bajo,Muy bajo
Calatañazor (Soria),Muy bajo,Muy bajo,Muy bajo,Muy bajo,Muy bajo,Bajo,Bajo
Calatorao (Zaragoza),Muy bajo,Muy bajo,Muy bajo,Muy bajo,Bajo,Muy bajo,Bajo
Calañas (Huelva),Bajo,Muy bajo,Muy bajo,Muy bajo,Bajo,Bajo,Bajo
Calcena (Zaragoza),Muy bajo,Muy bajo,Muy bajo,Muy bajo,Muy bajo,Muy bajo,Bajo
Caldas de Reis (Pontevedra),Bajo,Muy bajo,Muy bajo,Bajo,Bajo,Bajo,Bajo
Caldearenas (Huesca),Muy bajo,Muy bajo,Muy bajo,Muy bajo,Muy bajo,Bajo,Bajo
Calders (Barcelona),Muy bajo,Muy bajo,Muy bajo,Muy bajo,Muy bajo,Muy bajo,Muy bajo
Caldes d'Estrac (Barcelona),Muy bajo,Muy bajo,Muy bajo,Muy bajo,Muy bajo,Muy bajo,Muy bajo
Caldes de Malavella (Girona),Muy bajo,Muy bajo,Muy bajo,Muy bajo,Muy bajo,Muy bajo,Muy bajo
Caldes de Montbui (Barcelona),Muy bajo,Muy bajo,Muy bajo,Muy bajo,Muy bajo,Muy bajo,Muy bajo
Calella (Barcelona),Muy bajo,Muy bajo,Muy bajo,Muy bajo,Muy bajo,Muy bajo,Muy bajo
Calera de León (Badajoz),Muy bajo,Muy bajo,Muy bajo,Muy bajo,Bajo,Muy bajo,Bajo
Calera y Chozas (Toledo),Muy bajo,Muy bajo,Muy bajo,Muy bajo,Muy bajo,Muy bajo,Muy bajo
Caleruega (Burgos),Bajo,Bajo,Muy bajo,Muy bajo,Muy bajo,Bajo,Bajo
Caleruela (Toledo),Muy bajo,Muy bajo,Muy bajo,Muy bajo,Muy bajo,Bajo,Bajo
Calicasas (Granada),Bajo,Muy bajo,Muy bajo,Muy bajo,Muy bajo,Muy bajo,Muy bajo
Calldetenes (Barcelona),Muy bajo,Muy bajo,Muy bajo,Muy bajo,Muy bajo,Muy bajo,Bajo
Calles (Valencia),Muy bajo,Muy bajo,Muy bajo,Muy bajo,Muy bajo,Muy bajo,Muy bajo
Callosa d'en Sarrià (Alicante),Muy bajo,Muy bajo,Muy bajo,Muy bajo,Muy bajo,Muy bajo,Muy bajo
Callosa de Segura (Alicante),Muy bajo,Muy bajo,Muy bajo,Muy bajo,Muy bajo,Muy bajo,Muy bajo
Callús (Barcelona),Muy bajo,Muy bajo,Muy bajo,Muy bajo,Muy bajo,Muy bajo,Muy bajo
Calmarza (Zaragoza),Muy bajo,Muy bajo,Muy bajo,Muy bajo,Muy bajo,Muy bajo,Bajo
Calomarde (Teruel),Muy bajo,Muy bajo,Muy bajo,Muy bajo,Muy bajo,Bajo,Bajo
Calonge de Segarra (Barcelona),Muy bajo,Muy bajo,Muy bajo,Muy bajo,Muy bajo,Muy bajo,Muy bajo
Calonge i Sant Antoni (Girona),Muy bajo,Muy bajo,Muy bajo,Muy bajo,Muy bajo,Muy bajo,Muy bajo
Calp (Alicante),Muy bajo,Muy bajo,Muy bajo,Muy bajo,Muy bajo,Muy bajo,Muy bajo
Caltojar (Soria),Muy bajo,Muy bajo,Muy bajo,Bajo,Muy bajo,Bajo,Bajo
Calvarrasa de Abajo (Salamanca),Muy bajo,Muy bajo,Muy bajo,Muy bajo,Muy bajo,Muy bajo,Bajo
Calvarrasa de Arriba (Salamanca),Muy bajo,Muy bajo,Muy bajo,Muy bajo,Muy bajo,Bajo,Bajo
Calvià (Baleares),Muy bajo,Muy bajo,Muy bajo,Muy bajo,Muy bajo,Muy bajo,Muy bajo
Calvos de Randín (Ourense),Bajo,Muy bajo,Muy bajo,Muy bajo,Muy bajo,Bajo,Bajo
Calzada de Calatrava (Ciudad Real),Muy bajo,Muy bajo,Muy bajo,Muy bajo,Bajo,Bajo,Bajo
Calzada de Don Diego (Salamanca),Muy bajo,Muy bajo,Muy bajo,Muy bajo,Bajo,Bajo,Bajo
Calzada de Oropesa (Toledo),Muy bajo,Muy bajo,Muy bajo,Muy bajo,Muy bajo,Bajo,Bajo
Calzada de Valdunciel (Salamanca),Muy bajo,Muy bajo,Muy bajo,Muy bajo,Muy bajo,Bajo,Bajo
Calzada de los Molinos (Palencia),Muy bajo,Bajo,Bajo,Muy bajo,Bajo,Bajo,Bajo
Calzada del Coto (León),Muy bajo,Muy bajo,Muy bajo,Muy bajo,Muy bajo,Bajo,Bajo
Calzadilla (Cáceres),Muy bajo,Muy bajo,Muy bajo,Muy bajo,Muy bajo,Muy bajo,Muy bajo
Calzadilla de Tera (Zamora),Muy bajo,Muy bajo,Muy bajo,Muy bajo,Muy bajo,Bajo,Bajo
Calzadilla de los Barros (Badajoz),Muy bajo,Muy bajo,Muy bajo,Muy bajo,Muy bajo,Muy bajo,Muy bajo
Camaleño (Cantabria),Muy bajo,Bajo,Muy bajo,Muy bajo,Muy bajo,Muy bajo,Bajo
Camarasa (Lleida),Muy bajo,Muy bajo,Muy bajo,Muy bajo,Muy bajo,Muy bajo,Bajo
Camarena (Toledo),Muy bajo,Muy bajo,Muy bajo,Muy bajo,Muy bajo,Muy bajo,Muy bajo
Camarena de la Sierra (Teruel),Muy bajo,Muy bajo,Muy bajo,Muy bajo,Muy bajo,Muy bajo,Muy bajo
Camarenilla (Toledo),Muy bajo,Muy bajo,Muy bajo,Muy bajo,Muy bajo,Muy bajo,Muy bajo
Camargo (Cantabria),Muy bajo,Muy bajo,Muy bajo,Muy bajo,Muy bajo,Muy bajo,Muy bajo
Camarillas (Teruel),Muy bajo,Muy bajo,Muy bajo,Muy bajo,Muy bajo,Muy bajo,Bajo
Camariñas (A Coruña),Bajo,Bajo,Muy bajo,Muy bajo,Bajo,Bajo,Bajo
Camarles (Tarragona),Muy bajo,Muy bajo,Muy bajo,Muy bajo,Muy bajo,Muy bajo,Muy bajo
Camarma de Esteruelas (Madrid),Muy bajo,Muy bajo,Muy bajo,Muy bajo,Muy bajo,Muy bajo,Muy bajo
Camarzana de Tera (Zamora),Muy bajo,Muy bajo,Muy bajo,Muy bajo,Muy bajo,Bajo,Bajo
Camas (Sevilla),Muy bajo,Muy bajo,Muy bajo,Muy bajo,Muy bajo,Muy bajo,Muy bajo
Camañas (Teruel),Muy bajo,Muy bajo,Muy bajo,Muy bajo,Muy bajo,Muy bajo,Muy bajo
Cambados (Pontevedra),Muy bajo,Muy bajo,Muy bajo,Muy bajo,Muy bajo,Muy bajo,Muy bajo
Cambil (Jaén),Muy bajo,Muy bajo,Muy bajo,Muy bajo,Muy bajo,Muy bajo,Muy bajo
Cambre (A Coruña),Muy bajo,Muy bajo,Muy bajo,Muy bajo,Muy bajo,Muy bajo,Muy bajo
Cambrils (Tarragona),Muy bajo,Muy bajo,Muy bajo,Muy bajo,Muy bajo,Muy bajo,Muy bajo
Caminomorisco (Cáceres),Muy bajo,Muy bajo,Muy bajo,Muy bajo,Muy bajo,Bajo,Bajo
Caminreal (Teruel),Muy bajo,Muy bajo,Muy bajo,Muy bajo,Muy bajo,Muy bajo,Muy bajo
Campanario (Badajoz),Muy bajo,Muy bajo,Muy bajo,Muy bajo,Muy bajo,Muy bajo,Muy bajo
Campanet (Baleares),Muy bajo,Muy bajo,Muy bajo,Muy bajo,Muy bajo,Muy bajo,Muy bajo
Campaspero (Valladolid),Muy bajo,Muy bajo,Muy bajo,Muy bajo,Muy bajo,Bajo,Bajo
Campazas (León),Muy bajo,Bajo,Muy bajo,Muy bajo,Muy bajo,Bajo,Bajo
Campdevànol (Girona),Muy bajo,Muy bajo,Muy bajo,Muy bajo,Muy bajo,Bajo,Bajo
Campelles (Girona),Muy bajo,Muy bajo,Muy bajo,Muy bajo,Muy bajo,Bajo,Bajo
Campezo/Kanpezu (Álava),Bajo,Bajo,Muy bajo,Muy bajo,Muy bajo,Muy bajo,Bajo
Campillo de Altobuey (Cuenca),Muy bajo,Muy bajo,Muy bajo,Muy bajo,Muy bajo,Bajo,Muy bajo
Campillo de Aragón (Zaragoza),Muy bajo,Muy bajo,Muy bajo,Muy bajo,Muy bajo,Muy bajo,Bajo
Campillo de Aranda (Burgos),Muy bajo,Muy bajo,Muy bajo,Muy bajo,Muy bajo,Muy bajo,Bajo
Campillo de Arenas (Jaén),Muy bajo,Muy bajo,Muy bajo,Muy bajo,Muy bajo,Muy bajo,Muy bajo
Campillo de Azaba (Salamanca),Bajo,Muy bajo,Muy bajo,Muy bajo,Bajo,Bajo,Bajo
Campillo de Deleitosa (Cáceres),Muy bajo,Muy bajo,Muy bajo,Muy bajo,Muy bajo,Muy bajo,Muy bajo
Campillo de Dueñas (Guadalajara),Muy bajo,Muy bajo,Muy bajo,Muy bajo,Muy bajo,Bajo,Bajo
Campillo de Llerena (Badajoz),Muy bajo,Muy bajo,Muy bajo,Muy bajo,Muy bajo,Muy bajo,Muy bajo
Campillo de Ranas (Guadalajara),Muy bajo,Muy bajo,Muy bajo,Muy bajo,Muy bajo,Bajo,Bajo
Campillos (Málaga),Muy bajo,Muy bajo,Muy bajo,Muy bajo,Muy bajo,Muy bajo,Muy bajo
Campillos-Paravientos (Cuenca),Muy bajo,Muy bajo,Muy bajo,Muy bajo,Muy bajo,Muy bajo,Muy bajo
Campillos-Sierra (Cuenca),Muy bajo,Muy bajo,Muy bajo,Muy bajo,Muy bajo,Bajo,Bajo
Campins (Barcelona),Muy bajo,Muy bajo,Muy bajo,Muy bajo,Muy bajo,Muy bajo,Muy bajo
Campisábalos (Guadalajara),Muy bajo,Muy bajo,Muy bajo,Muy bajo,Muy bajo,Bajo,Bajo
Campllong (Girona),Muy bajo,Muy bajo,Muy bajo,Muy bajo,Muy bajo,Muy bajo,Muy bajo
Campo (Huesca),Muy bajo,Muy bajo,Muy bajo,Muy bajo,Muy bajo,Bajo,Bajo
Campo Lameiro (Pontevedra),Moderado,Bajo,Muy bajo,Bajo,Bajo,Bajo,Moderado
Campo Lugar (Cáceres),Muy bajo,Muy bajo,Muy bajo,Muy bajo,Muy bajo,Bajo,Muy bajo
Campo Real (Madrid),Muy bajo,Muy bajo,Muy bajo,Muy bajo,Muy bajo,Bajo,Muy bajo
Campo de Criptana (Ciudad Real),Muy bajo,Muy bajo,Muy bajo,Muy bajo,Muy bajo,Muy bajo,Muy bajo
Campo de San Pedro (Segovia),Muy bajo,Muy bajo,Muy bajo,Muy bajo,Muy bajo,Bajo,Bajo
Campo de Villavidel (León),Muy bajo,Muy bajo,Muy bajo,Muy bajo,Muy bajo,Muy bajo,Muy bajo
Campofrío (Huelva),Muy bajo,Muy bajo,Muy bajo,Muy bajo,Bajo,Bajo,Bajo
Campolara (Burgos),Bajo,Bajo,Muy bajo,Bajo,Bajo,Bajo,Moderado
Camponaraya (León),Muy bajo,Muy bajo,Muy bajo,Muy bajo,Muy bajo,Muy bajo,Bajo
Campoo de Enmedio (Cantabria),Muy bajo,Bajo,Muy bajo,Muy bajo,Muy bajo,Muy bajo,Bajo
Campoo de Yuso (Cantabria),Muy bajo,Moderado,Muy bajo,Muy bajo,Muy bajo,Muy bajo,Bajo
Camporredondo (Valladolid),Muy bajo,Muy bajo,Muy bajo,Muy bajo,Muy bajo,Muy bajo,Bajo
Camporrobles (Valencia),Muy bajo,Muy bajo,Muy bajo,Muy bajo,Muy bajo,Muy bajo,Muy bajo
Camporrélls (Huesca),Muy bajo,Muy bajo,Muy bajo,Muy bajo,Muy bajo,Muy bajo,Bajo
Campos (Baleares),Bajo,Bajo,Bajo,Muy bajo,Muy bajo,Muy bajo,Bajo
Campos del Paraíso (Cuenca),Muy bajo,Muy bajo,Muy bajo,Muy bajo,Muy bajo,Muy bajo,Muy bajo
Campos del Río (Murcia),Muy bajo,Muy bajo,Muy bajo,Muy bajo,Muy bajo,Muy bajo,Muy bajo
Campotéjar (Granada),Muy bajo,Muy bajo,Muy bajo,Muy bajo,Muy bajo,Muy bajo,Muy bajo
Camprodon (Girona),Muy bajo,Muy bajo,Muy bajo,Muy bajo,Muy bajo,Muy bajo,Bajo
Camprovín (La Rioja),Bajo,Bajo,Muy bajo,Muy bajo,Muy bajo,Muy bajo,Bajo
Camuñas (Toledo),Muy bajo,Muy bajo,Muy bajo,Muy bajo,Muy bajo,Muy bajo,Muy bajo
Camós (Girona),Muy bajo,Muy bajo,Muy bajo,Muy bajo,Muy bajo,Muy bajo,Muy bajo
Canal de Berdún (Huesca),Bajo,Bajo,Muy bajo,Muy bajo,Muy bajo,Bajo,Bajo
Canalejas de Peñafiel (Valladolid),Bajo,Muy bajo,Muy bajo,Muy bajo,Muy bajo,Bajo,Bajo
Canalejas del Arroyo (Cuenca),Muy bajo,Muy bajo,Muy bajo,Muy bajo,Muy bajo,Muy bajo,Muy bajo
Canales (Ávila),Muy bajo,Muy bajo,Muy bajo,Muy bajo,Muy bajo,Muy bajo,Bajo
Canales de la Sierra (La Rioja),Bajo,Bajo,Muy bajo,Muy bajo,Muy bajo,Bajo,Moderado
Canals (Valencia),Muy bajo,Muy bajo,Muy bajo,Muy bajo,Muy bajo,Muy bajo,Muy bajo
Candamo (Asturias),Muy bajo,Muy bajo,Muy bajo,Muy bajo,Muy bajo,Bajo,Bajo
Candasnos (Huesca),Muy bajo,Bajo,Muy bajo,Moderado,Bajo,Bajo,Bajo
Candelaria (Tenerife),Muy bajo,Muy bajo,Muy bajo,Muy bajo,Muy bajo,Muy bajo,Muy bajo
Candelario (Salamanca),Muy bajo,Muy bajo,Muy bajo,Muy bajo,Bajo,Bajo,Bajo
Candeleda (Ávila),Muy bajo,Muy bajo,Muy bajo,Muy bajo,Muy bajo,Muy bajo,Muy bajo
Candilichera (Soria),Muy bajo,Muy bajo,Muy bajo,Muy bajo,Muy bajo,Bajo,Bajo
Canejan (Lleida),Bajo,Bajo,Muy bajo,Muy bajo,Muy bajo,Bajo,Moderado
Canena (Jaén),Muy bajo,Muy bajo,Muy bajo,Muy bajo,Muy bajo,Muy bajo,Muy bajo
Canencia (Madrid),Muy bajo,Muy bajo,Muy bajo,Muy bajo,Muy bajo,Bajo,Bajo
Canet d'Adri (Girona),Muy bajo,Muy bajo,Muy bajo,Muy bajo,Muy bajo,Muy bajo,Muy bajo
Canet d'En Berenguer (Valencia),Muy bajo,Muy bajo,Muy bajo,Muy bajo,Muy bajo,Muy bajo,Muy bajo
Canet de Mar (Barcelona),Muy bajo,Muy bajo,Muy bajo,Muy bajo,Muy bajo,Muy bajo,Muy bajo
Canet lo Roig (Castellón),Muy bajo,Muy bajo,Muy bajo,Muy bajo,Muy bajo,Muy bajo,Muy bajo
Canfranc (Huesca),Bajo,Muy bajo,Muy bajo,Muy bajo,Muy bajo,Muy bajo,Moderado
Cangas (Pontevedra),Muy bajo,Muy bajo,Muy bajo,Muy bajo,Muy bajo,Muy bajo,Muy bajo
Cangas de Onís (Asturias),Muy bajo,Bajo,Muy bajo,Muy bajo,Muy bajo,Bajo,Bajo
Cangas del Narcea (Asturias),Muy bajo,Muy bajo,Muy bajo,Muy bajo,Muy bajo,Muy bajo,Bajo
Canicosa de la Sierra (Burgos),Bajo,Bajo,Muy bajo,Muy bajo,Muy bajo,Bajo,Bajo
Caniles (Granada),Muy bajo,Muy bajo,Muy bajo,Muy bajo,Muy bajo,Muy bajo,Muy bajo
Canillas de Abajo (Salamanca),Muy bajo,Muy bajo,Muy bajo,Muy bajo,Bajo,Bajo,Bajo
Canillas de Aceituno (Málaga),Muy bajo,Muy bajo,Muy bajo,Muy bajo,Muy bajo,Muy bajo,Bajo
Canillas de Albaida (Málaga),Muy bajo,Muy bajo,Muy bajo,Muy bajo,Muy bajo,Muy bajo,Muy bajo
Canillas de Esgueva (Valladolid),Bajo,Muy bajo,Bajo,Bajo,Bajo,Bajo,Bajo
Canillas de Río Tuerto (La Rioja),Bajo,Bajo,Muy bajo,Muy bajo,Muy bajo,Muy bajo,Bajo
Canjáyar (Almería),Muy bajo,Muy bajo,Muy bajo,Muy bajo,Muy bajo,Muy bajo,Muy bajo
Canovelles (Barcelona),Muy bajo,Muy bajo,Muy bajo,Muy bajo,Muy bajo,Muy bajo,Muy bajo
Canredondo (Guadalajara),Muy bajo,Muy bajo,Muy bajo,Muy bajo,Muy bajo,Bajo,Bajo
Cantabrana (Burgos),Muy bajo,Bajo,Muy bajo,Muy bajo,Muy bajo,Muy bajo,Bajo
Cantagallo (Salamanca),Muy bajo,Muy bajo,Muy bajo,Muy bajo,Bajo,Bajo,Bajo
Cantalapiedra (Salamanca),Muy bajo,Muy bajo,Muy bajo,Muy bajo,Muy bajo,Muy bajo,Bajo
Cantalejo (Segovia),Muy bajo,Muy bajo,Muy bajo,Muy bajo,Muy bajo,Muy bajo,Bajo
Cantallops (Girona),Muy bajo,Muy bajo,Muy bajo,Muy bajo,Muy bajo,Muy bajo,Muy bajo
Cantalojas (Guadalajara),Bajo,Muy bajo,Muy bajo,Muy bajo,Muy bajo,Bajo,Bajo
Cantalpino (Salamanca),Muy bajo,Muy bajo,Muy bajo,Muy bajo,Muy bajo,Muy bajo,Muy bajo
Cantaracillo (Salamanca),Muy bajo,Muy bajo,Muy bajo,Muy bajo,Muy bajo,Muy bajo,Bajo
Cantavieja (Teruel),Muy bajo,Muy bajo,Muy bajo,Muy bajo,Muy bajo,Muy bajo,Bajo
Cantillana (Sevilla),Muy bajo,Muy bajo,Muy bajo,Muy bajo,Bajo,Bajo,Bajo
Cantimpalos (Segovia),Muy bajo,Muy bajo,Muy bajo,Muy bajo,Muy bajo,Bajo,Bajo
Cantiveros (Ávila),Muy bajo,Muy bajo,Muy bajo,Muy bajo,Muy bajo,Muy bajo,Bajo
Cantoria (Almería),Muy bajo,Muy bajo,Muy bajo,Muy bajo,Muy bajo,Muy bajo,Muy bajo
Canyelles (Barcelona),Muy bajo,Muy bajo,Muy bajo,Muy bajo,Muy bajo,Muy bajo,Muy bajo
Capafonts (Tarragona),Muy bajo,Muy bajo,Muy bajo,Muy bajo,Muy bajo,Muy bajo,Muy bajo
Caparroso (Navarra),Muy bajo,Bajo,Muy bajo,Muy bajo,Muy bajo,Muy bajo,Bajo
Capdepera (Baleares),Muy bajo,Muy bajo,Bajo,Muy bajo,Muy bajo,Muy bajo,Muy bajo
Capdesaso (Huesca),Muy bajo,Muy bajo,Muy bajo,Bajo,Muy bajo,Muy bajo,Bajo
Capella (Huesca),Muy bajo,Muy bajo,Muy bajo,Muy bajo,Muy bajo,Bajo,Bajo
Capellades (Barcelona),Muy bajo,Muy bajo,Muy bajo,Muy bajo,Muy bajo,Muy bajo,Muy bajo
Capileira (Granada),Muy bajo,Muy bajo,Muy bajo,Muy bajo,Muy bajo,Muy bajo,Muy bajo
Capilla (Badajoz),Muy bajo,Muy bajo,Muy bajo,Muy bajo,Muy bajo,Muy bajo,Muy bajo
Capillas (Palencia),Muy bajo,Muy bajo,Bajo,Muy bajo,Bajo,Bajo,Bajo
Capmany (Girona),Muy bajo,Muy bajo,Muy bajo,Muy bajo,Muy bajo,Muy bajo,Muy bajo
Capolat (Barcelona),Muy bajo,Muy bajo,Muy bajo,Muy bajo,Muy bajo,Muy bajo,Bajo
Capçanes (Tarragona),Muy bajo,Muy bajo,Muy bajo,Muy bajo,Muy bajo,Muy bajo,Muy bajo
Carabantes (Soria),Muy bajo,Muy bajo,Muy bajo,Muy bajo,Bajo,Bajo,Bajo
Carabaña (Madrid),Muy bajo,Muy bajo,Muy bajo,Muy bajo,Muy bajo,Bajo,Muy bajo
Carabias (Segovia),Muy bajo,Muy bajo,Muy bajo,Muy bajo,Muy bajo,Muy bajo,Bajo
Caracena (Soria),Bajo,Bajo,Muy bajo,Bajo,Bajo,Bajo,Bajo
Caracuel de Calatrava (Ciudad Real),Muy bajo,Muy bajo,Muy bajo,Muy bajo,Muy bajo,Muy bajo,Muy bajo
Carataunas (Granada),Muy bajo,Muy bajo,Muy bajo,Muy bajo,Muy bajo,Muy bajo,Muy bajo
Caravaca de la Cruz (Murcia),Muy bajo,Muy bajo,Muy bajo,Muy bajo,Muy bajo,Muy bajo,Muy bajo
Caravia (Asturias),Muy bajo,Bajo,Muy bajo,Muy bajo,Muy bajo,Bajo,Bajo
Carazo (Burgos),Bajo,Bajo,Muy bajo,Bajo,Bajo,Bajo,Moderado
Carbajales de Alba (Zamora),Muy bajo,Muy bajo,Muy bajo,Muy bajo,Muy bajo,Bajo,Bajo
Carbajo (Cáceres),Muy bajo,Muy bajo,Muy bajo,Muy bajo,Bajo,Bajo,Bajo
Carbajosa de la Sagrada (Salamanca),Muy bajo,Muy bajo,Muy bajo,Muy bajo,Muy bajo,Bajo,Bajo
Carballeda de Avia (Ourense),Bajo,Muy bajo,Muy bajo,Bajo,Bajo,Bajo,Bajo
Carballeda de Valdeorras (Ourense),Muy bajo,Muy bajo,Muy bajo,Muy bajo,Muy bajo,Bajo,Bajo
Carballedo (Lugo),Bajo,Muy bajo,Muy bajo,Bajo,Bajo,Bajo,Bajo
Carballo (A Coruña),Bajo,Muy bajo,Muy bajo,Muy bajo,Muy bajo,Bajo,Bajo
Carbellino (Zamora),Muy bajo,Muy bajo,Muy bajo,Muy bajo,Muy bajo,Bajo,Bajo
Carboneras (Almería),Muy bajo,Muy bajo,Bajo,Muy bajo,Muy bajo,Muy bajo,Muy bajo
Carboneras de Guadazaón (Cuenca),Muy bajo,Muy bajo,Muy bajo,Muy bajo,Muy bajo,Bajo,Muy bajo
Carbonero el Mayor (Segovia),Muy bajo,Muy bajo,Muy bajo,Muy bajo,Muy bajo,Bajo,Bajo
Carboneros (Jaén),Muy bajo,Muy bajo,Muy bajo,Muy bajo,Muy bajo,Muy bajo,Bajo
Carcaboso (Cáceres),Muy bajo,Muy bajo,Muy bajo,Muy bajo,Muy bajo,Muy bajo,Muy bajo
Carcabuey (Córdoba),Muy bajo,Muy bajo,Muy bajo,Muy bajo,Muy bajo,Muy bajo,Muy bajo
Carcaixent (Valencia),Muy bajo,Muy bajo,Muy bajo,Muy bajo,Muy bajo,Muy bajo,Muy bajo
Carcastillo (Navarra),Muy bajo,Muy bajo,Muy bajo,Muy bajo,Muy bajo,Muy bajo,Bajo
Carcedo de Bureba (Burgos),Muy bajo,Bajo,Bajo,Muy bajo,Muy bajo,Bajo,Moderado
Carcedo de Burgos (Burgos),Bajo,Bajo,Muy bajo,Muy bajo,Bajo,Bajo,Bajo
Carcelén (Albacete),Muy bajo,Muy bajo,Muy bajo,Muy bajo,Muy bajo,Muy bajo,Muy bajo
Cardedeu (Barcelona),Muy bajo,Muy bajo,Muy bajo,Muy bajo,Muy bajo,Muy bajo,Muy bajo
Cardenete (Cuenca),Muy bajo,Muy bajo,Muy bajo,Muy bajo,Muy bajo,Muy bajo,Muy bajo
Cardeña (Córdoba),Muy bajo,Muy bajo,Muy bajo,Muy bajo,Muy bajo,Bajo,Bajo
Cardeñadijo (Burgos),Bajo,Moderado,Bajo,Muy bajo,Bajo,Bajo,Moderado
Cardeñajimeno (Burgos),Bajo,Bajo,Bajo,Muy bajo,Bajo,Bajo,Bajo
Cardeñosa (Ávila),Muy bajo,Muy bajo,Muy bajo,Muy bajo,Muy bajo,Bajo,Bajo
Cardeñosa de Volpejera (Palencia),Muy bajo,Bajo,Bajo,Muy bajo,Bajo,Bajo,Bajo
Cardeñuela Riopico (Burgos),Muy bajo,Bajo,Bajo,Muy bajo,Muy bajo,Bajo,Moderado
Cardiel de los Montes (Toledo),Muy bajo,Muy bajo,Muy bajo,Muy bajo,Muy bajo,Muy bajo,Muy bajo
Cardona (Barcelona),Muy bajo,Muy bajo,Muy bajo,Muy bajo,Muy bajo,Muy bajo,Bajo
Carenas (Zaragoza),Muy bajo,Muy bajo,Muy bajo,Muy bajo,Muy bajo,Muy bajo,Muy bajo
Cariñena (Zaragoza),Muy bajo,Muy bajo,Muy bajo,Muy bajo,Bajo,Bajo,Bajo
Cariño (A Coruña),Muy bajo,Muy bajo,Muy bajo,Muy bajo,Bajo,Bajo,Bajo
Carlet (Valencia),Muy bajo,Muy bajo,Muy bajo,Muy bajo,Muy bajo,Muy bajo,Muy bajo
Carme (Barcelona),Muy bajo,Muy bajo,Muy bajo,Muy bajo,Muy bajo,Muy bajo,Muy bajo
Carmena (Toledo),Muy bajo,Muy bajo,Muy bajo,Muy bajo,Muy bajo,Muy bajo,Muy bajo
Carmona (Sevilla),Bajo,Muy bajo,Muy bajo,Muy bajo,Bajo,Bajo,Bajo
Carmonita (Badajoz),Muy bajo,Muy bajo,Muy bajo,Muy bajo,Muy bajo,Bajo,Bajo
Carnota (A Coruña),Bajo,Muy bajo,Muy bajo,Bajo,Bajo,Moderado,Bajo
Carpio (Valladolid),Muy bajo,Muy bajo,Muy bajo,Muy bajo,Muy bajo,Muy bajo,Bajo
Carpio de Azaba (Salamanca),Bajo,Muy bajo,Muy bajo,Muy bajo,Bajo,Bajo,Bajo
Carracedelo (León),Muy bajo,Muy bajo,Muy bajo,Muy bajo,Muy bajo,Muy bajo,Muy bajo
Carral (A Coruña),Bajo,Muy bajo,Muy bajo,Muy bajo,Muy bajo,Bajo,Bajo
Carranque (Toledo),Muy bajo,Muy bajo,Muy bajo,Muy bajo,Muy bajo,Muy bajo,Muy bajo
Carrascal de Barregas (Salamanca),Muy bajo,Muy bajo,Muy bajo,Muy bajo,Muy bajo,Bajo,Bajo
Carrascal del Obispo (Salamanca),Muy bajo,Muy bajo,Muy bajo,Muy bajo,Bajo,Bajo,Bajo
Carrascal del Río (Segovia),Muy bajo,Muy bajo,Muy bajo,Muy bajo,Muy bajo,Muy bajo,Bajo
Carrascalejo (Cáceres),Muy bajo,Muy bajo,Muy bajo,Muy bajo,Muy bajo,Muy bajo,Muy bajo
Carrascosa (Cuenca),Muy bajo,Muy bajo,Muy bajo,Muy bajo,Muy bajo,Muy bajo,Bajo
Carrascosa de Abajo (Soria),Muy bajo,Bajo,Muy bajo,Muy bajo,Bajo,Bajo,Bajo
Carrascosa de Haro (Cuenca),Muy bajo,Muy bajo,Muy bajo,Muy bajo,Muy bajo,Muy bajo,Bajo
Carrascosa de la Sierra (Soria),Muy bajo,Muy bajo,Muy bajo,Muy bajo,Muy bajo,Bajo,Bajo
Carratraca (Málaga),Muy bajo,Muy bajo,Muy bajo,Muy bajo,Muy bajo,Muy bajo,Muy bajo
Carreño (Asturias),Muy bajo,Muy bajo,Muy bajo,Muy bajo,Muy bajo,Bajo,Bajo
Carrias (Burgos),Bajo,Moderado,Bajo,Muy bajo,Muy bajo,Bajo,Moderado
Carriches (Toledo),Muy bajo,Muy bajo,Muy bajo,Muy bajo,Muy bajo,Muy bajo,Muy bajo
Carrizo (León),Muy bajo,Muy bajo,Muy bajo,Muy bajo,Muy bajo,Muy bajo,Bajo
Carrizosa (Ciudad Real),Muy bajo,Muy bajo,Muy bajo,Muy bajo,Muy bajo,Muy bajo,Muy bajo
Carrión de Calatrava (Ciudad Real),Muy bajo,Muy bajo,Muy bajo,Muy bajo,Muy bajo,Muy bajo,Muy bajo
Carrión de los Condes (Palencia),Muy bajo,Bajo,Bajo,Muy bajo,Bajo,Bajo,Bajo
Carrión de los Céspedes (Sevilla),Bajo,Bajo,Bajo,Bajo,Muy alto,Moderado,Bajo
Carrocera (León),Muy bajo,Muy bajo,Muy bajo,Muy bajo,Muy bajo,Muy bajo,Bajo
Carrícola (Valencia),Muy bajo,Muy bajo,Muy bajo,Muy bajo,Muy bajo,Muy bajo,Muy bajo
Cartagena (Murcia),Muy bajo,Muy bajo,Muy bajo,Muy bajo,Muy bajo,Muy bajo,Muy bajo
Cartajima (Málaga),Muy bajo,Muy bajo,Muy bajo,Muy bajo,Bajo,Bajo,Bajo
Cartaya (Huelva),Muy bajo,Muy bajo,Muy bajo,Muy bajo,Moderado,Bajo,Bajo
Cartelle (Ourense),Bajo,Muy bajo,Muy bajo,Muy bajo,Bajo,Bajo,Bajo
Cartes (Cantabria),Muy bajo,Muy bajo,Muy bajo,Muy bajo,Muy bajo,Muy bajo,Bajo
Carucedo (León),Bajo,Muy bajo,Muy bajo,Muy bajo,Muy bajo,Bajo,Bajo
Casa de Uceda (Guadalajara),Muy bajo,Muy bajo,Muy bajo,Muy bajo,Muy bajo,Muy bajo,Muy bajo
Casabermeja (Málaga),Muy bajo,Muy bajo,Muy bajo,Muy bajo,Muy bajo,Bajo,Bajo
Casafranca (Salamanca),Muy bajo,Muy bajo,Muy bajo,Muy bajo,Bajo,Bajo,Bajo
Casalarreina (La Rioja),Muy bajo,Bajo,Bajo,Muy bajo,Muy bajo,Bajo,Bajo
Casar de Cáceres (Cáceres),Muy bajo,Muy bajo,Muy bajo,Muy bajo,Muy bajo,Muy bajo,Muy bajo
Casar de Palomero (Cáceres),Muy bajo,Muy bajo,Muy bajo,Muy bajo,Muy bajo,Muy bajo,Bajo
Casarabonela (Málaga),Muy bajo,Muy bajo,Muy bajo,Muy bajo,Muy bajo,Muy bajo,Muy bajo
Casarejos (Soria),Muy bajo,Bajo,Muy bajo,Muy bajo,Muy bajo,Bajo,Bajo
Casares (Málaga),Muy bajo,Muy bajo,Muy bajo,Muy bajo,Muy bajo,Muy bajo,Muy bajo
Casares de las Hurdes (Cáceres),Muy bajo,Muy bajo,Muy bajo,Muy bajo,Muy bajo,Bajo,Bajo
Casariche (Sevilla),Muy bajo,Muy bajo,Muy bajo,Muy bajo,Muy bajo,Muy bajo,Muy bajo
Casarrubios del Monte (Toledo),Muy bajo,Muy bajo,Muy bajo,Muy bajo,Muy bajo,Muy bajo,Muy bajo
Casarrubuelos (Madrid),Muy bajo,Muy bajo,Muy bajo,Muy bajo,Muy bajo,Muy bajo,Muy bajo
Casas Altas (Valencia),Muy bajo,Muy bajo,Muy bajo,Muy bajo,Muy bajo,Muy bajo,Muy bajo
Casas Bajas (Valencia),Muy bajo,Muy bajo,Muy bajo,Muy bajo,Muy bajo,Muy bajo,Muy bajo
Casas de Benítez (Cuenca),Muy bajo,Muy bajo,Muy bajo,Muy bajo,Muy bajo,Bajo,Bajo
Casas de Don Antonio (Cáceres),Muy bajo,Muy bajo,Muy bajo,Muy bajo,Muy bajo,Bajo,Bajo
Casas de Don Gómez (Cáceres),Muy bajo,Muy bajo,Muy bajo,Muy bajo,Muy bajo,Muy bajo,Muy bajo
Casas de Don Pedro (Badajoz),Muy bajo,Muy bajo,Muy bajo,Muy bajo,Muy bajo,Bajo,Muy bajo
Casas de Fernando Alonso (Cuenca),Muy bajo,Muy bajo,Muy bajo,Muy bajo,Muy bajo,Bajo,Bajo
Casas de Garcimolina (Cuenca),Muy bajo,Muy bajo,Muy bajo,Muy bajo,Muy bajo,Muy bajo,Muy bajo
Casas de Guijarro (Cuenca),Muy bajo,Muy bajo,Muy bajo,Muy bajo,Muy bajo,Bajo,Bajo
Casas de Haro (Cuenca),Muy bajo,Muy bajo,Muy bajo,Muy bajo,Muy bajo,Bajo,Bajo
Casas de Juan Núñez (Albacete),Muy bajo,Muy bajo,Muy bajo,Muy bajo,Muy bajo,Muy bajo,Muy bajo
Casas de Lázaro (Albacete),Muy bajo,Muy bajo,Muy bajo,Muy bajo,Muy bajo,Bajo,Bajo
Casas de Millán (Cáceres),Muy bajo,Muy bajo,Muy bajo,Muy bajo,Muy bajo,Bajo,Bajo
Casas de Miravete (Cáceres),Muy bajo,Muy bajo,Muy bajo,Muy bajo,Muy bajo,Muy bajo,Muy bajo
Casas de Reina (Badajoz),Muy bajo,Muy bajo,Muy bajo,Muy bajo,Bajo,Muy bajo,Muy bajo
Casas de San Galindo (Guadalajara),Muy bajo,Muy bajo,Muy bajo,Muy bajo,Muy bajo,Muy bajo,Muy bajo
Casas de Ves (Albacete),Muy bajo,Muy bajo,Muy bajo,Muy bajo,Muy bajo,Muy bajo,Muy bajo
Casas de los Pinos (Cuenca),Muy bajo,Muy bajo,Muy bajo,Muy bajo,Muy bajo,Bajo,Bajo
Casas del Castañar (Cáceres),Muy bajo,Muy bajo,Muy bajo,Muy bajo,Muy bajo,Muy bajo,Bajo
Casas del Monte (Cáceres),Muy bajo,Muy bajo,Muy bajo,Muy bajo,Muy bajo,Bajo,Bajo
Casas del Puerto (Ávila),Muy bajo,Muy bajo,Muy bajo,Muy bajo,Muy bajo,Bajo,Bajo
Casas-Ibáñez (Albacete),Muy bajo,Muy bajo,Muy bajo,Muy bajo,Muy bajo,Muy bajo,Muy bajo
Casasbuenas (Toledo),Muy bajo,Muy bajo,Muy bajo,Muy bajo,Muy bajo,Muy bajo,Muy bajo
Casaseca de Campeán (Zamora),Muy bajo,Muy bajo,Muy bajo,Muy bajo,Muy bajo,Muy bajo,Muy bajo
Casaseca de las Chanas (Zamora),Muy bajo,Muy bajo,Muy bajo,Muy bajo,Muy bajo,Bajo,Muy bajo
Casasimarro (Cuenca),Muy bajo,Muy bajo,Muy bajo,Muy bajo,Muy bajo,Bajo,Bajo
Casasola (Ávila),Muy bajo,Muy bajo,Muy bajo,Muy bajo,Muy bajo,Bajo,Bajo
Casasola de Arión (Valladolid),Muy bajo,Muy bajo,Muy bajo,Muy bajo,Muy bajo,Bajo,Bajo
Casatejada (Cáceres),Muy bajo,Muy bajo,Muy bajo,Muy bajo,Muy bajo,Bajo,Bajo
Casavieja (Ávila),Muy bajo,Muy bajo,Muy bajo,Muy bajo,Muy bajo,Bajo,Bajo
Casbas de Huesca (Huesca),Muy bajo,Muy bajo,Muy bajo,Muy bajo,Muy bajo,Muy bajo,Bajo
Cascajares de Bureba (Burgos),Muy bajo,Bajo,Muy bajo,Muy bajo,Muy bajo,Muy bajo,Bajo
Cascajares de la Sierra (Burgos),Bajo,Bajo,Muy bajo,Bajo,Bajo,Bajo,Moderado
Cascante (Navarra),Bajo,Bajo,Muy bajo,Muy bajo,Bajo,Bajo,Bajo
Cascante del Río (Teruel),Muy bajo,Muy bajo,Muy bajo,Muy bajo,Muy bajo,Muy bajo,Muy bajo
Caseres (Tarragona),Muy bajo,Muy bajo,Muy bajo,Muy bajo,Muy bajo,Muy bajo,Muy bajo
Casillas (Ávila),Muy bajo,Muy bajo,Muy bajo,Muy bajo,Muy bajo,Bajo,Bajo
Casillas de Coria (Cáceres),Muy bajo,Muy bajo,Muy bajo,Muy bajo,Muy bajo,Muy bajo,Muy bajo
Casillas de Flores (Salamanca),Muy bajo,Muy bajo,Muy bajo,Muy bajo,Muy bajo,Muy bajo,Bajo
Casinos (Valencia),Muy bajo,Muy bajo,Muy bajo,Muy bajo,Muy bajo,Muy bajo,Muy bajo
Casla (Segovia),Bajo,Muy bajo,Muy bajo,Muy bajo,Muy bajo,Bajo,Bajo
Caso (Asturias),Muy bajo,Muy bajo,Muy bajo,Muy bajo,Muy bajo,Bajo,Bajo
Caspe (Zaragoza),Muy bajo,Muy bajo,Muy bajo,Bajo,Bajo,Muy bajo,Muy bajo
Caspueñas (Guadalajara),Muy bajo,Muy bajo,Muy bajo,Muy bajo,Muy bajo,Muy bajo,Muy bajo
Casserres (Barcelona),Muy bajo,Muy bajo,Muy bajo,Muy bajo,Muy bajo,Muy bajo,Bajo
Cassà de la Selva (Girona),Muy bajo,Muy bajo,Muy bajo,Muy bajo,Muy bajo,Muy bajo,Muy bajo
Castalla (Alicante),Muy bajo,Bajo,Muy bajo,Muy bajo,Muy bajo,Muy bajo,Muy bajo
Castañar de Ibor (Cáceres),Muy bajo,Muy bajo,Muy bajo,Muy bajo,Muy bajo,Muy bajo,Muy bajo
Castañares de Rioja (La Rioja),Muy bajo,Bajo,Bajo,Muy bajo,Muy bajo,Muy bajo,Bajo
Castañeda (Cantabria),Muy bajo,Muy bajo,Muy bajo,Muy bajo,Muy bajo,Muy bajo,Bajo
Castaño del Robledo (Huelva),Muy bajo,Muy bajo,Muy bajo,Muy bajo,Bajo,Bajo,Bajo
Castejón (Cuenca),Muy bajo,Muy bajo,Muy bajo,Muy bajo,Muy bajo,Muy bajo,Muy bajo
Castejón (Navarra),Muy bajo,Bajo,Muy bajo,Muy bajo,Bajo,Muy bajo,Bajo
Castejón de Alarba (Zaragoza),Muy bajo,Muy bajo,Muy bajo,Muy bajo,Muy bajo,Muy bajo,Muy bajo
Castejón de Henares (Guadalajara),Muy bajo,Muy bajo,Muy bajo,Muy bajo,Muy bajo,Muy bajo,Muy bajo
Castejón de Monegros (Huesca),Muy bajo,Muy bajo,Muy bajo,Moderado,Bajo,Muy bajo,Bajo
Castejón de Sos (Huesca),Muy bajo,Muy bajo,Muy bajo,Muy bajo,Muy bajo,Bajo,Moderado
Castejón de Tornos (Teruel),Muy bajo,Muy bajo,Muy bajo,Muy bajo,Muy bajo,Muy bajo,Muy bajo
Castejón de Valdejasa (Zaragoza),Muy bajo,Muy bajo,Muy bajo,Muy bajo,Bajo,Muy bajo,Bajo
Castejón de las Armas (Zaragoza),Muy bajo,Muy bajo,Muy bajo,Muy bajo,Muy bajo,Muy bajo,Muy bajo
Castejón del Puente (Huesca),Muy bajo,Muy bajo,Muy bajo,Muy bajo,Muy bajo,Muy bajo,Bajo
Castel de Cabra (Teruel),Muy bajo,Muy bajo,Muy bajo,Muy bajo,Muy bajo,Muy bajo,Muy bajo
Castelflorite (Huesca),Muy bajo,Muy bajo,Muy bajo,Bajo,Bajo,Muy bajo,Bajo
"Castell d'Aro, Platja d'Aro i s'Agaró (Girona)",Muy bajo,Muy bajo,Muy bajo,Muy bajo,Muy bajo,Muy bajo,Muy bajo
Castell de Cabres (Castellón),Muy bajo,Muy bajo,Muy bajo,Muy bajo,Muy bajo,Muy bajo,Muy bajo
Castell de Castells (Alicante),Muy bajo,Muy bajo,Muy bajo,Muy bajo,Muy bajo,Muy bajo,Muy bajo
Castell de Mur (Lleida),Muy bajo,Muy bajo,Muy bajo,Muy bajo,Muy bajo,Bajo,Bajo
Castell de l'Areny (Barcelona),Muy bajo,Muy bajo,Muy bajo,Muy bajo,Muy bajo,Bajo,Bajo
Castellanos de Castro (Burgos),Muy bajo,Bajo,Bajo,Bajo,Bajo,Bajo,Moderado
Castellanos de Moriscos (Salamanca),Muy bajo,Muy bajo,Muy bajo,Muy bajo,Muy bajo,Muy bajo,Bajo
Castellanos de Villiquera (Salamanca),Muy bajo,Muy bajo,Muy bajo,Muy bajo,Muy bajo,Bajo,Bajo
Castellanos de Zapardiel (Ávila),Muy bajo,Muy bajo,Muy bajo,Muy bajo,Muy bajo,Muy bajo,Bajo
Castellar (Jaén),Muy bajo,Muy bajo,Muy bajo,Muy bajo,Muy bajo,Muy bajo,Muy bajo
Castellar de Santiago (Ciudad Real),Muy bajo,Muy bajo,Muy bajo,Muy bajo,Bajo,Bajo,Bajo
Castellar de la Frontera (Cádiz),Muy bajo,Muy bajo,Muy bajo,Muy bajo,Muy bajo,Muy bajo,Muy bajo
Castellar de la Muela (Guadalajara),Muy bajo,Muy bajo,Muy bajo,Muy bajo,Muy bajo,Bajo,Bajo
Castellar de la Ribera (Lleida),Muy bajo,Muy bajo,Muy bajo,Muy bajo,Muy bajo,Muy bajo,Bajo
Castellar de n'Hug (Barcelona),Muy bajo,Muy bajo,Muy bajo,Muy bajo,Muy bajo,Bajo,Bajo
Castellar del Riu (Barcelona),Muy bajo,Muy bajo,Muy bajo,Muy bajo,Muy bajo,Muy bajo,Bajo
Castellar del Vallès (Barcelona),Muy bajo,Muy bajo,Muy bajo,Muy bajo,Muy bajo,Muy bajo,Muy bajo
Castellbell i el Vilar (Barcelona),Muy bajo,Muy bajo,Muy bajo,Muy bajo,Muy bajo,Muy bajo,Muy bajo
Castellbisbal (Barcelona),Muy bajo,Muy bajo,Muy bajo,Muy bajo,Muy bajo,Muy bajo,Muy bajo
Castellcir (Barcelona),Muy bajo,Muy bajo,Muy bajo,Muy bajo,Muy bajo,Muy bajo,Bajo
Castelldans (Lleida),Muy bajo,Muy bajo,Muy bajo,Muy bajo,Muy bajo,Muy bajo,Muy bajo
Castelldefels (Barcelona),Muy bajo,Muy bajo,Muy bajo,Muy bajo,Muy bajo,Muy bajo,Muy bajo
Castellet i la Gornal (Barcelona),Muy bajo,Muy bajo,Muy bajo,Muy bajo,Muy bajo,Muy bajo,Muy bajo
Castellfollit de Riubregós (Barcelona),Muy bajo,Muy bajo,Muy bajo,Muy bajo,Muy bajo,Muy bajo,Muy bajo
Castellfollit de la Roca (Girona),Muy bajo,Muy bajo,Muy bajo,Muy bajo,Muy bajo,Muy bajo,Bajo
Castellfollit del Boix (Barcelona),Muy bajo,Muy bajo,Muy bajo,Muy bajo,Muy bajo,Muy bajo,Muy bajo
Castellfort (Castellón),Muy bajo,Muy bajo,Muy bajo,Muy bajo,Muy bajo,Muy bajo,Muy bajo
Castellgalí (Barcelona),Muy bajo,Muy bajo,Muy bajo,Muy bajo,Muy bajo,Muy bajo,Muy bajo
Castellnou de Bages (Barcelona),Muy bajo,Muy bajo,Muy bajo,Muy bajo,Muy bajo,Muy bajo,Muy bajo
Castellnou de Seana (Lleida),Muy bajo,Muy bajo,Muy bajo,Muy bajo,Muy bajo,Muy bajo,Muy bajo
Castellnovo (Castellón),Muy bajo,Muy bajo,Muy bajo,Muy bajo,Muy bajo,Muy bajo,Muy bajo
Castellolí (Barcelona),Muy bajo,Muy bajo,Muy bajo,Muy bajo,Muy bajo,Muy bajo,Muy bajo
Castellonet de la Conquesta (Valencia),Muy bajo,Muy bajo,Muy bajo,Muy bajo,Muy bajo,Muy bajo,Muy bajo
Castellote (Teruel),Muy bajo,Muy bajo,Muy bajo,Muy bajo,Muy bajo,Muy bajo,Muy bajo
Castellserà (Lleida),Muy bajo,Muy bajo,Muy bajo,Muy bajo,Muy bajo,Muy bajo,Muy bajo
Castellterçol (Barcelona),Muy bajo,Muy bajo,Muy bajo,Muy bajo,Muy bajo,Muy bajo,Bajo
Castellvell del Camp (Tarragona),Muy bajo,Muy bajo,Muy bajo,Muy bajo,Muy bajo,Muy bajo,Muy bajo
Castellví de Rosanes (Barcelona),Muy bajo,Muy bajo,Muy bajo,Muy bajo,Muy bajo,Muy bajo,Muy bajo
Castellví de la Marca (Barcelona),Muy bajo,Muy bajo,Muy bajo,Muy bajo,Muy bajo,Muy bajo,Muy bajo
Castelló (Valencia),Muy bajo,Muy bajo,Muy bajo,Muy bajo,Muy bajo,Muy bajo,Muy bajo
Castelló d'Empúries (Girona),Muy bajo,Muy bajo,Muy bajo,Muy bajo,Muy bajo,Muy bajo,Muy bajo
Castelló de Farfanya (Lleida),Muy bajo,Muy bajo,Muy bajo,Muy bajo,Muy bajo,Muy bajo,Muy bajo
Castelló de Rugat (Valencia),Muy bajo,Muy bajo,Muy bajo,Muy bajo,Muy bajo,Muy bajo,Muy bajo
Castelló de la Plana/Castellón de la Plana (Castellón),Muy bajo,Muy bajo,Muy bajo,Muy bajo,Muy bajo,Muy bajo,Muy bajo
Castelnou (Teruel),Muy bajo,Muy bajo,Muy bajo,Bajo,Bajo,Bajo,Bajo
Castelserás (Teruel),Muy bajo,Muy bajo,Muy bajo,Muy bajo,Muy bajo,Muy bajo,Muy bajo
Castielfabib (Valencia),Muy bajo,Muy bajo,Muy bajo,Muy bajo,Muy bajo,Muy bajo,Muy bajo
Castiello de Jaca (Huesca),Muy bajo,Muy bajo,Muy bajo,Muy bajo,Muy bajo,Bajo,Moderado
Castigaleu (Huesca),Muy bajo,Muy bajo,Muy bajo,Muy bajo,Muy bajo,Bajo,Bajo
Castil de Peones (Burgos),Muy bajo,Bajo,Bajo,Muy bajo,Muy bajo,Bajo,Moderado
Castil de Vela (Palencia),Muy bajo,Muy bajo,Muy bajo,Muy bajo,Bajo,Bajo,Bajo
Castilblanco (Badajoz),Muy bajo,Muy bajo,Muy bajo,Muy bajo,Muy bajo,Bajo,Muy bajo
Castilblanco de los Arroyos (Sevilla),Bajo,Muy bajo,Muy bajo,Muy bajo,Bajo,Bajo,Bajo
Castildelgado (Burgos),Muy bajo,Bajo,Bajo,Muy bajo,Muy bajo,Bajo,Bajo
Castilfalé (León),Muy bajo,Bajo,Muy bajo,Muy bajo,Muy bajo,Bajo,Bajo
Castilforte (Guadalajara),Muy bajo,Muy bajo,Muy bajo,Muy bajo,Muy bajo,Muy bajo,Muy bajo
Castilfrío de la Sierra (Soria),Muy bajo,Muy bajo,Muy bajo,Muy bajo,Muy bajo,Bajo,Bajo
Castiliscar (Zaragoza),Muy bajo,Muy bajo,Muy bajo,Muy bajo,Muy bajo,Muy bajo,Bajo
Castillazuelo (Huesca),Muy bajo,Muy bajo,Muy bajo,Muy bajo,Muy bajo,Bajo,Bajo
Castilleja de Guzmán (Sevilla),Bajo,Muy bajo,Muy bajo,Bajo,Moderado,Bajo,Bajo
Castilleja de la Cuesta (Sevilla),Muy bajo,Muy bajo,Muy bajo,Muy bajo,Muy bajo,Muy bajo,Muy bajo
Castilleja del Campo (Sevilla),Bajo,Bajo,Bajo,Bajo,Muy alto,Moderado,Bajo
Castillejo de Iniesta (Cuenca),Muy bajo,Muy bajo,Muy bajo,Muy bajo,Muy bajo,Muy bajo,Muy bajo
Castillejo de Martín Viejo (Salamanca),Bajo,Muy bajo,Muy bajo,Muy bajo,Bajo,Bajo,Bajo
Castillejo de Mesleón (Segovia),Bajo,Muy bajo,Muy bajo,Muy bajo,Muy bajo,Bajo,Bajo
Castillejo de Robledo (Soria),Muy bajo,Muy bajo,Muy bajo,Muy bajo,Muy bajo,Bajo,Bajo
Castillejo-Sierra (Cuenca),Muy bajo,Muy bajo,Muy bajo,Muy bajo,Muy bajo,Bajo,Bajo
Castillo de Bayuela (Toledo),Muy bajo,Muy bajo,Muy bajo,Muy bajo,Muy bajo,Muy bajo,Muy bajo
Castillo de Garcimuñoz (Cuenca),Muy bajo,Muy bajo,Muy bajo,Muy bajo,Muy bajo,Bajo,Bajo
Castillo de Locubín (Jaén),Muy bajo,Muy bajo,Muy bajo,Muy bajo,Muy bajo,Muy bajo,Muy bajo
Castillo de Villamalefa (Castellón),Muy bajo,Muy bajo,Muy bajo,Muy bajo,Muy bajo,Bajo,Bajo
Castillo-Albaráñez (Cuenca),Muy bajo,Muy bajo,Muy bajo,Muy bajo,Muy bajo,Muy bajo,Muy bajo
Castillonroy (Huesca),Muy bajo,Muy bajo,Muy bajo,Muy bajo,Muy bajo,Muy bajo,Bajo
Castillonuevo/Gazteluberri (Navarra),Muy bajo,Muy bajo,Muy bajo,Muy bajo,Muy bajo,Muy bajo,Bajo
Castilléjar (Granada),Muy bajo,Muy bajo,Muy bajo,Muy bajo,Muy bajo,Muy bajo,Muy bajo
Castilnuevo (Guadalajara),Muy bajo,Muy bajo,Muy bajo,Muy bajo,Muy bajo,Bajo,Bajo
Castilruiz (Soria),Muy bajo,Muy bajo,Muy bajo,Muy bajo,Muy bajo,Muy bajo,Bajo
Castraz (Salamanca),Muy bajo,Muy bajo,Muy bajo,Muy bajo,Muy bajo,Bajo,Bajo
Castrejón de Trabancos (Valladolid),Muy bajo,Muy bajo,Muy bajo,Muy bajo,Muy bajo,Muy bajo,Bajo
Castrejón de la Peña (Palencia),Muy bajo,Bajo,Muy bajo,Muy bajo,Muy bajo,Bajo,Bajo
Castrelo de Miño (Ourense),Bajo,Muy bajo,Muy bajo,Bajo,Bajo,Bajo,Bajo
Castrelo do Val (Ourense),Bajo,Muy bajo,Muy bajo,Muy bajo,Muy bajo,Bajo,Bajo
Castril (Granada),Muy bajo,Muy bajo,Muy bajo,Muy bajo,Muy bajo,Muy bajo,Muy bajo
Castrillo Mota de Judíos (Burgos),Muy bajo,Bajo,Muy bajo,Muy bajo,Bajo,Bajo,Bajo
Castrillo de Cabrera (León),Muy bajo,Muy bajo,Muy bajo,Muy bajo,Muy bajo,Bajo,Bajo
Castrillo de Don Juan (Palencia),Bajo,Muy bajo,Bajo,Bajo,Bajo,Bajo,Moderado
Castrillo de Duero (Valladolid),Bajo,Muy bajo,Muy bajo,Muy bajo,Muy bajo,Bajo,Bajo
Castrillo de Onielo (Palencia),Muy bajo,Muy bajo,Bajo,Bajo,Bajo,Bajo,Moderado
Castrillo de Riopisuerga (Burgos),Muy bajo,Bajo,Muy bajo,Muy bajo,Muy bajo,Bajo,Bajo
Castrillo de Villavega (Palencia),Muy bajo,Bajo,Bajo,Muy bajo,Bajo,Bajo,Bajo
Castrillo de la Guareña (Zamora),Muy bajo,Muy bajo,Muy bajo,Muy bajo,Muy bajo,Muy bajo,Bajo
Castrillo de la Reina (Burgos),Bajo,Bajo,Muy bajo,Bajo,Bajo,Bajo,Moderado
Castrillo de la Valduerna (León),Muy bajo,Bajo,Muy bajo,Muy bajo,Muy bajo,Bajo,Bajo
Castrillo de la Vega (Burgos),Muy bajo,Muy bajo,Muy bajo,Muy bajo,Muy bajo,Muy bajo,Muy bajo
Castrillo del Val (Burgos),Bajo,Bajo,Bajo,Muy bajo,Bajo,Bajo,Bajo
Castrillo-Tejeriego (Valladolid),Muy bajo,Muy bajo,Muy bajo,Bajo,Bajo,Bajo,Bajo
Castrillón (Asturias),Muy bajo,Muy bajo,Muy bajo,Muy bajo,Muy bajo,Bajo,Bajo
Castro Caldelas (Ourense),Bajo,Muy bajo,Muy bajo,Muy bajo,Muy bajo,Bajo,Bajo
Castro de Filabres (Almería),Muy bajo,Muy bajo,Muy bajo,Muy bajo,Muy bajo,Muy bajo,Muy bajo
Castro de Fuentidueña (Segovia),Muy bajo,Muy bajo,Muy bajo,Muy bajo,Muy bajo,Bajo,Bajo
Castro de Rei (Lugo),Bajo,Muy bajo,Muy bajo,Muy bajo,Muy bajo,Bajo,Bajo
Castro del Río (Córdoba),Muy bajo,Muy bajo,Muy bajo,Muy bajo,Bajo,Muy bajo,Muy bajo
Castro-Urdiales (Cantabria),Muy bajo,Bajo,Muy bajo,Muy bajo,Muy bajo,Muy bajo,Bajo
Castrobol (Valladolid),Muy bajo,Bajo,Muy bajo,Bajo,Bajo,Bajo,Bajo
Castrocalbón (León),Muy bajo,Bajo,Muy bajo,Muy bajo,Muy bajo,Bajo,Bajo
Castrocontrigo (León),Muy bajo,Muy bajo,Muy bajo,Muy bajo,Muy bajo,Bajo,Bajo
Castrodeza (Valladolid),Muy bajo,Muy bajo,Muy bajo,Muy bajo,Bajo,Bajo,Bajo
Castrogonzalo (Zamora),Muy bajo,Bajo,Muy bajo,Bajo,Bajo,Bajo,Bajo
Castrojeriz (Burgos),Muy bajo,Bajo,Bajo,Muy bajo,Bajo,Bajo,Moderado
Castrojimeno (Segovia),Muy bajo,Muy bajo,Muy bajo,Muy bajo,Muy bajo,Muy bajo,Bajo
Castromembibre (Valladolid),Muy bajo,Muy bajo,Muy bajo,Muy bajo,Muy bajo,Bajo,Bajo
Castromocho (Palencia),Muy bajo,Muy bajo,Bajo,Muy bajo,Bajo,Bajo,Bajo
Castromonte (Valladolid),Muy bajo,Muy bajo,Muy bajo,Muy bajo,Muy bajo,Bajo,Bajo
Castronuevo (Zamora),Muy bajo,Muy bajo,Muy bajo,Muy bajo,Bajo,Bajo,Bajo
Castronuevo de Esgueva (Valladolid),Muy bajo,Muy bajo,Muy bajo,Muy bajo,Bajo,Bajo,Bajo
Castronuño (Valladolid),Muy bajo,Muy bajo,Muy bajo,Muy bajo,Muy bajo,Muy bajo,Bajo
Castropodame (León),Muy bajo,Muy bajo,Muy bajo,Muy bajo,Muy bajo,Muy bajo,Bajo
Castropol (Asturias),Muy bajo,Muy bajo,Muy bajo,Muy bajo,Muy bajo,Bajo,Bajo
Castroponce (Valladolid),Muy bajo,Bajo,Muy bajo,Bajo,Bajo,Bajo,Bajo
Castroserna de Abajo (Segovia),Bajo,Muy bajo,Muy bajo,Muy bajo,Muy bajo,Bajo,Bajo
Castroserracín (Segovia),Muy bajo,Muy bajo,Muy bajo,Muy bajo,Muy bajo,Muy bajo,Bajo
Castrotierra de Valmadrigal (León),Muy bajo,Bajo,Muy bajo,Bajo,Bajo,Bajo,Bajo
Castroverde (Lugo),Bajo,Muy bajo,Muy bajo,Muy bajo,Muy bajo,Bajo,Bajo
Castroverde de Campos (Zamora),Muy bajo,Bajo,Muy bajo,Bajo,Bajo,Bajo,Bajo
Castroverde de Cerrato (Valladolid),Bajo,Muy bajo,Muy bajo,Bajo,Bajo,Bajo,Bajo
Castroviejo (La Rioja),Bajo,Bajo,Muy bajo,Muy bajo,Muy bajo,Muy bajo,Bajo
Castuera (Badajoz),Muy bajo,Muy bajo,Muy bajo,Muy bajo,Muy bajo,Muy bajo,Muy bajo
Catadau (Valencia),Muy bajo,Muy bajo,Muy bajo,Muy bajo,Muy bajo,Muy bajo,Muy bajo
Catarroja (Valencia),Muy bajo,Muy bajo,Muy bajo,Muy bajo,Muy bajo,Muy bajo,Muy bajo
Catoira (Pontevedra),Bajo,Muy bajo,Muy bajo,Bajo,Bajo,Bajo,Bajo
Catral (Alicante),Muy bajo,Muy bajo,Muy bajo,Muy bajo,Muy bajo,Muy bajo,Muy bajo
Catí (Castellón),Muy bajo,Muy bajo,Muy bajo,Muy bajo,Muy bajo,Muy bajo,Muy bajo
Caudete (Albacete),Muy bajo,Muy bajo,Muy bajo,Muy bajo,Muy bajo,Muy bajo,Muy bajo
Caudete de las Fuentes (Valencia),Muy bajo,Muy bajo,Muy bajo,Muy bajo,Muy bajo,Muy bajo,Muy bajo
Caudiel (Castellón),Muy bajo,Muy bajo,Muy bajo,Muy bajo,Muy bajo,Muy bajo,Muy bajo
Cava (Lleida),Muy bajo,Muy bajo,Muy bajo,Muy bajo,Muy bajo,Bajo,Moderado
Cavia (Burgos),Bajo,Bajo,Bajo,Bajo,Bajo,Bajo,Moderado
Cayuela (Burgos),Bajo,Bajo,Bajo,Bajo,Bajo,Bajo,Moderado
Cazalegas (Toledo),Muy bajo,Muy bajo,Muy bajo,Muy bajo,Muy bajo,Muy bajo,Muy bajo
Cazalilla (Jaén),Muy bajo,Muy bajo,Muy bajo,Muy bajo,Muy bajo,Muy bajo,Muy bajo
Cazalla de la Sierra (Sevilla),Bajo,Muy bajo,Muy bajo,Muy bajo,Bajo,Bajo,Bajo
Cazorla (Jaén),Muy bajo,Muy bajo,Muy bajo,Muy bajo,Muy bajo,Muy bajo,Muy bajo
Cazurra (Zamora),Muy bajo,Muy bajo,Muy bajo,Muy bajo,Muy bajo,Muy bajo,Muy bajo
Cañada (Alicante),Muy bajo,Muy bajo,Muy bajo,Muy bajo,Muy bajo,Muy bajo,Muy bajo
Cañada Juncosa (Cuenca),Muy bajo,Muy bajo,Muy bajo,Muy bajo,Muy bajo,Bajo,Bajo
Cañada Rosal (Sevilla),Muy bajo,Muy bajo,Muy bajo,Muy bajo,Muy bajo,Muy bajo,Muy bajo
Cañada Vellida (Teruel),Muy bajo,Muy bajo,Muy bajo,Muy bajo,Muy bajo,Muy bajo,Bajo
Cañada de Benatanduz (Teruel),Muy bajo,Muy bajo,Muy bajo,Muy bajo,Muy bajo,Muy bajo,Bajo
Cañada de Calatrava (Ciudad Real),Muy bajo,Muy bajo,Muy bajo,Muy bajo,Muy bajo,Muy bajo,Muy bajo
Cañada del Hoyo (Cuenca),Muy bajo,Muy bajo,Muy bajo,Muy bajo,Muy bajo,Bajo,Muy bajo
Cañamaque (Soria),Muy bajo,Muy bajo,Muy bajo,Muy bajo,Bajo,Bajo,Bajo
Cañamares (Cuenca),Muy bajo,Muy bajo,Muy bajo,Muy bajo,Muy bajo,Muy bajo,Muy bajo
Cañamero (Cáceres),Muy bajo,Muy bajo,Muy bajo,Muy bajo,Muy bajo,Bajo,Bajo
Cañas (La Rioja),Bajo,Bajo,Muy bajo,Muy bajo,Muy bajo,Muy bajo,Bajo
Cañaveral (Cáceres),Muy bajo,Muy bajo,Muy bajo,Muy bajo,Muy bajo,Bajo,Bajo
Cañaveral de León (Huelva),Muy bajo,Muy bajo,Muy bajo,Muy bajo,Bajo,Bajo,Bajo
Cañaveras (Cuenca),Muy bajo,Muy bajo,Muy bajo,Muy bajo,Muy bajo,Muy bajo,Muy bajo
Cañaveruelas (Cuenca),Muy bajo,Muy bajo,Muy bajo,Muy bajo,Muy bajo,Muy bajo,Muy bajo
Cañete (Cuenca),Muy bajo,Muy bajo,Muy bajo,Muy bajo,Muy bajo,Muy bajo,Muy bajo
Cañete de las Torres (Córdoba),Muy bajo,Muy bajo,Muy bajo,Muy bajo,Bajo,Muy bajo,Muy bajo
Cañete la Real (Málaga),Bajo,Muy bajo,Muy bajo,Muy bajo,Bajo,Bajo,Bajo
Cañizal (Zamora),Muy bajo,Muy bajo,Muy bajo,Muy bajo,Muy bajo,Muy bajo,Muy bajo
Cañizar (Guadalajara),Muy bajo,Muy bajo,Muy bajo,Muy bajo,Muy bajo,Muy bajo,Muy bajo
Cañizar del Olivar (Teruel),Muy bajo,Muy bajo,Muy bajo,Muy bajo,Muy bajo,Muy bajo,Muy bajo
Cañizares (Cuenca),Muy bajo,Muy bajo,Muy bajo,Muy bajo,Muy bajo,Muy bajo,Muy bajo
Cañizo (Zamora),Muy bajo,Muy bajo,Muy bajo,Bajo,Bajo,Bajo,Bajo
Cea (León),Muy bajo,Muy bajo,Muy bajo,Muy bajo,Muy bajo,Bajo,Bajo
Cebanico (León),Muy bajo,Muy bajo,Muy bajo,Muy bajo,Muy bajo,Muy bajo,Bajo
Cebolla (Toledo),Muy bajo,Muy bajo,Muy bajo,Muy bajo,Muy bajo,Muy bajo,Muy bajo
Cebrecos (Burgos),Bajo,Bajo,Muy bajo,Bajo,Bajo,Bajo,Bajo
Cebreros (Ávila),Muy bajo,Muy bajo,Muy bajo,Muy bajo,Muy bajo,Bajo,Bajo
Cebrones del Río (León),Muy bajo,Bajo,Muy bajo,Muy bajo,Muy bajo,Bajo,Bajo
Ceclavín (Cáceres),Muy bajo,Muy bajo,Muy bajo,Muy bajo,Muy bajo,Bajo,Bajo
Cedeira (A Coruña),Muy bajo,Muy bajo,Muy bajo,Muy bajo,Bajo,Bajo,Bajo
Cedillo (Cáceres),Muy bajo,Muy bajo,Muy bajo,Bajo,Bajo,Bajo,Bajo
Cedillo de la Torre (Segovia),Muy bajo,Muy bajo,Muy bajo,Muy bajo,Muy bajo,Bajo,Bajo
Cedillo del Condado (Toledo),Muy bajo,Muy bajo,Muy bajo,Muy bajo,Muy bajo,Muy bajo,Muy bajo
Cedrillas (Teruel),Muy bajo,Muy bajo,Muy bajo,Muy bajo,Muy bajo,Muy bajo,Bajo
Cee (A Coruña),Bajo,Bajo,Muy bajo,Bajo,Bajo,Moderado,Bajo
Cehegín (Murcia),Muy bajo,Muy bajo,Muy bajo,Muy bajo,Muy bajo,Muy bajo,Muy bajo
Ceinos de Campos (Valladolid),Muy bajo,Bajo,Muy bajo,Bajo,Bajo,Bajo,Bajo
Celada del Camino (Burgos),Bajo,Bajo,Bajo,Bajo,Bajo,Bajo,Moderado
Celadas (Teruel),Muy bajo,Muy bajo,Muy bajo,Muy bajo,Muy bajo,Muy bajo,Muy bajo
Celanova (Ourense),Bajo,Muy bajo,Muy bajo,Muy bajo,Bajo,Bajo,Bajo
Cella (Teruel),Muy bajo,Muy bajo,Muy bajo,Muy bajo,Muy bajo,Muy bajo,Muy bajo
Cellorigo (La Rioja),Muy bajo,Bajo,Muy bajo,Muy bajo,Muy bajo,Bajo,Bajo
Celrà (Girona),Muy bajo,Muy bajo,Muy bajo,Muy bajo,Muy bajo,Muy bajo,Muy bajo
Cendea de Olza/Oltza Zendea (Navarra),Bajo,Moderado,Muy bajo,Muy bajo,Muy bajo,Bajo,Bajo
Cendejas de Enmedio (Guadalajara),Muy bajo,Muy bajo,Muy bajo,Muy bajo,Muy bajo,Muy bajo,Muy bajo
Cendejas de la Torre (Guadalajara),Muy bajo,Muy bajo,Muy bajo,Muy bajo,Muy bajo,Muy bajo,Muy bajo
Cenes de la Vega (Granada),Muy bajo,Muy bajo,Muy bajo,Muy bajo,Muy bajo,Muy bajo,Muy bajo
Cenicero (La Rioja),Muy bajo,Bajo,Muy bajo,Muy bajo,Muy bajo,Muy bajo,Bajo
Cenicientos (Madrid),Muy bajo,Muy bajo,Muy bajo,Muy bajo,Muy bajo,Muy bajo,Muy bajo
Cenizate (Albacete),Muy bajo,Muy bajo,Muy bajo,Muy bajo,Muy bajo,Muy bajo,Muy bajo
Cenlle (Ourense),Bajo,Muy bajo,Muy bajo,Bajo,Bajo,Bajo,Bajo
Centelles (Barcelona),Muy bajo,Muy bajo,Muy bajo,Muy bajo,Muy bajo,Muy bajo,Bajo
Centenera (Guadalajara),Muy bajo,Muy bajo,Muy bajo,Muy bajo,Muy bajo,Muy bajo,Muy bajo
Centenera de Andaluz (Soria),Muy bajo,Muy bajo,Muy bajo,Muy bajo,Muy bajo,Bajo,Bajo
Cepeda (Salamanca),Muy bajo,Muy bajo,Muy bajo,Muy bajo,Bajo,Bajo,Bajo
Cepeda la Mora (Ávila),Muy bajo,Muy bajo,Muy bajo,Muy bajo,Bajo,Bajo,Bajo
Cerbón (Soria),Muy bajo,Muy bajo,Muy bajo,Muy bajo,Muy bajo,Muy bajo,Bajo
Cerceda (A Coruña),Bajo,Muy bajo,Muy bajo,Muy bajo,Muy bajo,Bajo,Bajo
Cercedilla (Madrid),Muy bajo,Muy bajo,Muy bajo,Muy bajo,Muy bajo,Bajo,Bajo
Cercs (Barcelona),Muy bajo,Muy bajo,Muy bajo,Muy bajo,Muy bajo,Muy bajo,Bajo
Cerdanyola del Vallès (Barcelona),Muy bajo,Muy bajo,Muy bajo,Muy bajo,Muy bajo,Muy bajo,Muy bajo
Cerdedo-Cotobade (Pontevedra),Moderado,Bajo,Muy bajo,Bajo,Bajo,Bajo,Moderado
Cerdido (A Coruña),Muy bajo,Muy bajo,Muy bajo,Muy bajo,Bajo,Bajo,Bajo
Cerdà (Valencia),Muy bajo,Muy bajo,Muy bajo,Muy bajo,Muy bajo,Muy bajo,Muy bajo
Cereceda de la Sierra (Salamanca),Muy bajo,Muy bajo,Muy bajo,Muy bajo,Muy bajo,Bajo,Bajo
Cerecinos de Campos (Zamora),Muy bajo,Bajo,Muy bajo,Bajo,Bajo,Bajo,Bajo
Cerecinos del Carrizal (Zamora),Muy bajo,Muy bajo,Muy bajo,Muy bajo,Muy bajo,Bajo,Bajo
Cerezal de Peñahorcada (Salamanca),Bajo,Muy bajo,Muy bajo,Bajo,Bajo,Bajo,Bajo
Cerezo (Cáceres),Muy bajo,Muy bajo,Muy bajo,Muy bajo,Muy bajo,Muy bajo,Bajo
Cerezo de Abajo (Segovia),Bajo,Bajo,Muy bajo,Muy bajo,Muy bajo,Bajo,Bajo
Cerezo de Arriba (Segovia),Bajo,Bajo,Muy bajo,Muy bajo,Muy bajo,Bajo,Bajo
Cerezo de Río Tirón (Burgos),Bajo,Bajo,Bajo,Muy bajo,Bajo,Bajo,Bajo
Cernadilla (Zamora),Muy bajo,Muy bajo,Muy bajo,Muy bajo,Muy bajo,Bajo,Bajo
Cerralbo (Salamanca),Bajo,Muy bajo,Muy bajo,Muy bajo,Bajo,Bajo,Bajo
Cerratón de Juarros (Burgos),Muy bajo,Bajo,Bajo,Muy bajo,Muy bajo,Bajo,Bajo
Cervantes (Lugo),Bajo,Bajo,Muy bajo,Muy bajo,Muy bajo,Bajo,Bajo
Cervatos de la Cueza (Palencia),Muy bajo,Bajo,Muy bajo,Muy bajo,Muy bajo,Bajo,Bajo
Cervelló (Barcelona),Muy bajo,Muy bajo,Muy bajo,Muy bajo,Muy bajo,Muy bajo,Muy bajo
Cervera (Lleida),Muy bajo,Muy bajo,Muy bajo,Muy bajo,Muy bajo,Muy bajo,Muy bajo
Cervera de Buitrago (Madrid),Muy bajo,Muy bajo,Muy bajo,Muy bajo,Muy bajo,Muy bajo,Muy bajo
Cervera de Pisuerga (Palencia),Muy bajo,Bajo,Muy bajo,Muy bajo,Muy bajo,Muy bajo,Bajo
Cervera de la Cañada (Zaragoza),Muy bajo,Muy bajo,Muy bajo,Muy bajo,Muy bajo,Muy bajo,Muy bajo
Cervera de los Montes (Toledo),Muy bajo,Muy bajo,Muy bajo,Muy bajo,Muy bajo,Bajo,Bajo
Cervera del Llano (Cuenca),Muy bajo,Muy bajo,Muy bajo,Muy bajo,Muy bajo,Bajo,Muy bajo
Cervera del Maestre (Castellón),Muy bajo,Muy bajo,Muy bajo,Muy bajo,Muy bajo,Muy bajo,Muy bajo
Cervera del Río Alhama (La Rioja),Muy bajo,Bajo,Muy bajo,Muy bajo,Muy bajo,Muy bajo,Bajo
Cerveruela (Zaragoza),Muy bajo,Muy bajo,Muy bajo,Muy bajo,Muy bajo,Muy bajo,Muy bajo
Cervillego de la Cruz (Valladolid),Muy bajo,Muy bajo,Muy bajo,Muy bajo,Muy bajo,Muy bajo,Bajo
Cervià de Ter (Girona),Muy bajo,Muy bajo,Muy bajo,Muy bajo,Muy bajo,Muy bajo,Muy bajo
Cervià de les Garrigues (Lleida),Muy bajo,Muy bajo,Muy bajo,Muy bajo,Muy bajo,Muy bajo,Muy bajo
Cervo (Lugo),Muy bajo,Muy bajo,Muy bajo,Muy bajo,Muy bajo,Bajo,Bajo
Cespedosa de Tormes (Salamanca),Muy bajo,Muy bajo,Muy bajo,Muy bajo,Bajo,Bajo,Bajo
Cetina (Zaragoza),Muy bajo,Muy bajo,Muy bajo,Muy bajo,Muy bajo,Muy bajo,Muy bajo
Ceuta (Ceuta),Muy bajo,Muy bajo,Muy bajo,Muy bajo,Bajo,Moderado,Muy bajo
Ceutí (Murcia),Muy bajo,Muy bajo,Muy bajo,Muy bajo,Muy bajo,Muy bajo,Muy bajo
Cevico Navero (Palencia),Bajo,Muy bajo,Bajo,Bajo,Bajo,Bajo,Moderado
Cevico de la Torre (Palencia),Muy bajo,Muy bajo,Bajo,Bajo,Bajo,Bajo,Bajo
Chagarcía Medianero (Salamanca),Muy bajo,Muy bajo,Muy bajo,Muy bajo,Bajo,Bajo,Bajo
Chalamera (Huesca),Muy bajo,Muy bajo,Muy bajo,Bajo,Muy bajo,Muy bajo,Bajo
Chamartín (Ávila),Muy bajo,Muy bajo,Muy bajo,Muy bajo,Muy bajo,Bajo,Bajo
Chandrexa de Queixa (Ourense),Bajo,Muy bajo,Muy bajo,Muy bajo,Muy bajo,Bajo,Bajo
Chantada (Lugo),Bajo,Muy bajo,Muy bajo,Bajo,Muy bajo,Bajo,Bajo
Chapinería (Madrid),Muy bajo,Muy bajo,Muy bajo,Muy bajo,Muy bajo,Bajo,Bajo
Chauchina (Granada),Bajo,Muy bajo,Muy bajo,Muy bajo,Muy bajo,Muy bajo,Muy bajo
Chañe (Segovia),Muy bajo,Muy bajo,Muy bajo,Muy bajo,Muy bajo,Muy bajo,Bajo
Checa (Guadalajara),Muy bajo,Muy bajo,Muy bajo,Muy bajo,Muy bajo,Bajo,Bajo
Cheles (Badajoz),Muy bajo,Muy bajo,Muy bajo,Muy bajo,Muy bajo,Muy bajo,Muy bajo
Chella (Valencia),Muy bajo,Muy bajo,Muy bajo,Muy bajo,Muy bajo,Muy bajo,Muy bajo
Chelva (Valencia),Muy bajo,Muy bajo,Muy bajo,Muy bajo,Muy bajo,Muy bajo,Muy bajo
Chequilla (Guadalajara),Muy bajo,Muy bajo,Muy bajo,Muy bajo,Muy bajo,Bajo,Bajo
Chera (Valencia),Muy bajo,Muy bajo,Muy bajo,Muy bajo,Muy bajo,Muy bajo,Muy bajo
Chercos (Almería),Muy bajo,Muy bajo,Muy bajo,Muy bajo,Muy bajo,Muy bajo,Muy bajo
Cheste (Valencia),Muy bajo,Muy bajo,Muy bajo,Muy bajo,Muy bajo,Muy bajo,Muy bajo
Chiclana de Segura (Jaén),Muy bajo,Muy bajo,Muy bajo,Muy bajo,Muy bajo,Muy bajo,Muy bajo
Chiclana de la Frontera (Cádiz),Muy bajo,Muy bajo,Muy bajo,Muy bajo,Moderado,Muy bajo,Muy bajo
Chilches/Xilxes (Castellón),Muy bajo,Muy bajo,Muy bajo,Muy bajo,Muy bajo,Muy bajo,Muy bajo
Chillarón de Cuenca (Cuenca),Muy bajo,Muy bajo,Muy bajo,Muy bajo,Muy bajo,Bajo,Muy bajo
Chillarón del Rey (Guadalajara),Muy bajo,Muy bajo,Muy bajo,Muy bajo,Muy bajo,Muy bajo,Muy bajo
Chilluévar (Jaén),Muy bajo,Muy bajo,Muy bajo,Muy bajo,Muy bajo,Bajo,Bajo
Chillón (Ciudad Real),Muy bajo,Muy bajo,Muy bajo,Muy bajo,Bajo,Bajo,Bajo
Chiloeches (Guadalajara),Muy bajo,Muy bajo,Muy bajo,Muy bajo,Muy bajo,Muy bajo,Muy bajo
Chimeneas (Granada),Moderado,Muy bajo,Muy bajo,Muy bajo,Muy bajo,Muy bajo,Muy bajo
Chimillas (Huesca),Muy bajo,Muy bajo,Muy bajo,Muy bajo,Muy bajo,Muy bajo,Bajo
Chinchilla de Monte-Aragón (Albacete),Muy bajo,Muy bajo,Muy bajo,Muy bajo,Muy bajo,Muy bajo,Muy bajo
Chinchón (Madrid),Muy bajo,Muy bajo,Muy bajo,Muy bajo,Muy bajo,Muy bajo,Muy bajo
Chipiona (Cádiz),Muy bajo,Muy bajo,Muy bajo,Muy bajo,Muy bajo,Muy bajo,Muy bajo
Chiprana (Zaragoza),Muy bajo,Bajo,Muy bajo,Bajo,Bajo,Muy bajo,Muy bajo
Chirivel (Almería),Muy bajo,Muy bajo,Muy bajo,Muy bajo,Muy bajo,Muy bajo,Muy bajo
Chiva (Valencia),Muy bajo,Muy bajo,Muy bajo,Muy bajo,Muy bajo,Muy bajo,Muy bajo
Chodes (Zaragoza),Muy bajo,Muy bajo,Muy bajo,Muy bajo,Muy bajo,Muy bajo,Muy bajo
Chozas de Abajo (León),Muy bajo,Muy bajo,Muy bajo,Muy bajo,Muy bajo,Muy bajo,Bajo
Chozas de Canales (Toledo),Muy bajo,Muy bajo,Muy bajo,Muy bajo,Muy bajo,Muy bajo,Muy bajo
Chucena (Huelva),Bajo,Bajo,Bajo,Bajo,Muy alto,Moderado,Moderado
Chueca (Toledo),Muy bajo,Muy bajo,Muy bajo,Muy bajo,Muy bajo,Muy bajo,Muy bajo
Chulilla (Valencia),Muy bajo,Muy bajo,Muy bajo,Muy bajo,Muy bajo,Muy bajo,Muy bajo
Chumillas (Cuenca),Muy bajo,Muy bajo,Muy bajo,Muy bajo,Muy bajo,Bajo,Bajo
Churriana de la Vega (Granada),Muy bajo,Muy bajo,Muy bajo,Muy bajo,Muy bajo,Muy bajo,Muy bajo
Chía (Huesca),Muy bajo,Muy bajo,Muy bajo,Muy bajo,Muy bajo,Bajo,Moderado
Chóvar (Castellón),Muy bajo,Muy bajo,Muy bajo,Muy bajo,Muy bajo,Muy bajo,Muy bajo
Ciadoncha (Burgos),Bajo,Bajo,Bajo,Bajo,Bajo,Bajo,Moderado
Cidamón (La Rioja),Muy bajo,Bajo,Muy bajo,Muy bajo,Muy bajo,Muy bajo,Bajo
Cidones (Soria),Muy bajo,Muy bajo,Muy bajo,Muy bajo,Muy bajo,Bajo,Bajo
Ciempozuelos (Madrid),Muy bajo,Muy bajo,Muy bajo,Muy bajo,Muy bajo,Muy bajo,Muy bajo
Cieza (Cantabria),Muy bajo,Muy bajo,Muy bajo,Muy bajo,Muy bajo,Muy bajo,Bajo
Cieza (Murcia),Muy bajo,Muy bajo,Muy bajo,Muy bajo,Muy bajo,Muy bajo,Muy bajo
Cifuentes (Guadalajara),Muy bajo,Muy bajo,Muy bajo,Muy bajo,Muy bajo,Bajo,Bajo
Cigales (Valladolid),Muy bajo,Muy bajo,Muy bajo,Muy bajo,Muy bajo,Bajo,Bajo
Cigudosa (Soria),Muy bajo,Muy bajo,Muy bajo,Muy bajo,Muy bajo,Muy bajo,Bajo
Ciguñuela (Valladolid),Muy bajo,Muy bajo,Muy bajo,Muy bajo,Bajo,Bajo,Bajo
Cihuela (Soria),Muy bajo,Muy bajo,Muy bajo,Bajo,Bajo,Bajo,Bajo
Cihuri (La Rioja),Muy bajo,Bajo,Bajo,Muy bajo,Muy bajo,Muy bajo,Bajo
Cijuela (Granada),Moderado,Muy bajo,Muy bajo,Muy bajo,Muy bajo,Muy bajo,Muy bajo
Cillaperlata (Burgos),Muy bajo,Bajo,Muy bajo,Muy bajo,Muy bajo,Muy bajo,Bajo
Cilleros (Cáceres),Muy bajo,Muy bajo,Muy bajo,Muy bajo,Muy bajo,Bajo,Bajo
Cilleros de la Bastida (Salamanca),Muy bajo,Muy bajo,Muy bajo,Muy bajo,Muy bajo,Bajo,Bajo
Cilleruelo de Abajo (Burgos),Bajo,Bajo,Bajo,Bajo,Bajo,Bajo,Bajo
Cilleruelo de Arriba (Burgos),Bajo,Bajo,Muy bajo,Bajo,Bajo,Bajo,Bajo
Cilleruelo de San Mamés (Segovia),Muy bajo,Muy bajo,Muy bajo,Muy bajo,Muy bajo,Bajo,Bajo
Cillorigo de Liébana (Cantabria),Muy bajo,Bajo,Muy bajo,Muy bajo,Muy bajo,Muy bajo,Bajo
Cillán (Ávila),Muy bajo,Muy bajo,Muy bajo,Muy bajo,Muy bajo,Bajo,Bajo
Cimanes de la Vega (León),Muy bajo,Bajo,Muy bajo,Muy bajo,Muy bajo,Bajo,Bajo
Cimanes del Tejar (León),Muy bajo,Muy bajo,Muy bajo,Muy bajo,Muy bajo,Muy bajo,Bajo
Cimballa (Zaragoza),Muy bajo,Muy bajo,Muy bajo,Muy bajo,Muy bajo,Bajo,Bajo
Cinco Olivas (Zaragoza),Muy bajo,Muy bajo,Muy bajo,Moderado,Bajo,Bajo,Bajo
Cincovillas (Guadalajara),Muy bajo,Muy bajo,Muy bajo,Muy bajo,Muy bajo,Muy bajo,Bajo
Cinctorres (Castellón),Muy bajo,Muy bajo,Muy bajo,Muy bajo,Muy bajo,Muy bajo,Muy bajo
Cintruénigo (Navarra),Bajo,Moderado,Muy bajo,Muy bajo,Bajo,Bajo,Bajo
Cipérez (Salamanca),Muy bajo,Muy bajo,Muy bajo,Muy bajo,Bajo,Bajo,Bajo
Cirat (Castellón),Muy bajo,Muy bajo,Muy bajo,Muy bajo,Muy bajo,Muy bajo,Muy bajo
Cirauqui/Zirauki (Navarra),Muy bajo,Bajo,Muy bajo,Muy bajo,Muy bajo,Muy bajo,Bajo
Ciria (Soria),Muy bajo,Muy bajo,Muy bajo,Bajo,Bajo,Bajo,Bajo
Ciriza/Ziritza (Navarra),Muy bajo,Bajo,Muy bajo,Muy bajo,Muy bajo,Bajo,Bajo
Ciruelas (Guadalajara),Muy bajo,Muy bajo,Muy bajo,Muy bajo,Muy bajo,Muy bajo,Muy bajo
Ciruelos (Toledo),Muy bajo,Muy bajo,Muy bajo,Muy bajo,Muy bajo,Muy bajo,Muy bajo
Ciruelos de Cervera (Burgos),Bajo,Bajo,Muy bajo,Bajo,Muy bajo,Bajo,Bajo
Ciruelos del Pinar (Guadalajara),Muy bajo,Muy bajo,Muy bajo,Muy bajo,Muy bajo,Bajo,Bajo
Cirueña (La Rioja),Muy bajo,Bajo,Muy bajo,Muy bajo,Muy bajo,Muy bajo,Bajo
Cirujales del Río (Soria),Muy bajo,Muy bajo,Muy bajo,Muy bajo,Muy bajo,Bajo,Bajo
Cisla (Ávila),Muy bajo,Muy bajo,Muy bajo,Muy bajo,Muy bajo,Muy bajo,Bajo
Cisneros (Palencia),Muy bajo,Bajo,Bajo,Muy bajo,Bajo,Bajo,Bajo
Cistella (Girona),Muy bajo,Muy bajo,Muy bajo,Muy bajo,Muy bajo,Muy bajo,Muy bajo
Cistierna (León),Muy bajo,Muy bajo,Muy bajo,Muy bajo,Muy bajo,Muy bajo,Bajo
Cistérniga (Valladolid),Muy bajo,Muy bajo,Muy bajo,Muy bajo,Bajo,Bajo,Bajo
Ciudad Real (Ciudad Real),Muy bajo,Muy bajo,Muy bajo,Muy bajo,Muy bajo,Muy bajo,Muy bajo
Ciudad Rodrigo (Salamanca),Muy bajo,Muy bajo,Muy bajo,Muy bajo,Bajo,Bajo,Bajo
Ciutadella de Menorca (Baleares),Muy bajo,Muy bajo,Bajo,Bajo,Moderado,Bajo,Bajo
Ciutadilla (Lleida),Muy bajo,Muy bajo,Muy bajo,Muy bajo,Muy bajo,Muy bajo,Muy bajo
Cizur (Navarra),Muy bajo,Bajo,Muy bajo,Muy bajo,Muy bajo,Bajo,Bajo
Clariana de Cardener (Lleida),Muy bajo,Muy bajo,Muy bajo,Muy bajo,Muy bajo,Muy bajo,Bajo
Clarés de Ribota (Zaragoza),Muy bajo,Muy bajo,Muy bajo,Muy bajo,Muy bajo,Bajo,Bajo
Clavijo (La Rioja),Bajo,Bajo,Muy bajo,Muy bajo,Muy bajo,Bajo,Bajo
Coaña (Asturias),Muy bajo,Muy bajo,Muy bajo,Muy bajo,Muy bajo,Bajo,Bajo
Cobeja (Toledo),Muy bajo,Muy bajo,Muy bajo,Muy bajo,Muy bajo,Muy bajo,Muy bajo
Cobeta (Guadalajara),Muy bajo,Muy bajo,Muy bajo,Muy bajo,Muy bajo,Bajo,Bajo
Cobeña (Madrid),Muy bajo,Muy bajo,Muy bajo,Muy bajo,Muy bajo,Muy bajo,Muy bajo
Cobisa (Toledo),Muy bajo,Muy bajo,Muy bajo,Muy bajo,Muy bajo,Muy bajo,Muy bajo
Cobos de Cerrato (Palencia),Bajo,Bajo,Bajo,Bajo,Bajo,Bajo,Moderado
Cobos de Fuentidueña (Segovia),Muy bajo,Muy bajo,Muy bajo,Muy bajo,Muy bajo,Bajo,Bajo
Cobreros (Zamora),Muy bajo,Muy bajo,Muy bajo,Muy bajo,Muy bajo,Bajo,Bajo
Coca (Segovia),Muy bajo,Muy bajo,Muy bajo,Muy bajo,Muy bajo,Muy bajo,Muy bajo
Coca de Alba (Salamanca),Muy bajo,Muy bajo,Muy bajo,Muy bajo,Muy bajo,Bajo,Bajo
Cocentaina (Alicante),Muy bajo,Muy bajo,Muy bajo,Muy bajo,Muy bajo,Muy bajo,Muy bajo
Codo (Zaragoza),Muy bajo,Muy bajo,Muy bajo,Muy bajo,Muy bajo,Muy bajo,Muy bajo
Codorniz (Segovia),Muy bajo,Muy bajo,Muy bajo,Muy bajo,Muy bajo,Muy bajo,Bajo
Codos (Zaragoza),Muy bajo,Muy bajo,Muy bajo,Muy bajo,Muy bajo,Muy bajo,Muy bajo
Cofrentes (Valencia),Muy bajo,Muy bajo,Muy bajo,Muy bajo,Muy bajo,Muy bajo,Muy bajo
Cogeces de Íscar (Valladolid),Muy bajo,Muy bajo,Muy bajo,Muy bajo,Muy bajo,Muy bajo,Bajo
Cogeces del Monte (Valladolid),Muy bajo,Muy bajo,Muy bajo,Muy bajo,Muy bajo,Muy bajo,Bajo
Cogollor (Guadalajara),Muy bajo,Muy bajo,Muy bajo,Muy bajo,Muy bajo,Muy bajo,Muy bajo
Cogollos (Burgos),Bajo,Bajo,Bajo,Muy bajo,Bajo,Bajo,Bajo
Cogollos de Guadix (Granada),Muy bajo,Muy bajo,Muy bajo,Muy bajo,Muy bajo,Muy bajo,Muy bajo
Cogollos de la Vega (Granada),Bajo,Muy bajo,Muy bajo,Muy bajo,Muy bajo,Muy bajo,Muy bajo
Cogolludo (Guadalajara),Muy bajo,Muy bajo,Muy bajo,Muy bajo,Muy bajo,Muy bajo,Muy bajo
Coirós (A Coruña),Bajo,Bajo,Muy bajo,Bajo,Bajo,Bajo,Moderado
Colera (Girona),Muy bajo,Muy bajo,Muy bajo,Muy bajo,Muy bajo,Muy bajo,Muy bajo
Coles (Ourense),Bajo,Muy bajo,Muy bajo,Bajo,Bajo,Bajo,Bajo
Colindres (Cantabria),Muy bajo,Muy bajo,Muy bajo,Muy bajo,Muy bajo,Muy bajo,Muy bajo
Coll de Nargó (Lleida),Muy bajo,Muy bajo,Muy bajo,Muy bajo,Muy bajo,Bajo,Bajo
Collado Hermoso (Segovia),Muy bajo,Muy bajo,Muy bajo,Muy bajo,Muy bajo,Bajo,Bajo
Collado Mediano (Madrid),Muy bajo,Muy bajo,Muy bajo,Muy bajo,Muy bajo,Bajo,Bajo
Collado Villalba (Madrid),Muy bajo,Muy bajo,Muy bajo,Muy bajo,Muy bajo,Muy bajo,Muy bajo
Collado de Contreras (Ávila),Muy bajo,Muy bajo,Muy bajo,Muy bajo,Muy bajo,Muy bajo,Bajo
Collado de la Vera (Cáceres),Muy bajo,Muy bajo,Muy bajo,Muy bajo,Muy bajo,Muy bajo,Muy bajo
Collado del Mirón (Ávila),Muy bajo,Muy bajo,Muy bajo,Muy bajo,Bajo,Bajo,Bajo
Collazos de Boedo (Palencia),Muy bajo,Bajo,Muy bajo,Muy bajo,Muy bajo,Bajo,Bajo
Collbató (Barcelona),Muy bajo,Muy bajo,Muy bajo,Muy bajo,Muy bajo,Muy bajo,Muy bajo
Colldejou (Tarragona),Muy bajo,Muy bajo,Muy bajo,Muy bajo,Muy bajo,Muy bajo,Muy bajo
Collsuspina (Barcelona),Muy bajo,Muy bajo,Muy bajo,Muy bajo,Muy bajo,Muy bajo,Bajo
Colmenar (Málaga),Muy bajo,Muy bajo,Muy bajo,Muy bajo,Muy bajo,Muy bajo,Bajo
Colmenar Viejo (Madrid),Muy bajo,Muy bajo,Muy bajo,Muy bajo,Muy bajo,Muy bajo,Muy bajo
Colmenar de Montemayor (Salamanca),Muy bajo,Muy bajo,Muy bajo,Muy bajo,Muy bajo,Bajo,Bajo
Colmenar de Oreja (Madrid),Muy bajo,Muy bajo,Muy bajo,Muy bajo,Muy bajo,Muy bajo,Muy bajo
Colmenar del Arroyo (Madrid),Muy bajo,Muy bajo,Muy bajo,Muy bajo,Muy bajo,Bajo,Bajo
Colmenarejo (Madrid),Muy bajo,Muy bajo,Muy bajo,Muy bajo,Muy bajo,Muy bajo,Muy bajo
Colomera (Granada),Muy bajo,Muy bajo,Muy bajo,Muy bajo,Muy bajo,Muy bajo,Muy bajo
Colomers (Girona),Muy bajo,Muy bajo,Muy bajo,Muy bajo,Muy bajo,Muy bajo,Muy bajo
Colunga (Asturias),Muy bajo,Bajo,Muy bajo,Muy bajo,Muy bajo,Bajo,Bajo
Colungo (Huesca),Muy bajo,Muy bajo,Muy bajo,Muy bajo,Muy bajo,Bajo,Bajo
Comares (Málaga),Muy bajo,Muy bajo,Muy bajo,Muy bajo,Muy bajo,Muy bajo,Muy bajo
Comillas (Cantabria),Muy bajo,Muy bajo,Muy bajo,Muy bajo,Muy bajo,Bajo,Bajo
Comunero de Ansó y Hecho (nan),Muy bajo,Bajo,Muy bajo,Muy bajo,Muy bajo,Muy bajo,Moderado
"Comunidad de 09076, 09150 y 09578 (nan)",Bajo,Bajo,Muy bajo,Bajo,Bajo,Bajo,Moderado
"Comunidad de 09076, 09290, 09578 y 09822 (nan)",Bajo,Bajo,Muy bajo,Muy bajo,Bajo,Bajo,Bajo
"Comunidad de 09076, 09290, 09578, 09606 y 09822 (nan)",Bajo,Bajo,Muy bajo,Bajo,Bajo,Bajo,Moderado
"Comunidad de 09076, 09498 y 09578 (nan)",Bajo,Bajo,Muy bajo,Bajo,Bajo,Bajo,Moderado
"Comunidad de 09076, 09578, 09606 y 09822 (nan)",Bajo,Bajo,Muy bajo,Bajo,Bajo,Bajo,Moderado
"Comunidad de 09314, 09374, 09356 y 09126 (nan)",Bajo,Bajo,Muy bajo,Bajo,Bajo,Bajo,Moderado
Comunidad de Arauzo de Miel y Huerta del Rey (nan),Bajo,Bajo,Muy bajo,Muy bajo,Muy bajo,Bajo,Bajo
Comunidad de Barbadillo de Herreros y Vallejimeno (E.L.M.) (nan),Muy bajo,Muy bajo,Muy bajo,Muy bajo,Muy bajo,Muy bajo,Muy bajo
Comunidad de Barbadillo del Pez y Jaramillo de la Fuente (nan),Bajo,Bajo,Muy bajo,Muy bajo,Muy bajo,Bajo,Bajo
Comunidad de Barbadillo del Pez y Riocavado de la Sierra (nan),Bajo,Bajo,Muy bajo,Muy bajo,Muy bajo,Bajo,Bajo
Comunidad de Barbarín y Olejúa (nan),Muy bajo,Muy bajo,Muy bajo,Muy bajo,Muy bajo,Muy bajo,Muy bajo
Comunidad de Bascuñana y Viloria de Rioja (nan),Muy bajo,Muy bajo,Muy bajo,Muy bajo,Muy bajo,Muy bajo,Muy bajo
Comunidad de Campoo y Cabuérniga (nan),Muy bajo,Bajo,Muy bajo,Muy bajo,Muy bajo,Muy bajo,Bajo
Comunidad de Canicosa de la Sierra y Casarejos (nan),Muy bajo,Muy bajo,Muy bajo,Muy bajo,Muy bajo,Muy bajo,Muy bajo
Comunidad de Canicosa de la Sierra y Vilviestre del Pinar (nan),Muy bajo,Muy bajo,Muy bajo,Muy bajo,Muy bajo,Muy bajo,Muy bajo
Comunidad de Castrotierra de la Valduerna (nan),Muy bajo,Bajo,Muy bajo,Muy bajo,Muy bajo,Bajo,Bajo
Comunidad de Cilleruelo de Arriba y Pineda Trasmonte (nan),Muy bajo,Muy bajo,Muy bajo,Muy bajo,Muy bajo,Muy bajo,Muy bajo
"Comunidad de Covarrubias, Quintanilla del Coco y Retuerta (nan)",Bajo,Bajo,Muy bajo,Bajo,Bajo,Bajo,Bajo
Comunidad de Cubillo del Campo y Hontoria de la Cantera (nan),Bajo,Bajo,Muy bajo,Muy bajo,Bajo,Bajo,Bajo
Comunidad de El Pont de Bar y Cava (nan),Muy bajo,Muy bajo,Muy bajo,Muy bajo,Muy bajo,Muy bajo,Muy bajo
Comunidad de Fuente Carazo (nan),Bajo,Bajo,Muy bajo,Muy bajo,Muy bajo,Bajo,Bajo
Comunidad de Gete y Hacinas (nan),Bajo,Bajo,Muy bajo,Muy bajo,Muy bajo,Bajo,Bajo
Comunidad de Los Ausines y Revilla del Campo (nan),Muy bajo,Muy bajo,Muy bajo,Muy bajo,Muy bajo,Muy bajo,Muy bajo
"Comunidad de Merindad de Río Ubierna, Quintanilla Vivar y Sotragero (nan)",Muy bajo,Muy bajo,Muy bajo,Muy bajo,Muy bajo,Muy bajo,Muy bajo
"Comunidad de Palacios de la Sierra, Vilviestre del Pinar y San Leonardo de Yagüe (nan)",Bajo,Bajo,Muy bajo,Muy bajo,Muy bajo,Bajo,Bajo
Comunidad de Quintanaortuño y Merindad de Río Ubierna (nan),Bajo,Bajo,Bajo,Bajo,Bajo,Bajo,Moderado
Comunidad de Quintanar de la Sierra y Vilviestre del Pinar (nan),Muy bajo,Muy bajo,Muy bajo,Muy bajo,Muy bajo,Muy bajo,Muy bajo
Comunidad de Quintanilla del Agua y Tordueles y Puentedura (nan),Bajo,Bajo,Muy bajo,Bajo,Bajo,Bajo,Moderado
Comunidad de Revilla del Campo y Torrelara (nan),Bajo,Bajo,Muy bajo,Muy bajo,Bajo,Bajo,Bajo
Comunidad de Sepúlveda y Riaza (nan),Bajo,Bajo,Muy bajo,Muy bajo,Muy bajo,Bajo,Bajo
Comunidad de Soto de la Vega y Villazala (nan),Muy bajo,Bajo,Muy bajo,Muy bajo,Muy bajo,Bajo,Bajo
Comunidad de Tardajos y Las Quintanillas (nan),Bajo,Bajo,Bajo,Bajo,Bajo,Bajo,Moderado
Comunidad de Tardajos y Rabé de las Calzadas (nan),Bajo,Bajo,Bajo,Bajo,Bajo,Bajo,Moderado
Comunidad de Tinieblas de la Sierra y San Millán de Lara (nan),Bajo,Bajo,Muy bajo,Muy bajo,Bajo,Bajo,Moderado
Comunidad de Villagalijo y San Vicente del Valle (nan),Muy bajo,Bajo,Bajo,Muy bajo,Muy bajo,Muy bajo,Bajo
Comunidad de Villoruebo y Torrelara (nan),Bajo,Bajo,Muy bajo,Muy bajo,Bajo,Bajo,Bajo
Comunidad de Vilviestre del Pinar y Palacios de la Sierra (nan),Bajo,Bajo,Muy bajo,Muy bajo,Muy bajo,Bajo,Bajo
Comunidad de Vizcaínos y Jaramillo de la Fuente (nan),Bajo,Bajo,Muy bajo,Bajo,Bajo,Bajo,Moderado
Comunidad de la Aynosa (nan),Bajo,Bajo,Muy bajo,Bajo,Bajo,Bajo,Bajo
Comunidad de la Pardina del Mercadal (nan),Muy bajo,Muy bajo,Muy bajo,Muy bajo,Muy bajo,Muy bajo,Bajo
Comunidad de la Sierra Brava de Badaya (nan),Muy bajo,Bajo,Muy bajo,Muy bajo,Muy bajo,Muy bajo,Bajo
Comunidad del Valle de Salazar (nan),Muy bajo,Bajo,Muy bajo,Muy bajo,Muy bajo,Muy bajo,Bajo
Conca de Dalt (Lleida),Muy bajo,Muy bajo,Muy bajo,Muy bajo,Muy bajo,Bajo,Bajo
Condado de Castilnovo (Segovia),Bajo,Muy bajo,Muy bajo,Muy bajo,Muy bajo,Bajo,Bajo
Condado de Treviño (Burgos),Bajo,Bajo,Muy bajo,Muy bajo,Muy bajo,Muy bajo,Bajo
Condemios de Abajo (Guadalajara),Muy bajo,Muy bajo,Muy bajo,Muy bajo,Muy bajo,Bajo,Bajo
Condemios de Arriba (Guadalajara),Muy bajo,Muy bajo,Muy bajo,Muy bajo,Muy bajo,Bajo,Bajo
Conesa (Tarragona),Muy bajo,Muy bajo,Muy bajo,Muy bajo,Muy bajo,Muy bajo,Muy bajo
Confrides (Alicante),Muy bajo,Muy bajo,Muy bajo,Muy bajo,Muy bajo,Muy bajo,Muy bajo
Congosto (León),Muy bajo,Muy bajo,Muy bajo,Muy bajo,Muy bajo,Muy bajo,Bajo
Congosto de Valdavia (Palencia),Muy bajo,Muy bajo,Muy bajo,Muy bajo,Muy bajo,Bajo,Bajo
Congostrina (Guadalajara),Muy bajo,Muy bajo,Muy bajo,Muy bajo,Muy bajo,Muy bajo,Muy bajo
Conil de la Frontera (Cádiz),Moderado,Muy bajo,Muy bajo,Muy bajo,Moderado,Moderado,Moderado
Conquista (Córdoba),Muy bajo,Muy bajo,Muy bajo,Muy bajo,Muy bajo,Bajo,Bajo
Conquista de la Sierra (Cáceres),Muy bajo,Muy bajo,Muy bajo,Muy bajo,Muy bajo,Bajo,Bajo
Consell (Baleares),Muy bajo,Muy bajo,Muy bajo,Muy bajo,Muy bajo,Muy bajo,Muy bajo
Constantina (Sevilla),Muy bajo,Muy bajo,Muy bajo,Muy bajo,Bajo,Bajo,Bajo
Constantí (Tarragona),Muy bajo,Muy bajo,Muy bajo,Muy bajo,Muy bajo,Muy bajo,Muy bajo
Constanzana (Ávila),Muy bajo,Muy bajo,Muy bajo,Muy bajo,Muy bajo,Muy bajo,Bajo
Consuegra (Toledo),Muy bajo,Muy bajo,Muy bajo,Muy bajo,Muy bajo,Muy bajo,Muy bajo
Contamina (Zaragoza),Muy bajo,Muy bajo,Muy bajo,Muy bajo,Muy bajo,Muy bajo,Muy bajo
Contreras (Burgos),Bajo,Bajo,Muy bajo,Bajo,Bajo,Bajo,Moderado
Coomonte (Zamora),Muy bajo,Bajo,Muy bajo,Muy bajo,Muy bajo,Bajo,Bajo
Copernal (Guadalajara),Muy bajo,Muy bajo,Muy bajo,Muy bajo,Muy bajo,Muy bajo,Muy bajo
Copons (Barcelona),Muy bajo,Muy bajo,Muy bajo,Muy bajo,Muy bajo,Muy bajo,Muy bajo
Corbalán (Teruel),Muy bajo,Muy bajo,Muy bajo,Muy bajo,Muy bajo,Muy bajo,Bajo
Corbera (Valencia),Muy bajo,Muy bajo,Muy bajo,Muy bajo,Muy bajo,Muy bajo,Muy bajo
Corbera d'Ebre (Tarragona),Muy bajo,Muy bajo,Muy bajo,Muy bajo,Muy bajo,Muy bajo,Muy bajo
Corbera de Llobregat (Barcelona),Muy bajo,Muy bajo,Muy bajo,Muy bajo,Muy bajo,Muy bajo,Muy bajo
Corbillos de los Oteros (León),Muy bajo,Muy bajo,Muy bajo,Muy bajo,Muy bajo,Muy bajo,Bajo
Corbins (Lleida),Muy bajo,Muy bajo,Muy bajo,Muy bajo,Muy bajo,Muy bajo,Muy bajo
Corcos (Valladolid),Muy bajo,Muy bajo,Muy bajo,Muy bajo,Muy bajo,Bajo,Bajo
Corcubión (A Coruña),Muy bajo,Muy bajo,Muy bajo,Muy bajo,Muy bajo,Muy bajo,Muy bajo
Cordobilla de Lácara (Badajoz),Muy bajo,Muy bajo,Muy bajo,Muy bajo,Muy bajo,Bajo,Bajo
Cordovilla (Salamanca),Muy bajo,Muy bajo,Muy bajo,Muy bajo,Muy bajo,Bajo,Bajo
Cordovilla la Real (Palencia),Muy bajo,Bajo,Bajo,Muy bajo,Bajo,Bajo,Bajo
Cordovín (La Rioja),Bajo,Bajo,Muy bajo,Muy bajo,Muy bajo,Muy bajo,Bajo
Corduente (Guadalajara),Muy bajo,Muy bajo,Muy bajo,Muy bajo,Muy bajo,Bajo,Bajo
Corella (Navarra),Bajo,Moderado,Muy bajo,Muy bajo,Bajo,Bajo,Bajo
Corera (La Rioja),Bajo,Moderado,Muy bajo,Muy bajo,Bajo,Bajo,Bajo
Coreses (Zamora),Muy bajo,Muy bajo,Muy bajo,Muy bajo,Muy bajo,Muy bajo,Muy bajo
Coria (Cáceres),Muy bajo,Muy bajo,Muy bajo,Muy bajo,Muy bajo,Muy bajo,Muy bajo
Coria del Río (Sevilla),Bajo,Muy bajo,Muy bajo,Bajo,Moderado,Bajo,Moderado
Coripe (Sevilla),Moderado,Muy bajo,Muy bajo,Muy bajo,Bajo,Bajo,Bajo
Coristanco (A Coruña),Bajo,Muy bajo,Muy bajo,Muy bajo,Muy bajo,Bajo,Bajo
Cornago (La Rioja),Muy bajo,Bajo,Muy bajo,Muy bajo,Muy bajo,Muy bajo,Bajo
Cornellà de Llobregat (Barcelona),Muy bajo,Muy bajo,Muy bajo,Muy bajo,Muy bajo,Muy bajo,Muy bajo
Cornellà del Terri (Girona),Muy bajo,Muy bajo,Muy bajo,Muy bajo,Muy bajo,Muy bajo,Muy bajo
Cornudella de Montsant (Tarragona),Muy bajo,Muy bajo,Muy bajo,Muy bajo,Muy bajo,Muy bajo,Muy bajo
Corpa (Madrid),Muy bajo,Muy bajo,Muy bajo,Muy bajo,Muy bajo,Muy bajo,Muy bajo
Corporales (La Rioja),Muy bajo,Bajo,Bajo,Muy bajo,Muy bajo,Muy bajo,Bajo
Corral de Almaguer (Toledo),Muy bajo,Muy bajo,Muy bajo,Muy bajo,Muy bajo,Muy bajo,Muy bajo
Corral de Ayllón (Segovia),Muy bajo,Muy bajo,Muy bajo,Muy bajo,Muy bajo,Bajo,Bajo
Corral de Calatrava (Ciudad Real),Muy bajo,Muy bajo,Muy bajo,Muy bajo,Muy bajo,Muy bajo,Muy bajo
Corral-Rubio (Albacete),Muy bajo,Muy bajo,Muy bajo,Muy bajo,Muy bajo,Muy bajo,Muy bajo
Corrales de Duero (Valladolid),Bajo,Muy bajo,Muy bajo,Muy bajo,Bajo,Bajo,Bajo
Corrales del Vino (Zamora),Muy bajo,Muy bajo,Muy bajo,Muy bajo,Muy bajo,Bajo,Bajo
Corte de Peleas (Badajoz),Muy bajo,Muy bajo,Muy bajo,Muy bajo,Muy bajo,Muy bajo,Muy bajo
Corteconcepción (Huelva),Muy bajo,Muy bajo,Muy bajo,Muy bajo,Bajo,Bajo,Bajo
Cortegada (Ourense),Moderado,Muy bajo,Muy bajo,Bajo,Bajo,Bajo,Bajo
Cortegana (Huelva),Bajo,Muy bajo,Muy bajo,Muy bajo,Bajo,Bajo,Bajo
Cortelazor (Huelva),Muy bajo,Muy bajo,Muy bajo,Muy bajo,Bajo,Bajo,Bajo
Cortes (Navarra),Muy bajo,Bajo,Muy bajo,Muy bajo,Bajo,Muy bajo,Bajo
Cortes de Aragón (Teruel),Muy bajo,Muy bajo,Muy bajo,Muy bajo,Muy bajo,Muy bajo,Bajo
Cortes de Arenoso (Castellón),Muy bajo,Muy bajo,Muy bajo,Muy bajo,Muy bajo,Muy bajo,Muy bajo
Cortes de Baza (Granada),Muy bajo,Muy bajo,Muy bajo,Muy bajo,Muy bajo,Muy bajo,Muy bajo
Cortes de Pallás (Valencia),Muy bajo,Muy bajo,Muy bajo,Muy bajo,Muy bajo,Muy bajo,Muy bajo
Cortes de la Frontera (Málaga),Bajo,Muy bajo,Muy bajo,Muy bajo,Bajo,Bajo,Bajo
Cortes y Graena (Granada),Muy bajo,Muy bajo,Muy bajo,Muy bajo,Muy bajo,Muy bajo,Muy bajo
Corullón (León),Bajo,Muy bajo,Muy bajo,Muy bajo,Muy bajo,Bajo,Bajo
Coruña del Conde (Burgos),Muy bajo,Bajo,Muy bajo,Muy bajo,Muy bajo,Bajo,Bajo
Corvera de Asturias (Asturias),Muy bajo,Muy bajo,Muy bajo,Muy bajo,Muy bajo,Bajo,Bajo
Corvera de Toranzo (Cantabria),Muy bajo,Bajo,Muy bajo,Muy bajo,Muy bajo,Muy bajo,Bajo
Corçà (Girona),Muy bajo,Muy bajo,Muy bajo,Muy bajo,Muy bajo,Muy bajo,Muy bajo
Cosa (Teruel),Muy bajo,Muy bajo,Muy bajo,Muy bajo,Muy bajo,Muy bajo,Bajo
Coscurita (Soria),Muy bajo,Muy bajo,Muy bajo,Muy bajo,Muy bajo,Bajo,Bajo
Coslada (Madrid),Muy bajo,Muy bajo,Muy bajo,Muy bajo,Muy bajo,Muy bajo,Muy bajo
Cospeito (Lugo),Bajo,Muy bajo,Muy bajo,Bajo,Bajo,Bajo,Bajo
Costitx (Baleares),Muy bajo,Muy bajo,Muy bajo,Muy bajo,Muy bajo,Muy bajo,Muy bajo
Costur (Castellón),Muy bajo,Muy bajo,Muy bajo,Bajo,Muy bajo,Muy bajo,Muy bajo
Cosuenda (Zaragoza),Muy bajo,Muy bajo,Muy bajo,Muy bajo,Muy bajo,Muy bajo,Bajo
Cotanes del Monte (Zamora),Muy bajo,Muy bajo,Muy bajo,Muy bajo,Bajo,Bajo,Bajo
Cotes (Valencia),Muy bajo,Muy bajo,Muy bajo,Muy bajo,Muy bajo,Muy bajo,Muy bajo
Cotillas (Albacete),Muy bajo,Muy bajo,Muy bajo,Muy bajo,Bajo,Bajo,Bajo
Coto Mancomunado (nan),Muy bajo,Muy bajo,Muy bajo,Muy bajo,Muy bajo,Muy bajo,Bajo
Covaleda (Soria),Bajo,Bajo,Muy bajo,Muy bajo,Muy bajo,Bajo,Bajo
Covarrubias (Burgos),Bajo,Bajo,Muy bajo,Bajo,Bajo,Bajo,Bajo
Covelo (Pontevedra),Bajo,Muy bajo,Muy bajo,Bajo,Bajo,Bajo,Moderado
Cox (Alicante),Muy bajo,Muy bajo,Muy bajo,Muy bajo,Muy bajo,Muy bajo,Muy bajo
Cozuelos de Fuentidueña (Segovia),Bajo,Muy bajo,Muy bajo,Muy bajo,Muy bajo,Bajo,Bajo
Coín (Málaga),Muy bajo,Muy bajo,Muy bajo,Muy bajo,Muy bajo,Muy bajo,Muy bajo
Crecente (Pontevedra),Moderado,Muy bajo,Muy bajo,Bajo,Bajo,Bajo,Bajo
Creixell (Tarragona),Muy bajo,Muy bajo,Muy bajo,Muy bajo,Muy bajo,Muy bajo,Muy bajo
Crespià (Girona),Muy bajo,Muy bajo,Muy bajo,Muy bajo,Muy bajo,Muy bajo,Muy bajo
Crespos (Ávila),Muy bajo,Muy bajo,Muy bajo,Muy bajo,Muy bajo,Bajo,Bajo
Cretas (Teruel),Muy bajo,Muy bajo,Muy bajo,Muy bajo,Muy bajo,Muy bajo,Muy bajo
Crevillent (Alicante),Muy bajo,Muy bajo,Muy bajo,Muy bajo,Muy bajo,Muy bajo,Muy bajo
Cristina (Badajoz),Muy bajo,Muy bajo,Muy bajo,Muy bajo,Muy bajo,Muy bajo,Muy bajo
Cristóbal (Salamanca),Muy bajo,Muy bajo,Muy bajo,Muy bajo,Bajo,Bajo,Bajo
Crivillén (Teruel),Muy bajo,Muy bajo,Muy bajo,Muy bajo,Muy bajo,Muy bajo,Bajo
"Cruïlles, Monells i Sant Sadurní de l'Heura (Girona)",Muy bajo,Muy bajo,Muy bajo,Muy bajo,Muy bajo,Muy bajo,Muy bajo
Crémenes (León),Muy bajo,Muy bajo,Muy bajo,Muy bajo,Muy bajo,Muy bajo,Bajo
Cuacos de Yuste (Cáceres),Muy bajo,Muy bajo,Muy bajo,Muy bajo,Muy bajo,Muy bajo,Muy bajo
Cuadros (León),Muy bajo,Muy bajo,Muy bajo,Muy bajo,Muy bajo,Muy bajo,Bajo
Cualedro (Ourense),Bajo,Muy bajo,Muy bajo,Muy bajo,Bajo,Bajo,Bajo
Cuarte de Huerva (Zaragoza),Muy bajo,Muy bajo,Muy bajo,Muy bajo,Muy bajo,Muy bajo,Muy bajo
Cuarto del Madroño (nan),Bajo,Bajo,Muy bajo,Muy bajo,Bajo,Bajo,Bajo
Cubas de la Sagra (Madrid),Muy bajo,Muy bajo,Muy bajo,Muy bajo,Muy bajo,Muy bajo,Muy bajo
Cubel (Zaragoza),Muy bajo,Muy bajo,Muy bajo,Muy bajo,Muy bajo,Muy bajo,Muy bajo
Cubelles (Barcelona),Muy bajo,Muy bajo,Muy bajo,Muy bajo,Muy bajo,Muy bajo,Muy bajo
Cubells (Lleida),Muy bajo,Muy bajo,Muy bajo,Muy bajo,Muy bajo,Muy bajo,Muy bajo
Cubilla (Soria),Muy bajo,Muy bajo,Muy bajo,Muy bajo,Muy bajo,Bajo,Bajo
Cubillas de Cerrato (Palencia),Muy bajo,Muy bajo,Bajo,Bajo,Bajo,Bajo,Moderado
Cubillas de Rueda (León),Muy bajo,Muy bajo,Muy bajo,Muy bajo,Muy bajo,Muy bajo,Bajo
Cubillas de Santa Marta (Valladolid),Muy bajo,Muy bajo,Muy bajo,Muy bajo,Bajo,Bajo,Bajo
Cubillas de los Oteros (León),Muy bajo,Muy bajo,Muy bajo,Muy bajo,Muy bajo,Muy bajo,Bajo
Cubillo (Segovia),Muy bajo,Muy bajo,Muy bajo,Muy bajo,Muy bajo,Bajo,Bajo
Cubillo del Campo (Burgos),Bajo,Bajo,Muy bajo,Muy bajo,Bajo,Bajo,Bajo
Cubillos (Zamora),Muy bajo,Muy bajo,Muy bajo,Muy bajo,Muy bajo,Bajo,Muy bajo
Cubillos del Sil (León),Muy bajo,Muy bajo,Muy bajo,Muy bajo,Muy bajo,Muy bajo,Bajo
Cubla (Teruel),Muy bajo,Muy bajo,Muy bajo,Muy bajo,Muy bajo,Muy bajo,Muy bajo
Cubo de Benavente (Zamora),Muy bajo,Muy bajo,Muy bajo,Muy bajo,Muy bajo,Bajo,Bajo
Cubo de Bureba (Burgos),Muy bajo,Bajo,Bajo,Muy bajo,Muy bajo,Bajo,Bajo
Cubo de la Solana (Soria),Muy bajo,Muy bajo,Muy bajo,Muy bajo,Muy bajo,Bajo,Bajo
Cucalón (Teruel),Muy bajo,Muy bajo,Muy bajo,Muy bajo,Muy bajo,Muy bajo,Muy bajo
Cudillero (Asturias),Muy bajo,Muy bajo,Muy bajo,Muy bajo,Muy bajo,Bajo,Bajo
Cuelgamures (Zamora),Muy bajo,Muy bajo,Muy bajo,Muy bajo,Muy bajo,Bajo,Bajo
Cuenca (Cuenca),Muy bajo,Muy bajo,Muy bajo,Muy bajo,Muy bajo,Bajo,Bajo
Cuenca de Campos (Valladolid),Muy bajo,Bajo,Muy bajo,Bajo,Bajo,Bajo,Bajo
Cuerva (Toledo),Muy bajo,Muy bajo,Muy bajo,Muy bajo,Muy bajo,Muy bajo,Muy bajo
Cueva de Ágreda (Soria),Muy bajo,Muy bajo,Muy bajo,Muy bajo,Muy bajo,Muy bajo,Bajo
Cueva del Hierro (Cuenca),Muy bajo,Muy bajo,Muy bajo,Muy bajo,Muy bajo,Muy bajo,Bajo
Cuevas Bajas (Málaga),Bajo,Muy bajo,Muy bajo,Muy bajo,Muy bajo,Muy bajo,Muy bajo
Cuevas Labradas (Teruel),Muy bajo,Muy bajo,Muy bajo,Muy bajo,Muy bajo,Muy bajo,Bajo
Cuevas de Almudén (Teruel),Muy bajo,Muy bajo,Muy bajo,Muy bajo,Muy bajo,Muy bajo,Bajo
Cuevas de Provanco (Segovia),Muy bajo,Muy bajo,Muy bajo,Muy bajo,Muy bajo,Muy bajo,Bajo
Cuevas de San Clemente (Burgos),Bajo,Bajo,Muy bajo,Muy bajo,Bajo,Bajo,Bajo
Cuevas de San Marcos (Málaga),Bajo,Muy bajo,Muy bajo,Muy bajo,Muy bajo,Muy bajo,Muy bajo
Cuevas del Almanzora (Almería),Muy bajo,Muy bajo,Muy bajo,Muy bajo,Muy bajo,Muy bajo,Muy bajo
Cuevas del Becerro (Málaga),Bajo,Muy bajo,Muy bajo,Muy bajo,Bajo,Bajo,Bajo
Cuevas del Campo (Granada),Muy bajo,Muy bajo,Muy bajo,Muy bajo,Muy bajo,Muy bajo,Muy bajo
Cuevas del Valle (Ávila),Muy bajo,Muy bajo,Muy bajo,Muy bajo,Muy bajo,Bajo,Bajo
Culla (Castellón),Muy bajo,Muy bajo,Muy bajo,Muy bajo,Muy bajo,Muy bajo,Muy bajo
Cullera (Valencia),Muy bajo,Muy bajo,Muy bajo,Muy bajo,Muy bajo,Muy bajo,Muy bajo
Culleredo (A Coruña),Bajo,Muy bajo,Muy bajo,Muy bajo,Muy bajo,Bajo,Bajo
Cumbres Mayores (Huelva),Muy bajo,Muy bajo,Muy bajo,Muy bajo,Bajo,Bajo,Bajo
Cumbres de Enmedio (Huelva),Muy bajo,Muy bajo,Muy bajo,Muy bajo,Bajo,Bajo,Bajo
Cumbres de San Bartolomé (Huelva),Muy bajo,Muy bajo,Muy bajo,Muy bajo,Bajo,Bajo,Bajo
Cunit (Tarragona),Muy bajo,Muy bajo,Muy bajo,Muy bajo,Muy bajo,Muy bajo,Muy bajo
Cuntis (Pontevedra),Moderado,Muy bajo,Muy bajo,Bajo,Bajo,Bajo,Moderado
Curiel de Duero (Valladolid),Bajo,Muy bajo,Muy bajo,Muy bajo,Bajo,Bajo,Bajo
Curtis (A Coruña),Bajo,Bajo,Muy bajo,Bajo,Bajo,Bajo,Moderado
Cuzcurrita de Río Tirón (La Rioja),Muy bajo,Bajo,Bajo,Muy bajo,Muy bajo,Bajo,Bajo
Cuéllar (Segovia),Muy bajo,Muy bajo,Muy bajo,Muy bajo,Muy bajo,Muy bajo,Bajo
Càlig (Castellón),Muy bajo,Muy bajo,Muy bajo,Muy bajo,Muy bajo,Muy bajo,Muy bajo
Cànoves i Samalús (Barcelona),Muy bajo,Muy bajo,Muy bajo,Muy bajo,Muy bajo,Muy bajo,Muy bajo
Càrcer (Valencia),Muy bajo,Muy bajo,Muy bajo,Muy bajo,Muy bajo,Muy bajo,Muy bajo
Cáceres (Cáceres),Muy bajo,Muy bajo,Muy bajo,Muy bajo,Muy bajo,Muy bajo,Muy bajo
Cádiar (Granada),Muy bajo,Muy bajo,Muy bajo,Muy bajo,Muy bajo,Muy bajo,Muy bajo
Cádiz (Cádiz),Muy bajo,Muy bajo,Muy bajo,Muy bajo,Muy bajo,Muy bajo,Muy bajo
Cájar (Granada),Muy bajo,Muy bajo,Muy bajo,Muy bajo,Muy bajo,Muy bajo,Muy bajo
Cárcar (Navarra),Bajo,Moderado,Muy bajo,Muy bajo,Bajo,Bajo,Bajo
Cárcheles (Jaén),Muy bajo,Muy bajo,Muy bajo,Muy bajo,Muy bajo,Muy bajo,Muy bajo
Cárdenas (La Rioja),Bajo,Bajo,Muy bajo,Muy bajo,Muy bajo,Muy bajo,Bajo
Cármenes (León),Muy bajo,Muy bajo,Muy bajo,Muy bajo,Muy bajo,Muy bajo,Bajo
Cártama (Málaga),Muy bajo,Muy bajo,Muy bajo,Muy bajo,Muy bajo,Muy bajo,Muy bajo
Cáseda (Navarra),Muy bajo,Muy bajo,Muy bajo,Muy bajo,Muy bajo,Muy bajo,Bajo
Cástaras (Granada),Muy bajo,Muy bajo,Muy bajo,Muy bajo,Muy bajo,Muy bajo,Muy bajo
Cáñar (Granada),Muy bajo,Muy bajo,Muy bajo,Muy bajo,Muy bajo,Muy bajo,Muy bajo
Cóbdar (Almería),Muy bajo,Muy bajo,Muy bajo,Muy bajo,Muy bajo,Muy bajo,Muy bajo
Cómpeta (Málaga),Muy bajo,Muy bajo,Muy bajo,Muy bajo,Muy bajo,Muy bajo,Muy bajo
Córdoba (Córdoba),Muy bajo,Muy bajo,Muy bajo,Muy bajo,Bajo,Muy bajo,Muy bajo
Cózar (Ciudad Real),Muy bajo,Muy bajo,Muy bajo,Muy bajo,Muy bajo,Muy bajo,Muy bajo
Cúllar (Granada),Muy bajo,Muy bajo,Muy bajo,Muy bajo,Muy bajo,Muy bajo,Muy bajo
Cúllar Vega (Granada),Muy bajo,Muy bajo,Muy bajo,Muy bajo,Muy bajo,Muy bajo,Muy bajo
Cútar (Málaga),Muy bajo,Muy bajo,Muy bajo,Muy bajo,Muy bajo,Muy bajo,Muy bajo
Daganzo de Arriba (Madrid),Muy bajo,Muy bajo,Muy bajo,Muy bajo,Muy bajo,Muy bajo,Muy bajo
Daimiel (Ciudad Real),Muy bajo,Muy bajo,Muy bajo,Muy bajo,Muy bajo,Muy bajo,Muy bajo
Daimús (Valencia),Muy bajo,Muy bajo,Muy bajo,Muy bajo,Muy bajo,Muy bajo,Muy bajo
Dalías (Almería),Muy bajo,Muy bajo,Muy bajo,Muy bajo,Muy bajo,Muy bajo,Muy bajo
Darnius (Girona),Muy bajo,Muy bajo,Muy bajo,Muy bajo,Muy bajo,Muy bajo,Muy bajo
Daroca (Zaragoza),Muy bajo,Muy bajo,Muy bajo,Muy bajo,Muy bajo,Muy bajo,Muy bajo
Daroca de Rioja (La Rioja),Bajo,Bajo,Muy bajo,Muy bajo,Muy bajo,Muy bajo,Bajo
Darro (Granada),Bajo,Muy bajo,Muy bajo,Muy bajo,Muy bajo,Muy bajo,Muy bajo
Das (Girona),Muy bajo,Muy bajo,Muy bajo,Muy bajo,Bajo,Bajo,Moderado
Daya Nueva (Alicante),Muy bajo,Muy bajo,Muy bajo,Muy bajo,Muy bajo,Muy bajo,Muy bajo
Daya Vieja (Alicante),Muy bajo,Muy bajo,Muy bajo,Muy bajo,Muy bajo,Muy bajo,Muy bajo
Deba (Guipúzcoa),Bajo,Moderado,Muy bajo,Muy bajo,Muy bajo,Bajo,Moderado
Degaña (Asturias),Bajo,Muy bajo,Muy bajo,Muy bajo,Muy bajo,Muy bajo,Bajo
Dehesa de Montejo (Palencia),Muy bajo,Bajo,Muy bajo,Muy bajo,Muy bajo,Bajo,Bajo
Dehesa de Romanos (Palencia),Muy bajo,Bajo,Bajo,Muy bajo,Muy bajo,Bajo,Bajo
Dehesa de San Felices (nan),Bajo,Bajo,Muy bajo,Muy bajo,Bajo,Bajo,Moderado
Dehesa de Santiago (nan),Muy bajo,Muy bajo,Muy bajo,Muy bajo,Bajo,Bajo,Bajo
Dehesas Viejas (Granada),Muy bajo,Muy bajo,Muy bajo,Muy bajo,Muy bajo,Muy bajo,Muy bajo
Dehesas de Guadix (Granada),Muy bajo,Muy bajo,Muy bajo,Muy bajo,Muy bajo,Muy bajo,Muy bajo
Deifontes (Granada),Muy bajo,Muy bajo,Muy bajo,Muy bajo,Muy bajo,Muy bajo,Muy bajo
Deià (Baleares),Muy bajo,Muy bajo,Muy bajo,Muy bajo,Muy bajo,Muy bajo,Muy bajo
Deleitosa (Cáceres),Muy bajo,Muy bajo,Muy bajo,Muy bajo,Muy bajo,Muy bajo,Muy bajo
Deltebre (Tarragona),Muy bajo,Muy bajo,Muy bajo,Muy bajo,Muy bajo,Muy bajo,Muy bajo
Derio (Vizcaya),Muy bajo,Bajo,Muy bajo,Muy bajo,Muy bajo,Muy bajo,Bajo
Descargamaría (Cáceres),Muy bajo,Muy bajo,Muy bajo,Muy bajo,Muy bajo,Bajo,Bajo
Desojo (Navarra),Bajo,Bajo,Muy bajo,Muy bajo,Muy bajo,Bajo,Bajo
Destriana (León),Muy bajo,Bajo,Muy bajo,Muy bajo,Muy bajo,Bajo,Bajo
Deza (Soria),Muy bajo,Bajo,Muy bajo,Bajo,Bajo,Bajo,Bajo
Dicastillo (Navarra),Bajo,Moderado,Muy bajo,Muy bajo,Muy bajo,Muy bajo,Bajo
Diego del Carpio (Ávila),Muy bajo,Muy bajo,Muy bajo,Muy bajo,Bajo,Bajo,Bajo
Diezma (Granada),Bajo,Muy bajo,Muy bajo,Muy bajo,Muy bajo,Muy bajo,Muy bajo
Dima (Vizcaya),Bajo,Moderado,Muy bajo,Muy bajo,Muy bajo,Muy bajo,Bajo
Dios le Guarde (Salamanca),Muy bajo,Muy bajo,Muy bajo,Muy bajo,Muy bajo,Bajo,Bajo
Dodro (A Coruña),Bajo,Muy bajo,Muy bajo,Bajo,Bajo,Bajo,Bajo
Dolores (Alicante),Muy bajo,Muy bajo,Muy bajo,Muy bajo,Muy bajo,Muy bajo,Muy bajo
Domeño (Valencia),Muy bajo,Muy bajo,Muy bajo,Muy bajo,Muy bajo,Muy bajo,Muy bajo
Domingo García (Segovia),Muy bajo,Muy bajo,Muy bajo,Muy bajo,Muy bajo,Muy bajo,Bajo
Domingo Pérez (Toledo),Muy bajo,Muy bajo,Muy bajo,Muy bajo,Muy bajo,Muy bajo,Muy bajo
Domingo Pérez de Granada (Granada),Muy bajo,Muy bajo,Muy bajo,Muy bajo,Muy bajo,Muy bajo,Muy bajo
Don Benito (Badajoz),Muy bajo,Muy bajo,Muy bajo,Muy bajo,Muy bajo,Muy bajo,Muy bajo
Don Álvaro (Badajoz),Muy bajo,Muy bajo,Muy bajo,Muy bajo,Muy bajo,Bajo,Bajo
Donamaria (Navarra),Moderado,Moderado,Muy bajo,Muy bajo,Muy bajo,Bajo,Moderado
Doneztebe/Santesteban (Navarra),Moderado,Moderado,Muy bajo,Muy bajo,Muy bajo,Bajo,Moderado
Donhierro (Segovia),Muy bajo,Muy bajo,Muy bajo,Muy bajo,Muy bajo,Muy bajo,Bajo
Donjimeno (Ávila),Muy bajo,Muy bajo,Muy bajo,Muy bajo,Muy bajo,Muy bajo,Bajo
Donostia/San Sebastián (Guipúzcoa),Muy bajo,Muy bajo,Muy bajo,Muy bajo,Muy bajo,Muy bajo,Muy bajo
Donvidas (Ávila),Muy bajo,Muy bajo,Muy bajo,Muy bajo,Muy bajo,Muy bajo,Bajo
Dos Aguas (Valencia),Muy bajo,Muy bajo,Muy bajo,Muy bajo,Muy bajo,Muy bajo,Muy bajo
Dos Hermanas (Sevilla),Bajo,Muy bajo,Muy bajo,Bajo,Moderado,Bajo,Bajo
Dos Torres (Córdoba),Muy bajo,Muy bajo,Muy bajo,Muy bajo,Muy bajo,Muy bajo,Bajo
Dosbarrios (Toledo),Muy bajo,Muy bajo,Muy bajo,Muy bajo,Muy bajo,Muy bajo,Muy bajo
Dosrius (Barcelona),Muy bajo,Muy bajo,Muy bajo,Muy bajo,Muy bajo,Muy bajo,Muy bajo
Dozón (Pontevedra),Bajo,Muy bajo,Muy bajo,Bajo,Bajo,Bajo,Bajo
Doña Mencía (Córdoba),Muy bajo,Muy bajo,Muy bajo,Muy bajo,Muy bajo,Muy bajo,Muy bajo
Doñinos de Ledesma (Salamanca),Muy bajo,Muy bajo,Muy bajo,Muy bajo,Bajo,Bajo,Bajo
Doñinos de Salamanca (Salamanca),Muy bajo,Muy bajo,Muy bajo,Muy bajo,Muy bajo,Bajo,Bajo
Driebes (Guadalajara),Muy bajo,Muy bajo,Muy bajo,Muy bajo,Muy bajo,Muy bajo,Muy bajo
Duesaigües (Tarragona),Muy bajo,Muy bajo,Muy bajo,Muy bajo,Muy bajo,Muy bajo,Muy bajo
Dueñas (Palencia),Muy bajo,Muy bajo,Muy bajo,Muy bajo,Bajo,Bajo,Bajo
Dumbría (A Coruña),Bajo,Muy bajo,Muy bajo,Bajo,Bajo,Bajo,Bajo
Durango (Vizcaya),Bajo,Moderado,Muy bajo,Muy bajo,Muy bajo,Muy bajo,Bajo
Duruelo (Segovia),Bajo,Muy bajo,Muy bajo,Muy bajo,Muy bajo,Bajo,Bajo
Duruelo de la Sierra (Soria),Bajo,Bajo,Muy bajo,Muy bajo,Muy bajo,Bajo,Moderado
Durón (Guadalajara),Muy bajo,Muy bajo,Muy bajo,Muy bajo,Muy bajo,Muy bajo,Muy bajo
Dénia (Alicante),Muy bajo,Muy bajo,Muy bajo,Muy bajo,Muy bajo,Muy bajo,Muy bajo
Dévanos (Soria),Muy bajo,Muy bajo,Muy bajo,Muy bajo,Muy bajo,Muy bajo,Bajo
Dílar (Granada),Muy bajo,Muy bajo,Muy bajo,Muy bajo,Muy bajo,Muy bajo,Muy bajo
Dólar (Granada),Muy bajo,Muy bajo,Muy bajo,Muy bajo,Muy bajo,Muy bajo,Muy bajo
Dúdar (Granada),Bajo,Muy bajo,Muy bajo,Muy bajo,Muy bajo,Bajo,Bajo
Dúrcal (Granada),Muy bajo,Muy bajo,Muy bajo,Muy bajo,Muy bajo,Muy bajo,Muy bajo
Ea (Vizcaya),Muy bajo,Bajo,Muy bajo,Muy bajo,Muy bajo,Muy bajo,Bajo
Echarri/Etxarri (Navarra),Bajo,Moderado,Muy bajo,Muy bajo,Muy bajo,Bajo,Bajo
Eibar (Guipúzcoa),Bajo,Moderado,Muy bajo,Muy bajo,Muy bajo,Muy bajo,Bajo
Eivissa (Baleares),Muy bajo,Muy bajo,Muy bajo,Muy bajo,Muy bajo,Muy bajo,Muy bajo
Ejea de los Caballeros (Zaragoza),Muy bajo,Muy bajo,Muy bajo,Muy bajo,Muy bajo,Muy bajo,Muy bajo
Ejulve (Teruel),Muy bajo,Muy bajo,Muy bajo,Muy bajo,Muy bajo,Muy bajo,Bajo
El Acebrón (Cuenca),Muy bajo,Muy bajo,Muy bajo,Muy bajo,Muy bajo,Muy bajo,Muy bajo
El Almendro (Huelva),Bajo,Muy bajo,Muy bajo,Muy bajo,Bajo,Bajo,Bajo
El Arco (Salamanca),Muy bajo,Muy bajo,Muy bajo,Muy bajo,Bajo,Bajo,Bajo
El Arenal (Ávila),Muy bajo,Muy bajo,Muy bajo,Muy bajo,Muy bajo,Bajo,Bajo
El Astillero (Cantabria),Muy bajo,Muy bajo,Muy bajo,Muy bajo,Muy bajo,Muy bajo,Muy bajo
El Atazar (Madrid),Muy bajo,Muy bajo,Muy bajo,Muy bajo,Muy bajo,Muy bajo,Bajo
El Ballestero (Albacete),Muy bajo,Bajo,Muy bajo,Bajo,Bajo,Bajo,Bajo
El Barco de Ávila (Ávila),Muy bajo,Muy bajo,Muy bajo,Muy bajo,Bajo,Bajo,Bajo
El Barraco (Ávila),Muy bajo,Muy bajo,Muy bajo,Bajo,Bajo,Bajo,Bajo
El Berrueco (Madrid),Muy bajo,Muy bajo,Muy bajo,Muy bajo,Muy bajo,Muy bajo,Muy bajo
El Boalo (Madrid),Muy bajo,Muy bajo,Muy bajo,Muy bajo,Muy bajo,Bajo,Bajo
El Bodón (Salamanca),Bajo,Muy bajo,Muy bajo,Muy bajo,Bajo,Bajo,Bajo
El Bohodón (Ávila),Muy bajo,Muy bajo,Muy bajo,Muy bajo,Muy bajo,Muy bajo,Bajo
El Bonillo (Albacete),Muy bajo,Muy bajo,Muy bajo,Muy bajo,Muy bajo,Bajo,Muy bajo
El Borge (Málaga),Muy bajo,Muy bajo,Muy bajo,Muy bajo,Muy bajo,Muy bajo,Muy bajo
El Bosque (Cádiz),Moderado,Muy bajo,Muy bajo,Bajo,Bajo,Bajo,Bajo
El Bruc (Barcelona),Muy bajo,Muy bajo,Muy bajo,Muy bajo,Muy bajo,Muy bajo,Muy bajo
El Burgo (Málaga),Muy bajo,Muy bajo,Muy bajo,Muy bajo,Muy bajo,Muy bajo,Muy bajo
El Burgo Ranero (León),Muy bajo,Muy bajo,Muy bajo,Muy bajo,Muy bajo,Bajo,Bajo
El Burgo de Ebro (Zaragoza),Muy bajo,Muy bajo,Muy bajo,Bajo,Bajo,Muy bajo,Muy bajo
El Buste (Zaragoza),Muy bajo,Bajo,Muy bajo,Muy bajo,Bajo,Bajo,Bajo
El Busto (Navarra),Bajo,Bajo,Muy bajo,Muy bajo,Muy bajo,Bajo,Bajo
El Cabaco (Salamanca),Muy bajo,Muy bajo,Muy bajo,Muy bajo,Muy bajo,Bajo,Bajo
El Campillo (Huelva),Muy bajo,Muy bajo,Muy bajo,Muy bajo,Bajo,Bajo,Bajo
El Campillo (Valladolid),Muy bajo,Muy bajo,Muy bajo,Muy bajo,Muy bajo,Muy bajo,Bajo
El Campillo de la Jara (Toledo),Muy bajo,Muy bajo,Muy bajo,Muy bajo,Muy bajo,Muy bajo,Muy bajo
El Campo de Peñaranda (Salamanca),Muy bajo,Muy bajo,Muy bajo,Muy bajo,Muy bajo,Muy bajo,Bajo
El Cardoso de la Sierra (Guadalajara),Muy bajo,Muy bajo,Muy bajo,Muy bajo,Muy bajo,Bajo,Bajo
El Carpio (Córdoba),Muy bajo,Muy bajo,Muy bajo,Muy bajo,Bajo,Muy bajo,Muy bajo
El Carpio de Tajo (Toledo),Muy bajo,Muy bajo,Muy bajo,Muy bajo,Muy bajo,Muy bajo,Muy bajo
El Carrascalejo (Badajoz),Muy bajo,Muy bajo,Muy bajo,Muy bajo,Bajo,Bajo,Bajo
El Casar (Guadalajara),Muy bajo,Muy bajo,Muy bajo,Muy bajo,Muy bajo,Muy bajo,Muy bajo
El Casar de Escalona (Toledo),Muy bajo,Muy bajo,Muy bajo,Muy bajo,Muy bajo,Muy bajo,Muy bajo
El Castellar (Teruel),Muy bajo,Muy bajo,Muy bajo,Muy bajo,Muy bajo,Muy bajo,Bajo
El Castillo de las Guardas (Sevilla),Muy bajo,Muy bajo,Muy bajo,Muy bajo,Bajo,Bajo,Bajo
El Catllar (Tarragona),Muy bajo,Muy bajo,Muy bajo,Muy bajo,Muy bajo,Muy bajo,Muy bajo
El Cañavate (Cuenca),Muy bajo,Muy bajo,Muy bajo,Bajo,Muy bajo,Bajo,Bajo
El Cerro (Salamanca),Muy bajo,Muy bajo,Muy bajo,Muy bajo,Muy bajo,Bajo,Bajo
El Cerro de Andévalo (Huelva),Bajo,Muy bajo,Muy bajo,Muy bajo,Bajo,Bajo,Bajo
El Coronil (Sevilla),Moderado,Bajo,Muy bajo,Bajo,Bajo,Bajo,Bajo
El Cubillo de Uceda (Guadalajara),Muy bajo,Muy bajo,Muy bajo,Muy bajo,Muy bajo,Muy bajo,Muy bajo
El Cubo de Don Sancho (Salamanca),Muy bajo,Muy bajo,Muy bajo,Muy bajo,Bajo,Bajo,Bajo
El Cubo de Tierra del Vino (Zamora),Muy bajo,Muy bajo,Muy bajo,Muy bajo,Muy bajo,Bajo,Bajo
El Cuervo (Teruel),Muy bajo,Muy bajo,Muy bajo,Muy bajo,Muy bajo,Muy bajo,Muy bajo
El Cuervo de Sevilla (Sevilla),Moderado,Muy bajo,Muy bajo,Muy bajo,Bajo,Bajo,Bajo
El Ejido (Almería),Muy bajo,Muy bajo,Muy bajo,Muy bajo,Muy bajo,Muy bajo,Muy bajo
El Escorial (Madrid),Muy bajo,Muy bajo,Muy bajo,Muy bajo,Muy bajo,Bajo,Bajo
El Espinar (Segovia),Muy bajo,Muy bajo,Muy bajo,Muy bajo,Muy bajo,Bajo,Bajo
El Far d'Empordà (Girona),Muy bajo,Muy bajo,Muy bajo,Muy bajo,Muy bajo,Muy bajo,Muy bajo
El Frago (Zaragoza),Muy bajo,Muy bajo,Muy bajo,Muy bajo,Muy bajo,Muy bajo,Bajo
El Franco (Asturias),Muy bajo,Muy bajo,Muy bajo,Muy bajo,Muy bajo,Bajo,Bajo
El Franco (nan),Muy bajo,Muy bajo,Muy bajo,Muy bajo,Muy bajo,Muy bajo,Muy bajo
El Frasno (Zaragoza),Muy bajo,Muy bajo,Muy bajo,Muy bajo,Muy bajo,Muy bajo,Muy bajo
El Fresno (Ávila),Muy bajo,Muy bajo,Muy bajo,Bajo,Bajo,Bajo,Bajo
El Garrobo (Sevilla),Muy bajo,Muy bajo,Muy bajo,Bajo,Moderado,Bajo,Bajo
El Gastor (Cádiz),Moderado,Muy bajo,Muy bajo,Muy bajo,Bajo,Bajo,Bajo
El Gordo (Cáceres),Muy bajo,Muy bajo,Muy bajo,Muy bajo,Muy bajo,Bajo,Muy bajo
El Grado (Huesca),Muy bajo,Muy bajo,Muy bajo,Muy bajo,Muy bajo,Bajo,Bajo
El Granado (Huelva),Bajo,Muy bajo,Muy bajo,Muy bajo,Bajo,Bajo,Bajo
El Guijo (Córdoba),Muy bajo,Muy bajo,Muy bajo,Muy bajo,Muy bajo,Muy bajo,Bajo
El Herrumblar (Cuenca),Muy bajo,Muy bajo,Muy bajo,Muy bajo,Muy bajo,Muy bajo,Muy bajo
El Hito (Cuenca),Muy bajo,Muy bajo,Muy bajo,Muy bajo,Muy bajo,Muy bajo,Muy bajo
El Hornillo (Ávila),Muy bajo,Muy bajo,Muy bajo,Muy bajo,Muy bajo,Bajo,Bajo
El Hoyo de Pinares (Ávila),Muy bajo,Muy bajo,Muy bajo,Muy bajo,Muy bajo,Bajo,Bajo
El Lloar (Tarragona),Muy bajo,Muy bajo,Muy bajo,Muy bajo,Muy bajo,Muy bajo,Muy bajo
El Losar del Barco (Ávila),Muy bajo,Muy bajo,Muy bajo,Muy bajo,Bajo,Bajo,Bajo
El Maderal (Zamora),Muy bajo,Muy bajo,Muy bajo,Muy bajo,Muy bajo,Bajo,Bajo
El Madroño (Sevilla),Bajo,Muy bajo,Muy bajo,Muy bajo,Bajo,Bajo,Bajo
El Manzano (Salamanca),Muy bajo,Muy bajo,Muy bajo,Bajo,Bajo,Bajo,Bajo
El Masnou (Barcelona),Muy bajo,Muy bajo,Muy bajo,Muy bajo,Muy bajo,Muy bajo,Muy bajo
El Masroig (Tarragona),Muy bajo,Muy bajo,Muy bajo,Muy bajo,Muy bajo,Muy bajo,Muy bajo
El Maíllo (Salamanca),Muy bajo,Muy bajo,Muy bajo,Muy bajo,Muy bajo,Bajo,Bajo
El Milano (Salamanca),Bajo,Muy bajo,Muy bajo,Muy bajo,Bajo,Bajo,Bajo
El Milà (Tarragona),Muy bajo,Muy bajo,Muy bajo,Muy bajo,Muy bajo,Muy bajo,Muy bajo
El Mirón (Ávila),Muy bajo,Muy bajo,Muy bajo,Muy bajo,Bajo,Bajo,Bajo
El Molar (Madrid),Muy bajo,Muy bajo,Muy bajo,Muy bajo,Muy bajo,Muy bajo,Muy bajo
El Molar (Tarragona),Muy bajo,Muy bajo,Muy bajo,Muy bajo,Muy bajo,Muy bajo,Muy bajo
El Morell (Tarragona),Muy bajo,Muy bajo,Muy bajo,Muy bajo,Muy bajo,Muy bajo,Muy bajo
El Olivar (Guadalajara),Muy bajo,Muy bajo,Muy bajo,Muy bajo,Muy bajo,Muy bajo,Muy bajo
El Ordial (Guadalajara),Muy bajo,Muy bajo,Muy bajo,Muy bajo,Muy bajo,Bajo,Bajo
El Oso (Ávila),Muy bajo,Muy bajo,Muy bajo,Muy bajo,Muy bajo,Muy bajo,Bajo
El Palmar de Troya (Sevilla),Moderado,Muy bajo,Muy bajo,Muy bajo,Bajo,Bajo,Bajo
El Papiol (Barcelona),Muy bajo,Muy bajo,Muy bajo,Muy bajo,Muy bajo,Muy bajo,Muy bajo
El Parral (Ávila),Muy bajo,Muy bajo,Muy bajo,Muy bajo,Muy bajo,Bajo,Bajo
El Paso (Tenerife),Muy bajo,Muy bajo,Muy bajo,Muy bajo,Muy bajo,Muy bajo,Muy bajo
El Payo (Salamanca),Muy bajo,Muy bajo,Muy bajo,Muy bajo,Muy bajo,Muy bajo,Bajo
El Pedernoso (Cuenca),Muy bajo,Muy bajo,Muy bajo,Muy bajo,Muy bajo,Muy bajo,Muy bajo
El Pedregal (Guadalajara),Muy bajo,Muy bajo,Muy bajo,Muy bajo,Muy bajo,Muy bajo,Muy bajo
El Pedroso (Sevilla),Bajo,Muy bajo,Muy bajo,Muy bajo,Bajo,Bajo,Bajo
El Pedroso de la Armuña (Salamanca),Muy bajo,Muy bajo,Muy bajo,Muy bajo,Muy bajo,Muy bajo,Muy bajo
El Pego (Zamora),Muy bajo,Muy bajo,Muy bajo,Muy bajo,Muy bajo,Muy bajo,Bajo
El Peral (Cuenca),Muy bajo,Muy bajo,Muy bajo,Muy bajo,Muy bajo,Bajo,Bajo
El Perdigón (Zamora),Muy bajo,Muy bajo,Muy bajo,Muy bajo,Muy bajo,Muy bajo,Muy bajo
El Perelló (Tarragona),Muy bajo,Muy bajo,Muy bajo,Muy bajo,Muy bajo,Muy bajo,Muy bajo
El Picazo (Cuenca),Muy bajo,Muy bajo,Muy bajo,Muy bajo,Muy bajo,Bajo,Bajo
El Pinar (Granada),Muy bajo,Muy bajo,Muy bajo,Muy bajo,Muy bajo,Muy bajo,Muy bajo
El Pinar de El Hierro (Tenerife),Muy bajo,Bajo,Muy bajo,Muy bajo,Muy bajo,Muy bajo,Bajo
El Pinell de Brai (Tarragona),Muy bajo,Muy bajo,Muy bajo,Muy bajo,Muy bajo,Muy bajo,Muy bajo
El Pino de Tormes (Salamanca),Muy bajo,Muy bajo,Muy bajo,Muy bajo,Muy bajo,Bajo,Bajo
El Piñero (Zamora),Muy bajo,Muy bajo,Muy bajo,Muy bajo,Muy bajo,Muy bajo,Bajo
El Pla de Santa Maria (Tarragona),Muy bajo,Muy bajo,Muy bajo,Muy bajo,Muy bajo,Muy bajo,Muy bajo
El Pla del Penedès (Barcelona),Muy bajo,Muy bajo,Muy bajo,Muy bajo,Muy bajo,Muy bajo,Muy bajo
El Pobo (Teruel),Muy bajo,Muy bajo,Muy bajo,Muy bajo,Muy bajo,Muy bajo,Bajo
El Pobo de Dueñas (Guadalajara),Muy bajo,Muy bajo,Muy bajo,Muy bajo,Muy bajo,Bajo,Bajo
El Pont d'Armentera (Tarragona),Muy bajo,Muy bajo,Muy bajo,Muy bajo,Muy bajo,Muy bajo,Muy bajo
El Pont de Vilomara i Rocafort (Barcelona),Muy bajo,Muy bajo,Muy bajo,Muy bajo,Muy bajo,Muy bajo,Muy bajo
El Port de la Selva (Girona),Muy bajo,Muy bajo,Muy bajo,Muy bajo,Bajo,Muy bajo,Muy bajo
El Pozuelo (Cuenca),Muy bajo,Muy bajo,Muy bajo,Muy bajo,Muy bajo,Bajo,Bajo
El Prat de Llobregat (Barcelona),Muy bajo,Muy bajo,Muy bajo,Muy bajo,Muy bajo,Muy bajo,Muy bajo
El Provencio (Cuenca),Muy bajo,Muy bajo,Muy bajo,Muy bajo,Muy bajo,Muy bajo,Muy bajo
El Puente del Arzobispo (Toledo),Muy bajo,Muy bajo,Muy bajo,Muy bajo,Muy bajo,Muy bajo,Muy bajo
El Puerto de Santa María (Cádiz),Muy alto,Muy bajo,Muy bajo,Bajo,Bajo,Moderado,Moderado
El Pueyo de Araguás (Huesca),Muy bajo,Muy bajo,Muy bajo,Muy bajo,Muy bajo,Bajo,Bajo
El Rasillo de Cameros (La Rioja),Muy bajo,Bajo,Bajo,Muy bajo,Muy bajo,Muy bajo,Bajo
El Real de San Vicente (Toledo),Muy bajo,Muy bajo,Muy bajo,Muy bajo,Muy bajo,Muy bajo,Muy bajo
El Real de la Jara (Sevilla),Muy bajo,Muy bajo,Muy bajo,Muy bajo,Bajo,Bajo,Bajo
El Recuenco (Guadalajara),Muy bajo,Muy bajo,Muy bajo,Muy bajo,Muy bajo,Muy bajo,Bajo
El Redal (La Rioja),Bajo,Moderado,Muy bajo,Muy bajo,Bajo,Bajo,Bajo
El Redegüelo (nan),Muy bajo,Muy bajo,Muy bajo,Muy bajo,Muy bajo,Bajo,Bajo
El Robledo (Ciudad Real),Muy bajo,Muy bajo,Muy bajo,Muy bajo,Muy bajo,Muy bajo,Muy bajo
El Romeral (Toledo),Muy bajo,Muy bajo,Muy bajo,Muy bajo,Muy bajo,Muy bajo,Muy bajo
El Ronquillo (Sevilla),Muy bajo,Muy bajo,Muy bajo,Muy bajo,Bajo,Bajo,Bajo
El Rosario (Tenerife),Muy bajo,Muy bajo,Muy bajo,Muy bajo,Muy bajo,Muy bajo,Muy bajo
El Rourell (Tarragona),Muy bajo,Muy bajo,Muy bajo,Muy bajo,Muy bajo,Muy bajo,Muy bajo
El Royo (Soria),Muy bajo,Muy bajo,Muy bajo,Muy bajo,Muy bajo,Bajo,Bajo
El Rubio (Sevilla),Muy bajo,Muy bajo,Muy bajo,Muy bajo,Muy bajo,Muy bajo,Muy bajo
El Sahugo (Salamanca),Muy bajo,Muy bajo,Muy bajo,Muy bajo,Muy bajo,Bajo,Bajo
El Saucejo (Sevilla),Bajo,Muy bajo,Muy bajo,Muy bajo,Bajo,Bajo,Bajo
El Sauzal (Tenerife),Muy bajo,Muy bajo,Muy bajo,Muy bajo,Muy bajo,Muy bajo,Muy bajo
El Sotillo (Guadalajara),Muy bajo,Muy bajo,Muy bajo,Muy bajo,Muy bajo,Muy bajo,Bajo
El Tanque (Tenerife),Bajo,Bajo,Muy bajo,Muy bajo,Muy bajo,Muy bajo,Muy bajo
El Tejado (Salamanca),Muy bajo,Muy bajo,Muy bajo,Muy bajo,Bajo,Bajo,Bajo
El Tiemblo (Ávila),Muy bajo,Muy bajo,Muy bajo,Muy bajo,Muy bajo,Bajo,Bajo
El Toboso (Toledo),Muy bajo,Muy bajo,Muy bajo,Muy bajo,Muy bajo,Muy bajo,Muy bajo
El Tornadizo (Salamanca),Muy bajo,Muy bajo,Muy bajo,Muy bajo,Bajo,Bajo,Bajo
El Torno (Cáceres),Muy bajo,Muy bajo,Muy bajo,Muy bajo,Muy bajo,Muy bajo,Bajo
El Toro (Castellón),Muy bajo,Muy bajo,Muy bajo,Muy bajo,Muy bajo,Muy bajo,Muy bajo
El Valle (Granada),Muy bajo,Muy bajo,Muy bajo,Muy bajo,Muy bajo,Muy bajo,Muy bajo
El Valle de Altomira (Cuenca),Muy bajo,Muy bajo,Muy bajo,Muy bajo,Muy bajo,Muy bajo,Muy bajo
El Vallecillo (Teruel),Muy bajo,Muy bajo,Muy bajo,Muy bajo,Muy bajo,Bajo,Bajo
El Vellón (Madrid),Muy bajo,Muy bajo,Muy bajo,Muy bajo,Muy bajo,Muy bajo,Muy bajo
El Vendrell (Tarragona),Muy bajo,Muy bajo,Muy bajo,Muy bajo,Muy bajo,Muy bajo,Muy bajo
El Villar de Arnedo (La Rioja),Bajo,Moderado,Muy bajo,Muy bajo,Bajo,Bajo,Bajo
El Viso (Córdoba),Muy bajo,Muy bajo,Muy bajo,Muy bajo,Muy bajo,Muy bajo,Muy bajo
El Viso de San Juan (Toledo),Muy bajo,Muy bajo,Muy bajo,Muy bajo,Muy bajo,Muy bajo,Muy bajo
El Viso del Alcor (Sevilla),Bajo,Muy bajo,Muy bajo,Muy bajo,Bajo,Bajo,Bajo
El Álamo (Madrid),Muy bajo,Muy bajo,Muy bajo,Muy bajo,Muy bajo,Muy bajo,Muy bajo
Elantxobe (Vizcaya),Muy bajo,Muy bajo,Muy bajo,Muy bajo,Muy bajo,Muy bajo,Muy bajo
Elburgo/Burgelu (Álava),Bajo,Moderado,Muy bajo,Muy bajo,Muy bajo,Muy bajo,Bajo
Elche de la Sierra (Albacete),Muy bajo,Muy bajo,Muy bajo,Muy bajo,Muy bajo,Muy bajo,Muy bajo
Elciego (Álava),Muy bajo,Bajo,Muy bajo,Muy bajo,Muy bajo,Muy bajo,Bajo
Elda (Alicante),Muy bajo,Muy bajo,Muy bajo,Muy bajo,Muy bajo,Muy bajo,Muy bajo
Elduain (Guipúzcoa),Bajo,Moderado,Muy bajo,Muy bajo,Muy bajo,Bajo,Moderado
Elgeta (Guipúzcoa),Bajo,Moderado,Muy bajo,Muy bajo,Muy bajo,Muy bajo,Bajo
Elgoibar (Guipúzcoa),Bajo,Moderado,Muy bajo,Muy bajo,Muy bajo,Bajo,Moderado
Elgorriaga (Navarra),Moderado,Moderado,Muy bajo,Muy bajo,Muy bajo,Bajo,Moderado
Eljas (Cáceres),Muy bajo,Muy bajo,Muy bajo,Muy bajo,Muy bajo,Bajo,Bajo
Elorrio (Vizcaya),Bajo,Moderado,Muy bajo,Muy bajo,Muy bajo,Muy bajo,Bajo
Els Garidells (Tarragona),Muy bajo,Muy bajo,Muy bajo,Muy bajo,Muy bajo,Muy bajo,Muy bajo
Els Guiamets (Tarragona),Muy bajo,Muy bajo,Muy bajo,Muy bajo,Muy bajo,Muy bajo,Muy bajo
Els Hostalets de Pierola (Barcelona),Muy bajo,Muy bajo,Muy bajo,Muy bajo,Muy bajo,Muy bajo,Muy bajo
Els Pallaresos (Tarragona),Muy bajo,Muy bajo,Muy bajo,Muy bajo,Muy bajo,Muy bajo,Muy bajo
Els Prats de Rei (Barcelona),Muy bajo,Muy bajo,Muy bajo,Muy bajo,Muy bajo,Muy bajo,Muy bajo
Elvillar/Bilar (Álava),Muy bajo,Bajo,Muy bajo,Muy bajo,Muy bajo,Muy bajo,Bajo
Elx/Elche (Alicante),Muy bajo,Muy bajo,Muy bajo,Muy bajo,Muy bajo,Muy bajo,Muy bajo
Embid (Guadalajara),Muy bajo,Muy bajo,Muy bajo,Bajo,Bajo,Bajo,Bajo
Embid de Ariza (Zaragoza),Muy bajo,Muy bajo,Muy bajo,Muy bajo,Bajo,Bajo,Bajo
Emperador (Valencia),Muy bajo,Muy bajo,Muy bajo,Muy bajo,Muy bajo,Muy bajo,Muy bajo
Encina de San Silvestre (Salamanca),Muy bajo,Muy bajo,Muy bajo,Muy bajo,Bajo,Bajo,Bajo
Encinacorba (Zaragoza),Muy bajo,Muy bajo,Muy bajo,Muy bajo,Muy bajo,Muy bajo,Muy bajo
Encinas (Segovia),Muy bajo,Muy bajo,Muy bajo,Muy bajo,Muy bajo,Muy bajo,Bajo
Encinas Reales (Córdoba),Bajo,Muy bajo,Muy bajo,Muy bajo,Muy bajo,Muy bajo,Muy bajo
Encinas de Abajo (Salamanca),Muy bajo,Muy bajo,Muy bajo,Muy bajo,Muy bajo,Muy bajo,Bajo
Encinas de Arriba (Salamanca),Muy bajo,Muy bajo,Muy bajo,Muy bajo,Muy bajo,Bajo,Bajo
Encinas de Esgueva (Valladolid),Bajo,Muy bajo,Bajo,Bajo,Bajo,Bajo,Bajo
Encinasola (Huelva),Muy bajo,Muy bajo,Muy bajo,Muy bajo,Bajo,Bajo,Bajo
Encinasola de los Comendadores (Salamanca),Bajo,Muy bajo,Muy bajo,Muy bajo,Bajo,Bajo,Bajo
Encinedo (León),Muy bajo,Muy bajo,Muy bajo,Muy bajo,Muy bajo,Bajo,Bajo
Encinillas (Segovia),Muy bajo,Muy bajo,Muy bajo,Muy bajo,Muy bajo,Bajo,Bajo
Enciso (La Rioja),Muy bajo,Bajo,Muy bajo,Muy bajo,Muy bajo,Bajo,Bajo
Encío (Burgos),Muy bajo,Bajo,Muy bajo,Muy bajo,Muy bajo,Muy bajo,Bajo
Endrinal (Salamanca),Muy bajo,Muy bajo,Muy bajo,Bajo,Bajo,Bajo,Bajo
Enguera (Valencia),Muy bajo,Muy bajo,Muy bajo,Muy bajo,Muy bajo,Muy bajo,Muy bajo
Enguídanos (Cuenca),Muy bajo,Muy bajo,Muy bajo,Muy bajo,Muy bajo,Muy bajo,Muy bajo
Enix (Almería),Muy bajo,Muy bajo,Muy bajo,Muy bajo,Muy bajo,Muy bajo,Muy bajo
Entrala (Zamora),Muy bajo,Muy bajo,Muy bajo,Muy bajo,Muy bajo,Muy bajo,Muy bajo
Entrambasaguas (Cantabria),Muy bajo,Muy bajo,Muy bajo,Muy bajo,Muy bajo,Bajo,Bajo
Entrena (La Rioja),Bajo,Bajo,Muy bajo,Muy bajo,Muy bajo,Muy bajo,Bajo
Entrimo (Ourense),Bajo,Muy bajo,Muy bajo,Bajo,Bajo,Bajo,Moderado
Entrín Bajo (Badajoz),Muy bajo,Muy bajo,Muy bajo,Muy bajo,Muy bajo,Muy bajo,Muy bajo
Enériz/Eneritz (Navarra),Muy bajo,Bajo,Muy bajo,Muy bajo,Muy bajo,Muy bajo,Bajo
Erandio (Vizcaya),Muy bajo,Muy bajo,Muy bajo,Muy bajo,Muy bajo,Muy bajo,Muy bajo
Eratsun (Navarra),Moderado,Alto,Muy bajo,Muy bajo,Muy bajo,Bajo,Moderado
Ereño (Vizcaya),Muy bajo,Bajo,Muy bajo,Muy bajo,Muy bajo,Muy bajo,Bajo
Ergoiena (Navarra),Bajo,Moderado,Muy bajo,Muy bajo,Muy bajo,Muy bajo,Bajo
Erla (Zaragoza),Muy bajo,Muy bajo,Muy bajo,Muy bajo,Muy bajo,Muy bajo,Bajo
Ermua (Vizcaya),Bajo,Moderado,Muy bajo,Muy bajo,Muy bajo,Muy bajo,Bajo
Errenteria (Guipúzcoa),Bajo,Moderado,Muy bajo,Muy bajo,Muy bajo,Bajo,Moderado
Errezil (Guipúzcoa),Bajo,Moderado,Muy bajo,Muy bajo,Muy bajo,Bajo,Moderado
Erriberagoitia/Ribera Alta (Álava),Muy bajo,Bajo,Muy bajo,Muy bajo,Muy bajo,Muy bajo,Bajo
Errigoiti (Vizcaya),Muy bajo,Bajo,Muy bajo,Muy bajo,Muy bajo,Bajo,Bajo
Erro (Navarra),Muy bajo,Bajo,Muy bajo,Muy bajo,Muy bajo,Muy bajo,Bajo
Erustes (Toledo),Muy bajo,Muy bajo,Muy bajo,Muy bajo,Muy bajo,Muy bajo,Muy bajo
Es Bòrdes (Lleida),Muy bajo,Bajo,Bajo,Muy bajo,Muy bajo,Bajo,Moderado
Es Mercadal (Baleares),Muy bajo,Muy bajo,Moderado,Bajo,Bajo,Bajo,Bajo
Es Migjorn Gran (Baleares),Muy bajo,Muy bajo,Bajo,Bajo,Bajo,Bajo,Bajo
Escacena del Campo (Huelva),Bajo,Muy bajo,Muy bajo,Bajo,Moderado,Moderado,Bajo
Escalante (Cantabria),Muy bajo,Muy bajo,Muy bajo,Muy bajo,Muy bajo,Bajo,Bajo
Escalona (Toledo),Muy bajo,Muy bajo,Muy bajo,Muy bajo,Muy bajo,Muy bajo,Muy bajo
Escalona del Prado (Segovia),Muy bajo,Muy bajo,Muy bajo,Muy bajo,Muy bajo,Bajo,Bajo
Escalonilla (Toledo),Muy bajo,Muy bajo,Muy bajo,Muy bajo,Muy bajo,Muy bajo,Muy bajo
Escamilla (Guadalajara),Muy bajo,Muy bajo,Muy bajo,Muy bajo,Muy bajo,Muy bajo,Muy bajo
Escarabajosa de Cabezas (Segovia),Muy bajo,Muy bajo,Muy bajo,Muy bajo,Muy bajo,Bajo,Bajo
Escariche (Guadalajara),Muy bajo,Muy bajo,Muy bajo,Muy bajo,Muy bajo,Bajo,Muy bajo
Escatrón (Zaragoza),Muy bajo,Muy bajo,Muy bajo,Bajo,Bajo,Bajo,Bajo
Escañuela (Jaén),Muy bajo,Muy bajo,Muy bajo,Muy bajo,Muy bajo,Muy bajo,Muy bajo
Escobar de Campos (León),Muy bajo,Muy bajo,Muy bajo,Muy bajo,Muy bajo,Bajo,Bajo
Escobar de Polendos (Segovia),Muy bajo,Muy bajo,Muy bajo,Muy bajo,Muy bajo,Bajo,Bajo
Escobosa de Almazán (Soria),Muy bajo,Muy bajo,Muy bajo,Muy bajo,Bajo,Bajo,Bajo
Escopete (Guadalajara),Muy bajo,Muy bajo,Muy bajo,Muy bajo,Muy bajo,Muy bajo,Muy bajo
Escorca (Baleares),Muy bajo,Muy bajo,Muy bajo,Muy bajo,Muy bajo,Muy bajo,Muy bajo
Escorihuela (Teruel),Muy bajo,Muy bajo,Muy bajo,Muy bajo,Muy bajo,Muy bajo,Bajo
Escucha (Teruel),Muy bajo,Muy bajo,Muy bajo,Muy bajo,Muy bajo,Muy bajo,Bajo
Escurial (Cáceres),Muy bajo,Muy bajo,Muy bajo,Muy bajo,Muy bajo,Bajo,Bajo
Escurial de la Sierra (Salamanca),Muy bajo,Muy bajo,Muy bajo,Muy bajo,Bajo,Bajo,Bajo
Escúzar (Granada),Bajo,Muy bajo,Muy bajo,Muy bajo,Muy bajo,Muy bajo,Muy bajo
Esgos (Ourense),Bajo,Muy bajo,Muy bajo,Muy bajo,Muy bajo,Bajo,Bajo
Esguevillas de Esgueva (Valladolid),Muy bajo,Muy bajo,Bajo,Bajo,Bajo,Bajo,Moderado
Eskoriatza (Guipúzcoa),Bajo,Moderado,Muy bajo,Muy bajo,Muy bajo,Muy bajo,Bajo
Eslava (Navarra),Muy bajo,Bajo,Muy bajo,Muy bajo,Muy bajo,Muy bajo,Bajo
Eslida (Castellón),Muy bajo,Muy bajo,Muy bajo,Muy bajo,Muy bajo,Muy bajo,Muy bajo
Espadaña (Salamanca),Muy bajo,Muy bajo,Muy bajo,Bajo,Bajo,Bajo,Bajo
Espadañedo (Zamora),Muy bajo,Muy bajo,Muy bajo,Muy bajo,Muy bajo,Bajo,Bajo
Espadilla (Castellón),Muy bajo,Muy bajo,Muy bajo,Muy bajo,Muy bajo,Muy bajo,Muy bajo
Esparragalejo (Badajoz),Muy bajo,Muy bajo,Muy bajo,Muy bajo,Bajo,Bajo,Bajo
Esparragosa de Lares (Badajoz),Muy bajo,Muy bajo,Muy bajo,Muy bajo,Muy bajo,Muy bajo,Muy bajo
Esparragosa de la Serena (Badajoz),Muy bajo,Muy bajo,Muy bajo,Muy bajo,Muy bajo,Muy bajo,Muy bajo
Esparreguera (Barcelona),Muy bajo,Muy bajo,Muy bajo,Muy bajo,Muy bajo,Muy bajo,Muy bajo
Espartinas (Sevilla),Bajo,Bajo,Muy bajo,Bajo,Moderado,Moderado,Bajo
Esparza de Salazar/Espartza Zaraitzu (Navarra),Bajo,Muy bajo,Muy bajo,Muy bajo,Muy bajo,Muy bajo,Bajo
Espeja (Salamanca),Bajo,Muy bajo,Muy bajo,Muy bajo,Bajo,Bajo,Bajo
Espeja de San Marcelino (Soria),Muy bajo,Bajo,Muy bajo,Muy bajo,Muy bajo,Bajo,Bajo
Espejo (Córdoba),Muy bajo,Muy bajo,Muy bajo,Muy bajo,Bajo,Muy bajo,Muy bajo
Espejón (Soria),Bajo,Bajo,Muy bajo,Muy bajo,Muy bajo,Bajo,Bajo
Espeluy (Jaén),Muy bajo,Muy bajo,Muy bajo,Muy bajo,Muy bajo,Muy bajo,Muy bajo
Espera (Cádiz),Muy alto,Muy bajo,Muy bajo,Bajo,Bajo,Bajo,Bajo
Espiel (Córdoba),Muy bajo,Muy bajo,Muy bajo,Muy bajo,Bajo,Bajo,Bajo
Espinelves (Girona),Muy bajo,Muy bajo,Muy bajo,Muy bajo,Muy bajo,Muy bajo,Bajo
Espino de la Orbada (Salamanca),Muy bajo,Muy bajo,Muy bajo,Muy bajo,Muy bajo,Muy bajo,Muy bajo
Espinosa de Cerrato (Palencia),Bajo,Bajo,Bajo,Bajo,Bajo,Bajo,Bajo
Espinosa de Cervera (Burgos),Bajo,Bajo,Muy bajo,Bajo,Muy bajo,Bajo,Bajo
Espinosa de Henares (Guadalajara),Muy bajo,Muy bajo,Muy bajo,Muy bajo,Muy bajo,Muy bajo,Muy bajo
Espinosa de Villagonzalo (Palencia),Muy bajo,Bajo,Muy bajo,Muy bajo,Muy bajo,Bajo,Bajo
Espinosa de los Caballeros (Ávila),Muy bajo,Muy bajo,Muy bajo,Muy bajo,Muy bajo,Muy bajo,Bajo
Espinosa de los Monteros (Burgos),Muy bajo,Bajo,Muy bajo,Muy bajo,Muy bajo,Muy bajo,Bajo
Espinosa del Camino (Burgos),Muy bajo,Bajo,Bajo,Muy bajo,Muy bajo,Muy bajo,Bajo
Espinoso del Rey (Toledo),Muy bajo,Muy bajo,Muy bajo,Muy bajo,Muy bajo,Muy bajo,Muy bajo
Espirdo (Segovia),Muy bajo,Bajo,Muy bajo,Muy bajo,Muy bajo,Bajo,Bajo
Esplegares (Guadalajara),Muy bajo,Muy bajo,Muy bajo,Muy bajo,Muy bajo,Bajo,Bajo
Esplugues de Llobregat (Barcelona),Muy bajo,Muy bajo,Muy bajo,Muy bajo,Muy bajo,Muy bajo,Muy bajo
Esplús (Huesca),Muy bajo,Muy bajo,Muy bajo,Muy bajo,Muy bajo,Muy bajo,Muy bajo
Espolla (Girona),Muy bajo,Muy bajo,Muy bajo,Muy bajo,Muy bajo,Muy bajo,Muy bajo
Esponellà (Girona),Muy bajo,Muy bajo,Muy bajo,Muy bajo,Muy bajo,Muy bajo,Muy bajo
Esporles (Baleares),Muy bajo,Muy bajo,Muy bajo,Muy bajo,Muy bajo,Muy bajo,Muy bajo
Espot (Lleida),Muy bajo,Muy bajo,Muy bajo,Muy bajo,Bajo,Bajo,Moderado
Espronceda (Navarra),Muy bajo,Bajo,Muy bajo,Muy bajo,Muy bajo,Muy bajo,Bajo
Esquivias (Toledo),Muy bajo,Muy bajo,Muy bajo,Muy bajo,Muy bajo,Muy bajo,Muy bajo
Establés (Guadalajara),Muy bajo,Muy bajo,Muy bajo,Muy bajo,Muy bajo,Bajo,Bajo
Estada (Huesca),Muy bajo,Muy bajo,Muy bajo,Muy bajo,Muy bajo,Muy bajo,Bajo
Estadilla (Huesca),Muy bajo,Muy bajo,Muy bajo,Muy bajo,Muy bajo,Bajo,Bajo
Estamariu (Lleida),Muy bajo,Muy bajo,Muy bajo,Muy bajo,Bajo,Bajo,Moderado
Estaràs (Lleida),Muy bajo,Muy bajo,Muy bajo,Muy bajo,Muy bajo,Muy bajo,Muy bajo
Estella-Lizarra (Navarra),Bajo,Bajo,Muy bajo,Muy bajo,Muy bajo,Muy bajo,Bajo
Estellencs (Baleares),Muy bajo,Muy bajo,Muy bajo,Muy bajo,Muy bajo,Muy bajo,Muy bajo
Estepa (Sevilla),Muy bajo,Muy bajo,Muy bajo,Muy bajo,Muy bajo,Muy bajo,Muy bajo
Estepa de San Juan (Soria),Muy bajo,Muy bajo,Muy bajo,Muy bajo,Muy bajo,Bajo,Bajo
Estepona (Málaga),Muy bajo,Muy bajo,Muy bajo,Muy bajo,Muy bajo,Muy bajo,Muy bajo
Estercuel (Teruel),Muy bajo,Muy bajo,Muy bajo,Muy bajo,Muy bajo,Muy bajo,Bajo
Esteribar (Navarra),Bajo,Bajo,Muy bajo,Muy bajo,Muy bajo,Muy bajo,Bajo
Esterri d'Àneu (Lleida),Bajo,Bajo,Bajo,Muy bajo,Bajo,Moderado,Moderado
Esterri de Cardós (Lleida),Bajo,Bajo,Bajo,Muy bajo,Bajo,Moderado,Moderado
Estivella (Valencia),Muy bajo,Muy bajo,Muy bajo,Muy bajo,Muy bajo,Muy bajo,Muy bajo
Estollo (La Rioja),Muy bajo,Muy bajo,Muy bajo,Muy bajo,Muy bajo,Muy bajo,Bajo
Estopiñán del Castillo (Huesca),Muy bajo,Muy bajo,Muy bajo,Muy bajo,Muy bajo,Muy bajo,Bajo
Estremera (Madrid),Muy bajo,Muy bajo,Muy bajo,Muy bajo,Muy bajo,Muy bajo,Muy bajo
Estriégana (Guadalajara),Muy bajo,Muy bajo,Muy bajo,Muy bajo,Muy bajo,Muy bajo,Muy bajo
Estubeny (Valencia),Muy bajo,Muy bajo,Muy bajo,Muy bajo,Muy bajo,Muy bajo,Muy bajo
Estépar (Burgos),Bajo,Bajo,Bajo,Bajo,Bajo,Bajo,Moderado
Etayo (Navarra),Bajo,Bajo,Muy bajo,Muy bajo,Muy bajo,Bajo,Bajo
Etxalar (Navarra),Bajo,Moderado,Muy bajo,Muy bajo,Muy bajo,Bajo,Moderado
Etxarri Aranatz (Navarra),Bajo,Moderado,Muy bajo,Muy bajo,Muy bajo,Muy bajo,Bajo
Etxauri (Navarra),Bajo,Moderado,Muy bajo,Muy bajo,Muy bajo,Bajo,Bajo
Etxebarri (Vizcaya),Muy bajo,Bajo,Muy bajo,Muy bajo,Muy bajo,Muy bajo,Bajo
Etxebarria (Vizcaya),Bajo,Moderado,Muy bajo,Muy bajo,Muy bajo,Bajo,Bajo
Eulate (Navarra),Bajo,Bajo,Muy bajo,Muy bajo,Muy bajo,Muy bajo,Bajo
Ezcabarte (Navarra),Muy bajo,Bajo,Muy bajo,Muy bajo,Muy bajo,Muy bajo,Bajo
Ezcaray (La Rioja),Muy bajo,Bajo,Bajo,Muy bajo,Muy bajo,Muy bajo,Bajo
Ezcároz/Ezkaroze (Navarra),Bajo,Bajo,Muy bajo,Muy bajo,Muy bajo,Muy bajo,Moderado
Ezkio-Itsaso (Guipúzcoa),Moderado,Alto,Muy bajo,Muy bajo,Muy bajo,Muy bajo,Moderado
Ezkurra (Navarra),Moderado,Alto,Muy bajo,Muy bajo,Muy bajo,Bajo,Moderado
Ezprogui (Navarra),Muy bajo,Bajo,Muy bajo,Muy bajo,Muy bajo,Muy bajo,Bajo
Fabara (Zaragoza),Muy bajo,Muy bajo,Muy bajo,Muy bajo,Muy bajo,Muy bajo,Muy bajo
Fabero (León),Bajo,Muy bajo,Muy bajo,Muy bajo,Muy bajo,Bajo,Bajo
Facero de Aristregui (nan),Bajo,Moderado,Muy bajo,Muy bajo,Muy bajo,Muy bajo,Bajo
Facero de Ujué y Lerga (nan),Muy bajo,Muy bajo,Muy bajo,Muy bajo,Muy bajo,Muy bajo,Muy bajo
Facero de Uzamalarre (nan),Bajo,Moderado,Muy bajo,Muy bajo,Muy bajo,Muy bajo,Bajo
Facería de Aldape (nan),Bajo,Moderado,Muy bajo,Muy bajo,Muy bajo,Muy bajo,Bajo
Facería de Arambelza (nan),Bajo,Bajo,Muy bajo,Muy bajo,Muy bajo,Muy bajo,Bajo
Facería de Ayarza (nan),Bajo,Bajo,Muy bajo,Muy bajo,Bajo,Bajo,Bajo
"Facería de Cogullo Alto, Cogullo Bajo, Sarmindieta y Chandivar (nan)",Bajo,Bajo,Muy bajo,Muy bajo,Bajo,Bajo,Bajo
Facería de Ezcabarte y otros (nan),Muy bajo,Muy bajo,Muy bajo,Muy bajo,Muy bajo,Muy bajo,Muy bajo
Facería de Montejurra (nan),Bajo,Bajo,Muy bajo,Muy bajo,Muy bajo,Muy bajo,Bajo
Fageca (Alicante),Muy bajo,Muy bajo,Muy bajo,Muy bajo,Muy bajo,Muy bajo,Muy bajo
Fago (Huesca),Bajo,Bajo,Muy bajo,Muy bajo,Muy bajo,Bajo,Bajo
Falces (Navarra),Muy bajo,Bajo,Muy bajo,Muy bajo,Muy bajo,Muy bajo,Bajo
Falset (Tarragona),Muy bajo,Muy bajo,Muy bajo,Muy bajo,Muy bajo,Muy bajo,Muy bajo
Famorca (Alicante),Muy bajo,Muy bajo,Muy bajo,Muy bajo,Muy bajo,Muy bajo,Muy bajo
Fanlo (Huesca),Bajo,Muy bajo,Muy bajo,Muy bajo,Muy bajo,Bajo,Moderado
Fanzara (Castellón),Muy bajo,Muy bajo,Muy bajo,Muy bajo,Muy bajo,Muy bajo,Muy bajo
Faraján (Málaga),Muy bajo,Muy bajo,Muy bajo,Muy bajo,Muy bajo,Muy bajo,Bajo
Faramontanos de Tábara (Zamora),Muy bajo,Muy bajo,Muy bajo,Muy bajo,Bajo,Bajo,Bajo
Fariza (Zamora),Muy bajo,Muy bajo,Muy bajo,Muy bajo,Muy bajo,Bajo,Bajo
Farlete (Zaragoza),Muy bajo,Muy bajo,Muy bajo,Bajo,Bajo,Muy bajo,Bajo
Farrera (Lleida),Muy bajo,Muy bajo,Muy bajo,Muy bajo,Bajo,Moderado,Moderado
Fasnia (Tenerife),Muy bajo,Muy bajo,Muy bajo,Muy bajo,Muy bajo,Muy bajo,Muy bajo
Faura (Valencia),Muy bajo,Muy bajo,Muy bajo,Muy bajo,Muy bajo,Muy bajo,Muy bajo
Favara (Valencia),Muy bajo,Muy bajo,Muy bajo,Muy bajo,Muy bajo,Muy bajo,Muy bajo
Fayón (Zaragoza),Muy bajo,Muy bajo,Muy bajo,Muy bajo,Muy bajo,Muy bajo,Muy bajo
Felanitx (Baleares),Bajo,Muy bajo,Bajo,Muy bajo,Muy bajo,Muy bajo,Muy bajo
Felix (Almería),Muy bajo,Muy bajo,Muy bajo,Muy bajo,Muy bajo,Muy bajo,Muy bajo
Fene (A Coruña),Bajo,Muy bajo,Muy bajo,Muy bajo,Bajo,Bajo,Bajo
Feria (Badajoz),Muy bajo,Muy bajo,Muy bajo,Muy bajo,Muy bajo,Muy bajo,Muy bajo
Fermoselle (Zamora),Muy bajo,Muy bajo,Muy bajo,Muy bajo,Muy bajo,Bajo,Bajo
Fernán Caballero (Ciudad Real),Muy bajo,Muy bajo,Muy bajo,Muy bajo,Muy bajo,Muy bajo,Muy bajo
Fernán-Núñez (Córdoba),Muy bajo,Muy bajo,Muy bajo,Muy bajo,Bajo,Muy bajo,Muy bajo
Ferreira (Granada),Muy bajo,Muy bajo,Muy bajo,Muy bajo,Muy bajo,Muy bajo,Muy bajo
Ferreras de Abajo (Zamora),Muy bajo,Muy bajo,Muy bajo,Muy bajo,Muy bajo,Bajo,Bajo
Ferreras de Arriba (Zamora),Muy bajo,Muy bajo,Muy bajo,Muy bajo,Muy bajo,Bajo,Bajo
Ferreries (Baleares),Muy bajo,Muy bajo,Bajo,Bajo,Bajo,Bajo,Bajo
Ferreruela (Zamora),Muy bajo,Muy bajo,Muy bajo,Muy bajo,Muy bajo,Bajo,Bajo
Ferreruela de Huerva (Teruel),Muy bajo,Muy bajo,Muy bajo,Muy bajo,Muy bajo,Muy bajo,Muy bajo
Ferrol (A Coruña),Bajo,Muy bajo,Muy bajo,Bajo,Bajo,Bajo,Bajo
Figaró-Montmany (Barcelona),Muy bajo,Muy bajo,Muy bajo,Muy bajo,Muy bajo,Muy bajo,Bajo
Figueres (Girona),Muy bajo,Muy bajo,Muy bajo,Muy bajo,Muy bajo,Muy bajo,Muy bajo
Figuerola del Camp (Tarragona),Muy bajo,Muy bajo,Muy bajo,Muy bajo,Muy bajo,Muy bajo,Muy bajo
Figueroles (Castellón),Muy bajo,Muy bajo,Muy bajo,Bajo,Muy bajo,Muy bajo,Muy bajo
Figueruela de Arriba (Zamora),Bajo,Muy bajo,Muy bajo,Bajo,Bajo,Bajo,Bajo
Figueruelas (Zaragoza),Muy bajo,Muy bajo,Muy bajo,Muy bajo,Bajo,Muy bajo,Muy bajo
Fines (Almería),Muy bajo,Muy bajo,Muy bajo,Muy bajo,Muy bajo,Muy bajo,Muy bajo
Finestrat (Alicante),Muy bajo,Bajo,Muy bajo,Muy bajo,Muy bajo,Muy bajo,Muy bajo
Firgas (Las Palmas),Bajo,Muy bajo,Muy bajo,Muy bajo,Muy bajo,Muy bajo,Muy bajo
Fiscal (Huesca),Muy bajo,Muy bajo,Muy bajo,Muy bajo,Muy bajo,Bajo,Moderado
Fisterra (A Coruña),Bajo,Muy bajo,Muy bajo,Bajo,Bajo,Moderado,Bajo
Fitero (Navarra),Muy bajo,Bajo,Muy bajo,Muy bajo,Bajo,Bajo,Bajo
Fiñana (Almería),Muy bajo,Muy bajo,Muy bajo,Muy bajo,Muy bajo,Muy bajo,Muy bajo
Flaçà (Girona),Muy bajo,Muy bajo,Muy bajo,Muy bajo,Muy bajo,Muy bajo,Muy bajo
Flix (Tarragona),Muy bajo,Muy bajo,Muy bajo,Muy bajo,Muy bajo,Muy bajo,Muy bajo
Flores de Ávila (Ávila),Muy bajo,Muy bajo,Muy bajo,Muy bajo,Muy bajo,Muy bajo,Bajo
Florida de Liébana (Salamanca),Muy bajo,Muy bajo,Muy bajo,Muy bajo,Muy bajo,Muy bajo,Bajo
Fogars de Montclús (Barcelona),Muy bajo,Muy bajo,Muy bajo,Muy bajo,Muy bajo,Muy bajo,Bajo
Fogars de la Selva (Barcelona),Muy bajo,Muy bajo,Muy bajo,Muy bajo,Muy bajo,Muy bajo,Muy bajo
Foios (Valencia),Muy bajo,Muy bajo,Muy bajo,Muy bajo,Muy bajo,Muy bajo,Muy bajo
Foixà (Girona),Muy bajo,Muy bajo,Muy bajo,Muy bajo,Muy bajo,Muy bajo,Muy bajo
Folgoso de la Ribera (León),Muy bajo,Muy bajo,Muy bajo,Muy bajo,Muy bajo,Bajo,Bajo
Folgoso do Courel (Lugo),Bajo,Bajo,Muy bajo,Muy bajo,Bajo,Bajo,Moderado
Folgueroles (Barcelona),Muy bajo,Muy bajo,Muy bajo,Muy bajo,Muy bajo,Muy bajo,Bajo
Fombellida (Valladolid),Bajo,Muy bajo,Muy bajo,Bajo,Bajo,Bajo,Bajo
Fombuena (Zaragoza),Muy bajo,Muy bajo,Muy bajo,Muy bajo,Muy bajo,Muy bajo,Muy bajo
Fompedraza (Valladolid),Bajo,Muy bajo,Muy bajo,Muy bajo,Muy bajo,Bajo,Bajo
Foncabada (nan),Muy bajo,Muy bajo,Muy bajo,Muy bajo,Muy bajo,Bajo,Bajo
Foncea (La Rioja),Muy bajo,Bajo,Muy bajo,Muy bajo,Muy bajo,Bajo,Bajo
Fondarella (Lleida),Muy bajo,Muy bajo,Muy bajo,Muy bajo,Muy bajo,Muy bajo,Muy bajo
Fondón (Almería),Muy bajo,Muy bajo,Muy bajo,Muy bajo,Muy bajo,Muy bajo,Muy bajo
Fonelas (Granada),Muy bajo,Muy bajo,Muy bajo,Muy bajo,Muy bajo,Muy bajo,Muy bajo
Fonfría (Teruel),Muy bajo,Muy bajo,Muy bajo,Muy bajo,Muy bajo,Muy bajo,Muy bajo
Fonfría (Zamora),Muy bajo,Muy bajo,Muy bajo,Muy bajo,Muy bajo,Bajo,Bajo
Fonollosa (Barcelona),Muy bajo,Muy bajo,Muy bajo,Muy bajo,Muy bajo,Muy bajo,Muy bajo
Font-rubí (Barcelona),Muy bajo,Muy bajo,Muy bajo,Muy bajo,Muy bajo,Muy bajo,Muy bajo
Fontanals de Cerdanya (Girona),Muy bajo,Muy bajo,Muy bajo,Muy bajo,Bajo,Bajo,Moderado
Fontanar (Guadalajara),Muy bajo,Muy bajo,Muy bajo,Muy bajo,Muy bajo,Muy bajo,Muy bajo
Fontanarejo (Ciudad Real),Muy bajo,Muy bajo,Muy bajo,Muy bajo,Muy bajo,Muy bajo,Muy bajo
Fontanars dels Alforins (Valencia),Muy bajo,Muy bajo,Muy bajo,Muy bajo,Muy bajo,Muy bajo,Muy bajo
Fontanilles (Girona),Muy bajo,Muy bajo,Muy bajo,Muy bajo,Muy bajo,Muy bajo,Muy bajo
Fontcoberta (Girona),Muy bajo,Muy bajo,Muy bajo,Muy bajo,Muy bajo,Muy bajo,Muy bajo
Fontellas (Navarra),Muy bajo,Bajo,Muy bajo,Muy bajo,Bajo,Bajo,Bajo
Fontihoyuelo (Valladolid),Muy bajo,Bajo,Muy bajo,Muy bajo,Bajo,Bajo,Bajo
Fontioso (Burgos),Bajo,Bajo,Muy bajo,Bajo,Bajo,Bajo,Bajo
Fontiveros (Ávila),Muy bajo,Muy bajo,Muy bajo,Muy bajo,Muy bajo,Muy bajo,Bajo
Fonz (Huesca),Muy bajo,Muy bajo,Muy bajo,Muy bajo,Muy bajo,Bajo,Bajo
Fonzaleche (La Rioja),Muy bajo,Bajo,Bajo,Muy bajo,Muy bajo,Bajo,Bajo
Foradada (Lleida),Muy bajo,Muy bajo,Muy bajo,Muy bajo,Muy bajo,Muy bajo,Bajo
Foradada del Toscar (Huesca),Muy bajo,Muy bajo,Muy bajo,Muy bajo,Muy bajo,Bajo,Bajo
Forallac (Girona),Muy bajo,Muy bajo,Muy bajo,Muy bajo,Muy bajo,Muy bajo,Muy bajo
Forcall (Castellón),Muy bajo,Muy bajo,Muy bajo,Muy bajo,Muy bajo,Muy bajo,Muy bajo
Forcarei (Pontevedra),Moderado,Muy bajo,Muy bajo,Bajo,Bajo,Bajo,Moderado
Forfoleda (Salamanca),Muy bajo,Muy bajo,Muy bajo,Muy bajo,Muy bajo,Bajo,Bajo
Formentera (Baleares),Muy bajo,Muy bajo,Muy bajo,Muy bajo,Muy bajo,Muy bajo,Muy bajo
Formentera del Segura (Alicante),Muy bajo,Muy bajo,Muy bajo,Muy bajo,Muy bajo,Muy bajo,Muy bajo
Formiche Alto (Teruel),Muy bajo,Muy bajo,Muy bajo,Muy bajo,Muy bajo,Muy bajo,Bajo
Fornalutx (Baleares),Muy bajo,Muy bajo,Muy bajo,Muy bajo,Muy bajo,Muy bajo,Muy bajo
Fornells de la Selva (Girona),Muy bajo,Muy bajo,Muy bajo,Muy bajo,Muy bajo,Muy bajo,Muy bajo
Fornelos de Montes (Pontevedra),Bajo,Muy bajo,Muy bajo,Bajo,Bajo,Bajo,Moderado
Fornes (Granada),Bajo,Muy bajo,Muy bajo,Muy bajo,Muy bajo,Muy bajo,Muy bajo
Fortaleny (Valencia),Muy bajo,Muy bajo,Muy bajo,Muy bajo,Muy bajo,Muy bajo,Muy bajo
Fortanete (Teruel),Muy bajo,Muy bajo,Muy bajo,Muy bajo,Muy bajo,Muy bajo,Bajo
Fortià (Girona),Muy bajo,Muy bajo,Muy bajo,Muy bajo,Muy bajo,Muy bajo,Muy bajo
Fortuna (Murcia),Muy bajo,Muy bajo,Muy bajo,Muy bajo,Muy bajo,Muy bajo,Muy bajo
Forua (Vizcaya),Muy bajo,Bajo,Muy bajo,Muy bajo,Muy bajo,Muy bajo,Bajo
Forès (Tarragona),Muy bajo,Muy bajo,Muy bajo,Muy bajo,Muy bajo,Muy bajo,Muy bajo
Foz (Lugo),Muy bajo,Muy bajo,Muy bajo,Muy bajo,Muy bajo,Bajo,Bajo
Foz-Calanda (Teruel),Muy bajo,Muy bajo,Muy bajo,Muy bajo,Muy bajo,Muy bajo,Muy bajo
Frades (A Coruña),Bajo,Muy bajo,Muy bajo,Muy bajo,Bajo,Bajo,Bajo
Frades de la Sierra (Salamanca),Muy bajo,Muy bajo,Muy bajo,Muy bajo,Bajo,Bajo,Bajo
Fraga (Huesca),Muy bajo,Muy bajo,Muy bajo,Bajo,Bajo,Muy bajo,Bajo
Frailes (Jaén),Muy bajo,Muy bajo,Muy bajo,Muy bajo,Muy bajo,Muy bajo,Muy bajo
Frandovínez (Burgos),Bajo,Bajo,Bajo,Bajo,Bajo,Bajo,Moderado
Frechilla (Palencia),Muy bajo,Bajo,Bajo,Muy bajo,Bajo,Bajo,Bajo
Frechilla de Almazán (Soria),Muy bajo,Muy bajo,Muy bajo,Muy bajo,Muy bajo,Bajo,Bajo
Fregenal de la Sierra (Badajoz),Muy bajo,Muy bajo,Muy bajo,Muy bajo,Bajo,Muy bajo,Bajo
Freginals (Tarragona),Muy bajo,Muy bajo,Muy bajo,Muy bajo,Muy bajo,Muy bajo,Muy bajo
Freila (Granada),Muy bajo,Muy bajo,Muy bajo,Muy bajo,Muy bajo,Muy bajo,Muy bajo
Fresneda de Altarejos (Cuenca),Muy bajo,Muy bajo,Muy bajo,Muy bajo,Muy bajo,Muy bajo,Muy bajo
Fresneda de Cuéllar (Segovia),Muy bajo,Muy bajo,Muy bajo,Muy bajo,Muy bajo,Muy bajo,Bajo
Fresneda de la Sierra (Cuenca),Muy bajo,Muy bajo,Muy bajo,Muy bajo,Muy bajo,Bajo,Bajo
Fresneda de la Sierra Tirón (Burgos),Muy bajo,Bajo,Bajo,Muy bajo,Muy bajo,Muy bajo,Bajo
Fresnedilla (Ávila),Muy bajo,Muy bajo,Muy bajo,Muy bajo,Muy bajo,Bajo,Bajo
Fresnedillas de la Oliva (Madrid),Muy bajo,Muy bajo,Muy bajo,Muy bajo,Muy bajo,Bajo,Bajo
Fresnedoso (Salamanca),Muy bajo,Muy bajo,Muy bajo,Muy bajo,Bajo,Bajo,Bajo
Fresnedoso de Ibor (Cáceres),Muy bajo,Muy bajo,Muy bajo,Muy bajo,Muy bajo,Muy bajo,Muy bajo
Fresneña (Burgos),Muy bajo,Muy bajo,Bajo,Muy bajo,Muy bajo,Muy bajo,Bajo
Fresnillo de las Dueñas (Burgos),Muy bajo,Muy bajo,Muy bajo,Muy bajo,Muy bajo,Muy bajo,Muy bajo
Fresno Alhándiga (Salamanca),Muy bajo,Muy bajo,Muy bajo,Muy bajo,Muy bajo,Bajo,Bajo
Fresno de Cantespino (Segovia),Muy bajo,Muy bajo,Muy bajo,Muy bajo,Muy bajo,Bajo,Bajo
Fresno de Caracena (Soria),Muy bajo,Bajo,Muy bajo,Bajo,Bajo,Bajo,Bajo
Fresno de Rodilla (Burgos),Muy bajo,Bajo,Bajo,Muy bajo,Muy bajo,Bajo,Moderado
Fresno de Río Tirón (Burgos),Bajo,Bajo,Bajo,Muy bajo,Muy bajo,Bajo,Bajo
Fresno de Sayago (Zamora),Muy bajo,Muy bajo,Muy bajo,Muy bajo,Muy bajo,Bajo,Bajo
Fresno de Torote (Madrid),Muy bajo,Muy bajo,Muy bajo,Muy bajo,Muy bajo,Muy bajo,Muy bajo
Fresno de la Fuente (Segovia),Muy bajo,Muy bajo,Muy bajo,Muy bajo,Muy bajo,Bajo,Bajo
Fresno de la Polvorosa (Zamora),Muy bajo,Bajo,Muy bajo,Bajo,Bajo,Bajo,Bajo
Fresno de la Ribera (Zamora),Muy bajo,Muy bajo,Muy bajo,Muy bajo,Muy bajo,Bajo,Muy bajo
Fresno de la Vega (León),Muy bajo,Muy bajo,Muy bajo,Muy bajo,Muy bajo,Muy bajo,Bajo
Fresno del Río (Palencia),Muy bajo,Muy bajo,Muy bajo,Muy bajo,Muy bajo,Bajo,Bajo
Fresno el Viejo (Valladolid),Muy bajo,Muy bajo,Muy bajo,Muy bajo,Muy bajo,Muy bajo,Bajo
Friera de Valverde (Zamora),Muy bajo,Bajo,Bajo,Muy bajo,Bajo,Bajo,Bajo
Frigiliana (Málaga),Muy bajo,Muy bajo,Muy bajo,Muy bajo,Muy bajo,Muy bajo,Muy bajo
Friol (Lugo),Bajo,Muy bajo,Muy bajo,Bajo,Bajo,Bajo,Moderado
Frontera (Tenerife),Bajo,Bajo,Muy bajo,Muy bajo,Muy bajo,Muy bajo,Bajo
Fruiz (Vizcaya),Muy bajo,Bajo,Muy bajo,Muy bajo,Muy bajo,Muy bajo,Bajo
Frumales (Segovia),Muy bajo,Muy bajo,Muy bajo,Muy bajo,Muy bajo,Muy bajo,Bajo
Fréscano (Zaragoza),Muy bajo,Bajo,Muy bajo,Muy bajo,Bajo,Muy bajo,Bajo
Frías (Burgos),Muy bajo,Bajo,Muy bajo,Muy bajo,Muy bajo,Muy bajo,Bajo
Frías de Albarracín (Teruel),Muy bajo,Muy bajo,Muy bajo,Muy bajo,Muy bajo,Bajo,Bajo
Frómista (Palencia),Muy bajo,Bajo,Bajo,Muy bajo,Bajo,Bajo,Bajo
Fuembellida (Guadalajara),Muy bajo,Muy bajo,Muy bajo,Muy bajo,Muy bajo,Bajo,Bajo
Fuencaliente (Ciudad Real),Muy bajo,Muy bajo,Muy bajo,Muy bajo,Muy bajo,Muy bajo,Bajo
Fuencaliente de la Palma (Tenerife),Bajo,Bajo,Bajo,Muy bajo,Muy bajo,Bajo,Bajo
Fuencemillán (Guadalajara),Muy bajo,Muy bajo,Muy bajo,Muy bajo,Muy bajo,Muy bajo,Muy bajo
Fuendejalón (Zaragoza),Muy bajo,Muy bajo,Muy bajo,Muy bajo,Muy bajo,Muy bajo,Bajo
Fuendetodos (Zaragoza),Muy bajo,Muy bajo,Muy bajo,Muy bajo,Bajo,Bajo,Bajo
Fuenferrada (Teruel),Muy bajo,Muy bajo,Muy bajo,Muy bajo,Muy bajo,Muy bajo,Bajo
Fuengirola (Málaga),Muy bajo,Muy bajo,Muy bajo,Muy bajo,Muy bajo,Muy bajo,Muy bajo
Fuenlabrada (Madrid),Muy bajo,Muy bajo,Muy bajo,Muy bajo,Muy bajo,Muy bajo,Muy bajo
Fuenlabrada de los Montes (Badajoz),Muy bajo,Muy bajo,Muy bajo,Muy bajo,Bajo,Bajo,Bajo
Fuenllana (Ciudad Real),Muy bajo,Muy bajo,Muy bajo,Muy bajo,Muy bajo,Bajo,Bajo
Fuenmayor (La Rioja),Muy bajo,Bajo,Muy bajo,Muy bajo,Muy bajo,Muy bajo,Bajo
Fuensaldaña (Valladolid),Muy bajo,Muy bajo,Muy bajo,Muy bajo,Muy bajo,Bajo,Bajo
Fuensalida (Toledo),Muy bajo,Muy bajo,Muy bajo,Muy bajo,Muy bajo,Muy bajo,Muy bajo
Fuensanta (Albacete),Muy bajo,Muy bajo,Muy bajo,Muy bajo,Muy bajo,Bajo,Bajo
Fuensanta de Martos (Jaén),Muy bajo,Muy bajo,Muy bajo,Muy bajo,Muy bajo,Muy bajo,Muy bajo
Fuente Carreteros (Córdoba),Muy bajo,Muy bajo,Muy bajo,Muy bajo,Bajo,Muy bajo,Muy bajo
Fuente Encalada (Zamora),Muy bajo,Bajo,Muy bajo,Muy bajo,Muy bajo,Bajo,Bajo
Fuente Obejuna (Córdoba),Muy bajo,Muy bajo,Muy bajo,Muy bajo,Bajo,Muy bajo,Bajo
Fuente Palmera (Córdoba),Muy bajo,Muy bajo,Muy bajo,Muy bajo,Bajo,Muy bajo,Muy bajo
Fuente Vaqueros (Granada),Bajo,Muy bajo,Muy bajo,Muy bajo,Muy bajo,Muy bajo,Muy bajo
Fuente de Cantos (Badajoz),Muy bajo,Muy bajo,Muy bajo,Muy bajo,Bajo,Muy bajo,Bajo
Fuente de Pedro Naharro (Cuenca),Muy bajo,Muy bajo,Muy bajo,Muy bajo,Muy bajo,Muy bajo,Muy bajo
Fuente de Piedra (Málaga),Bajo,Muy bajo,Muy bajo,Muy bajo,Muy bajo,Bajo,Bajo
Fuente de Santa Cruz (Segovia),Muy bajo,Muy bajo,Muy bajo,Muy bajo,Muy bajo,Muy bajo,Bajo
Fuente del Arco (Badajoz),Muy bajo,Muy bajo,Muy bajo,Muy bajo,Muy bajo,Muy bajo,Muy bajo
Fuente del Maestre (Badajoz),Muy bajo,Muy bajo,Muy bajo,Muy bajo,Muy bajo,Muy bajo,Muy bajo
Fuente el Fresno (Ciudad Real),Muy bajo,Muy bajo,Muy bajo,Muy bajo,Muy bajo,Muy bajo,Muy bajo
Fuente el Olmo de Fuentidueña (Segovia),Muy bajo,Muy bajo,Muy bajo,Muy bajo,Muy bajo,Muy bajo,Bajo
Fuente el Olmo de Íscar (Segovia),Muy bajo,Muy bajo,Muy bajo,Muy bajo,Muy bajo,Muy bajo,Bajo
Fuente el Saz de Jarama (Madrid),Muy bajo,Muy bajo,Muy bajo,Muy bajo,Muy bajo,Muy bajo,Muy bajo
Fuente el Saúz (Ávila),Muy bajo,Muy bajo,Muy bajo,Muy bajo,Muy bajo,Muy bajo,Bajo
Fuente el Sol (Valladolid),Muy bajo,Muy bajo,Muy bajo,Muy bajo,Muy bajo,Muy bajo,Bajo
Fuente la Lancha (Córdoba),Muy bajo,Muy bajo,Muy bajo,Muy bajo,Muy bajo,Muy bajo,Bajo
Fuente la Reina (Castellón),Muy bajo,Muy bajo,Muy bajo,Muy bajo,Muy bajo,Muy bajo,Muy bajo
Fuente Álamo de Murcia (Murcia),Muy bajo,Muy bajo,Muy bajo,Muy bajo,Muy bajo,Muy bajo,Muy bajo
Fuente-Olmedo (Valladolid),Muy bajo,Muy bajo,Muy bajo,Muy bajo,Muy bajo,Muy bajo,Bajo
Fuente-Tójar (Córdoba),Muy bajo,Muy bajo,Muy bajo,Muy bajo,Muy bajo,Muy bajo,Muy bajo
Fuente-Álamo (Albacete),Muy bajo,Muy bajo,Muy bajo,Muy bajo,Muy bajo,Muy bajo,Muy bajo
Fuentealbilla (Albacete),Muy bajo,Muy bajo,Muy bajo,Muy bajo,Muy bajo,Muy bajo,Muy bajo
Fuentearmegil (Soria),Muy bajo,Bajo,Muy bajo,Bajo,Bajo,Bajo,Bajo
Fuentebureba (Burgos),Muy bajo,Bajo,Bajo,Muy bajo,Muy bajo,Bajo,Bajo
Fuentecambrón (Soria),Muy bajo,Muy bajo,Muy bajo,Muy bajo,Muy bajo,Bajo,Bajo
Fuentecantos (Soria),Muy bajo,Muy bajo,Muy bajo,Muy bajo,Muy bajo,Bajo,Bajo
Fuentecén (Burgos),Muy bajo,Muy bajo,Muy bajo,Muy bajo,Muy bajo,Muy bajo,Muy bajo
Fuenteguinaldo (Salamanca),Muy bajo,Muy bajo,Muy bajo,Muy bajo,Bajo,Bajo,Bajo
Fuenteheridos (Huelva),Muy bajo,Muy bajo,Muy bajo,Muy bajo,Bajo,Bajo,Bajo
Fuentelahiguera de Albatages (Guadalajara),Muy bajo,Muy bajo,Muy bajo,Muy bajo,Muy bajo,Muy bajo,Muy bajo
Fuentelapeña (Zamora),Muy bajo,Muy bajo,Muy bajo,Muy bajo,Muy bajo,Muy bajo,Bajo
Fuentelcésped (Burgos),Muy bajo,Muy bajo,Muy bajo,Muy bajo,Muy bajo,Muy bajo,Muy bajo
Fuentelencina (Guadalajara),Muy bajo,Muy bajo,Muy bajo,Muy bajo,Muy bajo,Muy bajo,Muy bajo
Fuentelespino de Haro (Cuenca),Muy bajo,Muy bajo,Muy bajo,Muy bajo,Muy bajo,Muy bajo,Muy bajo
Fuentelespino de Moya (Cuenca),Muy bajo,Muy bajo,Muy bajo,Muy bajo,Muy bajo,Bajo,Muy bajo
Fuenteliante (Salamanca),Bajo,Muy bajo,Muy bajo,Muy bajo,Bajo,Bajo,Bajo
Fuentelisendo (Burgos),Muy bajo,Muy bajo,Muy bajo,Muy bajo,Muy bajo,Muy bajo,Bajo
Fuentelmonge (Soria),Muy bajo,Muy bajo,Muy bajo,Muy bajo,Bajo,Bajo,Bajo
Fuentelsaz (Guadalajara),Muy bajo,Muy bajo,Muy bajo,Muy bajo,Muy bajo,Bajo,Bajo
Fuentelsaz de Soria (Soria),Muy bajo,Muy bajo,Muy bajo,Muy bajo,Muy bajo,Bajo,Bajo
Fuentelviejo (Guadalajara),Muy bajo,Muy bajo,Muy bajo,Muy bajo,Muy bajo,Bajo,Muy bajo
Fuentemolinos (Burgos),Muy bajo,Muy bajo,Muy bajo,Muy bajo,Muy bajo,Muy bajo,Bajo
Fuentenava de Jábaga (Cuenca),Muy bajo,Muy bajo,Muy bajo,Muy bajo,Muy bajo,Muy bajo,Muy bajo
Fuentenebro (Burgos),Muy bajo,Muy bajo,Muy bajo,Muy bajo,Muy bajo,Muy bajo,Bajo
Fuentenovilla (Guadalajara),Muy bajo,Muy bajo,Muy bajo,Muy bajo,Muy bajo,Muy bajo,Muy bajo
Fuentepelayo (Segovia),Muy bajo,Muy bajo,Muy bajo,Muy bajo,Muy bajo,Bajo,Bajo
Fuentepinilla (Soria),Muy bajo,Muy bajo,Muy bajo,Muy bajo,Muy bajo,Bajo,Bajo
Fuentepiñel (Segovia),Muy bajo,Muy bajo,Muy bajo,Muy bajo,Muy bajo,Muy bajo,Bajo
Fuenterrebollo (Segovia),Muy bajo,Muy bajo,Muy bajo,Muy bajo,Muy bajo,Muy bajo,Bajo
Fuenterroble de Salvatierra (Salamanca),Muy bajo,Muy bajo,Muy bajo,Muy bajo,Bajo,Bajo,Bajo
Fuenterrobles (Valencia),Muy bajo,Muy bajo,Muy bajo,Muy bajo,Muy bajo,Muy bajo,Muy bajo
Fuentes (Cuenca),Muy bajo,Muy bajo,Muy bajo,Muy bajo,Muy bajo,Bajo,Bajo
Fuentes Calientes (Teruel),Muy bajo,Muy bajo,Muy bajo,Muy bajo,Muy bajo,Muy bajo,Bajo
Fuentes Claras (Teruel),Muy bajo,Muy bajo,Muy bajo,Muy bajo,Muy bajo,Muy bajo,Muy bajo
Fuentes de Andalucía (Sevilla),Bajo,Muy bajo,Muy bajo,Muy bajo,Bajo,Bajo,Bajo
Fuentes de Ayódar (Castellón),Muy bajo,Muy bajo,Muy bajo,Muy bajo,Muy bajo,Muy bajo,Muy bajo
Fuentes de Año (Ávila),Muy bajo,Muy bajo,Muy bajo,Muy bajo,Muy bajo,Muy bajo,Bajo
Fuentes de Béjar (Salamanca),Muy bajo,Muy bajo,Muy bajo,Muy bajo,Bajo,Bajo,Bajo
Fuentes de Carbajal (León),Muy bajo,Bajo,Muy bajo,Muy bajo,Muy bajo,Bajo,Bajo
Fuentes de Ebro (Zaragoza),Muy bajo,Muy bajo,Muy bajo,Bajo,Bajo,Muy bajo,Muy bajo
Fuentes de Jiloca (Zaragoza),Muy bajo,Muy bajo,Muy bajo,Muy bajo,Muy bajo,Muy bajo,Muy bajo
Fuentes de León (Badajoz),Muy bajo,Muy bajo,Muy bajo,Muy bajo,Bajo,Muy bajo,Bajo
Fuentes de Magaña (Soria),Muy bajo,Muy bajo,Muy bajo,Muy bajo,Muy bajo,Bajo,Bajo
Fuentes de Nava (Palencia),Muy bajo,Bajo,Bajo,Muy bajo,Bajo,Bajo,Bajo
Fuentes de Oñoro (Salamanca),Bajo,Muy bajo,Muy bajo,Muy bajo,Bajo,Bajo,Bajo
Fuentes de Ropel (Zamora),Muy bajo,Bajo,Muy bajo,Bajo,Bajo,Bajo,Bajo
Fuentes de Rubielos (Teruel),Muy bajo,Muy bajo,Muy bajo,Muy bajo,Muy bajo,Muy bajo,Muy bajo
Fuentes de Valdepero (Palencia),Muy bajo,Muy bajo,Muy bajo,Muy bajo,Bajo,Bajo,Moderado
Fuentesaúco (Zamora),Muy bajo,Muy bajo,Muy bajo,Muy bajo,Muy bajo,Bajo,Bajo
Fuentesaúco de Fuentidueña (Segovia),Bajo,Muy bajo,Muy bajo,Muy bajo,Muy bajo,Bajo,Bajo
Fuentesecas (Zamora),Muy bajo,Muy bajo,Muy bajo,Muy bajo,Muy bajo,Bajo,Bajo
Fuentesoto (Segovia),Muy bajo,Muy bajo,Muy bajo,Muy bajo,Muy bajo,Bajo,Bajo
Fuentespalda (Teruel),Muy bajo,Muy bajo,Muy bajo,Muy bajo,Muy bajo,Muy bajo,Muy bajo
Fuentespina (Burgos),Muy bajo,Muy bajo,Muy bajo,Muy bajo,Muy bajo,Muy bajo,Bajo
Fuentespreadas (Zamora),Muy bajo,Muy bajo,Muy bajo,Muy bajo,Muy bajo,Bajo,Bajo
Fuentestrún (Soria),Muy bajo,Muy bajo,Muy bajo,Muy bajo,Muy bajo,Muy bajo,Bajo
Fuentidueña (Segovia),Muy bajo,Muy bajo,Muy bajo,Muy bajo,Muy bajo,Muy bajo,Bajo
Fuentidueña de Tajo (Madrid),Muy bajo,Muy bajo,Muy bajo,Muy bajo,Muy bajo,Muy bajo,Muy bajo
Fuerte del Rey (Jaén),Muy bajo,Muy bajo,Muy bajo,Muy bajo,Muy bajo,Muy bajo,Muy bajo
Fuertescusa (Cuenca),Muy bajo,Muy bajo,Muy bajo,Muy bajo,Muy bajo,Bajo,Bajo
Fulleda (Lleida),Muy bajo,Muy bajo,Muy bajo,Muy bajo,Muy bajo,Muy bajo,Muy bajo
Funes (Navarra),Muy bajo,Moderado,Muy bajo,Muy bajo,Bajo,Muy bajo,Bajo
Fustiñana (Navarra),Muy bajo,Muy bajo,Muy bajo,Muy bajo,Bajo,Muy bajo,Bajo
Férez (Albacete),Muy bajo,Muy bajo,Muy bajo,Muy bajo,Muy bajo,Muy bajo,Muy bajo
Fígols (Barcelona),Muy bajo,Muy bajo,Muy bajo,Muy bajo,Muy bajo,Bajo,Bajo
Fígols i Alinyà (Lleida),Muy bajo,Muy bajo,Muy bajo,Muy bajo,Muy bajo,Bajo,Bajo
Fórnoles (Teruel),Muy bajo,Muy bajo,Muy bajo,Muy bajo,Muy bajo,Muy bajo,Muy bajo
Gabaldón (Cuenca),Muy bajo,Muy bajo,Muy bajo,Muy bajo,Muy bajo,Bajo,Bajo
Gabiria (Guipúzcoa),Moderado,Alto,Muy bajo,Muy bajo,Muy bajo,Muy bajo,Moderado
Gaianes (Alicante),Muy bajo,Muy bajo,Muy bajo,Muy bajo,Muy bajo,Muy bajo,Muy bajo
Gaibiel (Castellón),Muy bajo,Muy bajo,Muy bajo,Muy bajo,Muy bajo,Muy bajo,Muy bajo
Gaintza (Guipúzcoa),Moderado,Alto,Muy bajo,Muy bajo,Muy bajo,Bajo,Moderado
Gaià (Barcelona),Muy bajo,Muy bajo,Muy bajo,Muy bajo,Muy bajo,Muy bajo,Bajo
Gajanejos (Guadalajara),Muy bajo,Muy bajo,Muy bajo,Muy bajo,Muy bajo,Muy bajo,Muy bajo
Gajates (Salamanca),Muy bajo,Muy bajo,Muy bajo,Muy bajo,Muy bajo,Bajo,Bajo
Galapagar (Madrid),Muy bajo,Muy bajo,Muy bajo,Muy bajo,Muy bajo,Muy bajo,Muy bajo
Galar (Navarra),Muy bajo,Bajo,Muy bajo,Muy bajo,Muy bajo,Bajo,Bajo
Galaroza (Huelva),Muy bajo,Muy bajo,Muy bajo,Muy bajo,Bajo,Bajo,Bajo
Galbarros (Burgos),Muy bajo,Bajo,Bajo,Muy bajo,Muy bajo,Bajo,Moderado
Galbárruli (La Rioja),Muy bajo,Bajo,Bajo,Muy bajo,Muy bajo,Bajo,Bajo
Galdakao (Vizcaya),Muy bajo,Bajo,Muy bajo,Muy bajo,Muy bajo,Muy bajo,Bajo
Galdames (Vizcaya),Muy bajo,Bajo,Muy bajo,Muy bajo,Muy bajo,Muy bajo,Bajo
Galende (Zamora),Muy bajo,Muy bajo,Muy bajo,Muy bajo,Muy bajo,Bajo,Bajo
Galera (Granada),Muy bajo,Muy bajo,Muy bajo,Muy bajo,Muy bajo,Muy bajo,Muy bajo
Galilea (La Rioja),Bajo,Moderado,Muy bajo,Muy bajo,Bajo,Bajo,Bajo
Galindo y Perahuy (Salamanca),Muy bajo,Muy bajo,Muy bajo,Muy bajo,Bajo,Bajo,Bajo
Galinduste (Salamanca),Muy bajo,Muy bajo,Muy bajo,Muy bajo,Bajo,Bajo,Bajo
Galisancho (Salamanca),Muy bajo,Muy bajo,Muy bajo,Muy bajo,Bajo,Bajo,Bajo
Galisteo (Cáceres),Muy bajo,Muy bajo,Muy bajo,Muy bajo,Muy bajo,Muy bajo,Bajo
Gallegos (Segovia),Muy bajo,Muy bajo,Muy bajo,Muy bajo,Muy bajo,Bajo,Bajo
Gallegos de Altamiros (Ávila),Muy bajo,Muy bajo,Muy bajo,Muy bajo,Muy bajo,Bajo,Bajo
Gallegos de Argañán (Salamanca),Bajo,Muy bajo,Muy bajo,Muy bajo,Bajo,Bajo,Bajo
Gallegos de Hornija (Valladolid),Muy bajo,Muy bajo,Muy bajo,Muy bajo,Muy bajo,Bajo,Bajo
Gallegos de Sobrinos (Ávila),Muy bajo,Muy bajo,Muy bajo,Muy bajo,Muy bajo,Bajo,Bajo
Gallegos de Solmirón (Salamanca),Muy bajo,Muy bajo,Muy bajo,Muy bajo,Bajo,Bajo,Bajo
Gallegos del Pan (Zamora),Muy bajo,Muy bajo,Muy bajo,Muy bajo,Muy bajo,Bajo,Muy bajo
Gallegos del Río (Zamora),Muy bajo,Muy bajo,Muy bajo,Muy bajo,Muy bajo,Bajo,Bajo
Gallifa (Barcelona),Muy bajo,Muy bajo,Muy bajo,Muy bajo,Muy bajo,Muy bajo,Muy bajo
Gallinero de Cameros (La Rioja),Bajo,Bajo,Muy bajo,Muy bajo,Muy bajo,Muy bajo,Bajo
Gallipienzo/Galipentzu (Navarra),Muy bajo,Muy bajo,Muy bajo,Muy bajo,Muy bajo,Muy bajo,Bajo
Gallocanta (Zaragoza),Muy bajo,Muy bajo,Muy bajo,Muy bajo,Muy bajo,Muy bajo,Muy bajo
Gallur (Zaragoza),Muy bajo,Bajo,Muy bajo,Muy bajo,Bajo,Muy bajo,Bajo
Gallués/Galoze (Navarra),Muy bajo,Bajo,Muy bajo,Muy bajo,Muy bajo,Muy bajo,Bajo
Galve (Teruel),Muy bajo,Muy bajo,Muy bajo,Muy bajo,Muy bajo,Muy bajo,Bajo
Galve de Sorbe (Guadalajara),Muy bajo,Muy bajo,Muy bajo,Muy bajo,Muy bajo,Bajo,Bajo
Galápagos (Guadalajara),Muy bajo,Muy bajo,Muy bajo,Muy bajo,Muy bajo,Muy bajo,Muy bajo
Gamiz-Fika (Vizcaya),Muy bajo,Bajo,Muy bajo,Muy bajo,Muy bajo,Muy bajo,Bajo
Gamones (Zamora),Muy bajo,Muy bajo,Muy bajo,Muy bajo,Muy bajo,Bajo,Bajo
Gandesa (Tarragona),Muy bajo,Muy bajo,Muy bajo,Muy bajo,Muy bajo,Muy bajo,Muy bajo
Gandia (Valencia),Muy bajo,Muy bajo,Muy bajo,Muy bajo,Muy bajo,Muy bajo,Muy bajo
Garaballa (Cuenca),Muy bajo,Muy bajo,Muy bajo,Muy bajo,Muy bajo,Muy bajo,Muy bajo
Garachico (Tenerife),Muy bajo,Muy bajo,Muy bajo,Muy bajo,Muy bajo,Muy bajo,Muy bajo
Garafía (Tenerife),Bajo,Bajo,Muy bajo,Muy bajo,Muy bajo,Muy bajo,Muy bajo
Garai (Vizcaya),Bajo,Moderado,Muy bajo,Muy bajo,Muy bajo,Muy bajo,Bajo
Garaioa (Navarra),Muy bajo,Bajo,Muy bajo,Muy bajo,Muy bajo,Muy bajo,Bajo
Garbayuela (Badajoz),Muy bajo,Muy bajo,Muy bajo,Muy bajo,Bajo,Bajo,Bajo
Garcia (Tarragona),Muy bajo,Muy bajo,Muy bajo,Muy bajo,Muy bajo,Muy bajo,Muy bajo
Garciaz (Cáceres),Muy bajo,Muy bajo,Muy bajo,Muy bajo,Muy bajo,Bajo,Bajo
Garcibuey (Salamanca),Muy bajo,Muy bajo,Muy bajo,Muy bajo,Bajo,Bajo,Bajo
Garcihernández (Salamanca),Muy bajo,Muy bajo,Muy bajo,Muy bajo,Bajo,Bajo,Bajo
Garcillán (Segovia),Muy bajo,Muy bajo,Muy bajo,Muy bajo,Muy bajo,Bajo,Bajo
Garciotum (Toledo),Muy bajo,Muy bajo,Muy bajo,Muy bajo,Muy bajo,Bajo,Muy bajo
Garcirrey (Salamanca),Muy bajo,Muy bajo,Muy bajo,Muy bajo,Bajo,Bajo,Bajo
Garde (Navarra),Bajo,Bajo,Muy bajo,Muy bajo,Muy bajo,Bajo,Bajo
Gargallo (Teruel),Muy bajo,Muy bajo,Muy bajo,Muy bajo,Muy bajo,Muy bajo,Muy bajo
Garganta de los Montes (Madrid),Muy bajo,Muy bajo,Muy bajo,Muy bajo,Muy bajo,Bajo,Bajo
Garganta del Villar (Ávila),Muy bajo,Muy bajo,Muy bajo,Muy bajo,Bajo,Bajo,Bajo
Garganta la Olla (Cáceres),Muy bajo,Muy bajo,Muy bajo,Muy bajo,Muy bajo,Muy bajo,Bajo
Gargantilla (Cáceres),Muy bajo,Muy bajo,Muy bajo,Muy bajo,Muy bajo,Bajo,Bajo
Gargantilla del Lozoya y Pinilla de Buitrago (Madrid),Muy bajo,Muy bajo,Muy bajo,Muy bajo,Muy bajo,Bajo,Bajo
Gargüera (Cáceres),Muy bajo,Muy bajo,Muy bajo,Muy bajo,Muy bajo,Bajo,Bajo
Garlitos (Badajoz),Muy bajo,Muy bajo,Muy bajo,Muy bajo,Muy bajo,Muy bajo,Muy bajo
Garrafe de Torío (León),Muy bajo,Muy bajo,Muy bajo,Muy bajo,Muy bajo,Muy bajo,Bajo
Garralda (Navarra),Muy bajo,Bajo,Muy bajo,Muy bajo,Muy bajo,Muy bajo,Bajo
Garray (Soria),Muy bajo,Muy bajo,Muy bajo,Muy bajo,Muy bajo,Bajo,Bajo
Garrigoles (Girona),Muy bajo,Muy bajo,Muy bajo,Muy bajo,Muy bajo,Muy bajo,Muy bajo
Garriguella (Girona),Muy bajo,Muy bajo,Muy bajo,Muy bajo,Muy bajo,Muy bajo,Muy bajo
Garrigàs (Girona),Muy bajo,Muy bajo,Muy bajo,Muy bajo,Muy bajo,Muy bajo,Muy bajo
Garrovillas de Alconétar (Cáceres),Muy bajo,Muy bajo,Muy bajo,Muy bajo,Muy bajo,Muy bajo,Muy bajo
Garrucha (Almería),Muy bajo,Muy bajo,Muy bajo,Muy bajo,Muy bajo,Muy bajo,Muy bajo
Garvín (Cáceres),Muy bajo,Muy bajo,Muy bajo,Muy bajo,Muy bajo,Muy bajo,Muy bajo
Garínoain (Navarra),Muy bajo,Bajo,Muy bajo,Muy bajo,Muy bajo,Muy bajo,Bajo
Gascones (Madrid),Muy bajo,Muy bajo,Muy bajo,Muy bajo,Muy bajo,Bajo,Bajo
Gascueña (Cuenca),Muy bajo,Muy bajo,Muy bajo,Muy bajo,Muy bajo,Muy bajo,Muy bajo
Gascueña de Bornova (Guadalajara),Muy bajo,Muy bajo,Muy bajo,Muy bajo,Muy bajo,Bajo,Bajo
Gata (Cáceres),Muy bajo,Muy bajo,Muy bajo,Muy bajo,Muy bajo,Bajo,Bajo
Gata de Gorgos (Alicante),Muy bajo,Muy bajo,Muy bajo,Muy bajo,Muy bajo,Muy bajo,Muy bajo
Gatika (Vizcaya),Muy bajo,Bajo,Muy bajo,Muy bajo,Muy bajo,Bajo,Bajo
Gatón de Campos (Valladolid),Muy bajo,Bajo,Muy bajo,Muy bajo,Bajo,Bajo,Bajo
Gaucín (Málaga),Muy bajo,Muy bajo,Muy bajo,Muy bajo,Muy bajo,Muy bajo,Bajo
Gautegiz Arteaga (Vizcaya),Muy bajo,Bajo,Muy bajo,Muy bajo,Muy bajo,Muy bajo,Bajo
Gavarda (Valencia),Muy bajo,Muy bajo,Muy bajo,Muy bajo,Muy bajo,Muy bajo,Muy bajo
Gavet de la Conca (Lleida),Muy bajo,Muy bajo,Muy bajo,Muy bajo,Muy bajo,Bajo,Bajo
Gavilanes (Ávila),Muy bajo,Muy bajo,Muy bajo,Muy bajo,Muy bajo,Muy bajo,Bajo
Gavà (Barcelona),Muy bajo,Muy bajo,Muy bajo,Muy bajo,Muy bajo,Muy bajo,Muy bajo
Gaztelu (Guipúzcoa),Bajo,Alto,Muy bajo,Muy bajo,Muy bajo,Bajo,Moderado
Gea de Albarracín (Teruel),Muy bajo,Muy bajo,Muy bajo,Muy bajo,Muy bajo,Muy bajo,Bajo
Gejuelo del Barro (Salamanca),Muy bajo,Muy bajo,Muy bajo,Muy bajo,Bajo,Bajo,Bajo
Geldo (Castellón),Muy bajo,Muy bajo,Muy bajo,Muy bajo,Muy bajo,Muy bajo,Muy bajo
Gelida (Barcelona),Muy bajo,Muy bajo,Muy bajo,Muy bajo,Muy bajo,Muy bajo,Muy bajo
Gelsa (Zaragoza),Muy bajo,Muy bajo,Muy bajo,Bajo,Bajo,Muy bajo,Muy bajo
Gelves (Sevilla),Muy bajo,Muy bajo,Muy bajo,Muy bajo,Muy bajo,Muy bajo,Muy bajo
Gema (Zamora),Muy bajo,Muy bajo,Muy bajo,Muy bajo,Muy bajo,Muy bajo,Muy bajo
Gemuño (Ávila),Muy bajo,Muy bajo,Muy bajo,Bajo,Bajo,Bajo,Bajo
Genalguacil (Málaga),Muy bajo,Muy bajo,Muy bajo,Muy bajo,Muy bajo,Muy bajo,Muy bajo
Genevilla (Navarra),Bajo,Bajo,Muy bajo,Muy bajo,Muy bajo,Muy bajo,Bajo
Ger (Girona),Muy bajo,Bajo,Muy bajo,Muy bajo,Bajo,Bajo,Moderado
Gerena (Sevilla),Muy bajo,Bajo,Muy bajo,Bajo,Moderado,Moderado,Bajo
Geria (Valladolid),Muy bajo,Muy bajo,Muy bajo,Muy bajo,Bajo,Bajo,Bajo
Gerindote (Toledo),Muy bajo,Muy bajo,Muy bajo,Muy bajo,Muy bajo,Muy bajo,Muy bajo
Gernika-Lumo (Vizcaya),Muy bajo,Bajo,Muy bajo,Muy bajo,Muy bajo,Bajo,Bajo
Gestalgar (Valencia),Muy bajo,Muy bajo,Muy bajo,Muy bajo,Muy bajo,Muy bajo,Muy bajo
Getafe (Madrid),Muy bajo,Muy bajo,Muy bajo,Muy bajo,Muy bajo,Muy bajo,Muy bajo
Getaria (Guipúzcoa),Bajo,Moderado,Muy bajo,Muy bajo,Muy bajo,Bajo,Bajo
Getxo (Vizcaya),Muy bajo,Muy bajo,Muy bajo,Muy bajo,Muy bajo,Muy bajo,Muy bajo
Gibraleón (Huelva),Muy bajo,Muy bajo,Muy bajo,Bajo,Moderado,Bajo,Bajo
Gibraltar (nan),Muy bajo,Muy bajo,Muy bajo,Muy bajo,Muy bajo,Muy bajo,Muy bajo
Gijón (Asturias),Muy bajo,Muy bajo,Muy bajo,Muy bajo,Muy bajo,Bajo,Bajo
Gil García (Ávila),Muy bajo,Muy bajo,Muy bajo,Muy bajo,Muy bajo,Bajo,Bajo
Gilbuena (Ávila),Muy bajo,Muy bajo,Muy bajo,Muy bajo,Bajo,Bajo,Bajo
Gilena (Sevilla),Bajo,Muy bajo,Muy bajo,Muy bajo,Muy bajo,Muy bajo,Muy bajo
Gilet (Valencia),Muy bajo,Muy bajo,Muy bajo,Muy bajo,Muy bajo,Muy bajo,Muy bajo
Gimenells i el Pla de la Font (Lleida),Muy bajo,Muy bajo,Muy bajo,Muy bajo,Muy bajo,Muy bajo,Muy bajo
Gimialcón (Ávila),Muy bajo,Muy bajo,Muy bajo,Muy bajo,Muy bajo,Muy bajo,Bajo
Gimileo (La Rioja),Muy bajo,Bajo,Muy bajo,Muy bajo,Muy bajo,Muy bajo,Bajo
Gines (Sevilla),Muy bajo,Muy bajo,Muy bajo,Muy bajo,Muy bajo,Muy bajo,Muy bajo
Ginestar (Tarragona),Muy bajo,Muy bajo,Muy bajo,Muy bajo,Muy bajo,Muy bajo,Muy bajo
Girona (Girona),Muy bajo,Muy bajo,Muy bajo,Muy bajo,Muy bajo,Muy bajo,Muy bajo
Gironella (Barcelona),Muy bajo,Muy bajo,Muy bajo,Muy bajo,Muy bajo,Muy bajo,Bajo
Gisclareny (Barcelona),Muy bajo,Muy bajo,Muy bajo,Muy bajo,Bajo,Bajo,Moderado
Gistaín (Huesca),Muy bajo,Muy bajo,Muy bajo,Muy bajo,Bajo,Bajo,Moderado
Gizaburuaga (Vizcaya),Muy bajo,Bajo,Muy bajo,Muy bajo,Muy bajo,Muy bajo,Bajo
Gobernador (Granada),Muy bajo,Muy bajo,Muy bajo,Muy bajo,Muy bajo,Muy bajo,Muy bajo
Godall (Tarragona),Muy bajo,Muy bajo,Muy bajo,Muy bajo,Muy bajo,Muy bajo,Muy bajo
Godella (Valencia),Muy bajo,Muy bajo,Muy bajo,Muy bajo,Muy bajo,Muy bajo,Muy bajo
Godelleta (Valencia),Muy bajo,Muy bajo,Muy bajo,Muy bajo,Muy bajo,Muy bajo,Muy bajo
Godojos (Zaragoza),Muy bajo,Muy bajo,Muy bajo,Muy bajo,Muy bajo,Muy bajo,Muy bajo
Goizueta (Navarra),Bajo,Moderado,Muy bajo,Muy bajo,Muy bajo,Bajo,Moderado
Golmayo (Soria),Muy bajo,Muy bajo,Muy bajo,Muy bajo,Muy bajo,Bajo,Bajo
Golmés (Lleida),Muy bajo,Muy bajo,Muy bajo,Muy bajo,Muy bajo,Muy bajo,Muy bajo
Golosalvo (Albacete),Muy bajo,Muy bajo,Muy bajo,Muy bajo,Muy bajo,Muy bajo,Muy bajo
Golpejas (Salamanca),Muy bajo,Muy bajo,Muy bajo,Muy bajo,Muy bajo,Bajo,Bajo
Gombrèn (Girona),Muy bajo,Muy bajo,Muy bajo,Muy bajo,Muy bajo,Bajo,Bajo
Gomecello (Salamanca),Muy bajo,Muy bajo,Muy bajo,Muy bajo,Muy bajo,Muy bajo,Bajo
Gomesende (Ourense),Moderado,Muy bajo,Muy bajo,Bajo,Bajo,Bajo,Bajo
Gomezserracín (Segovia),Muy bajo,Muy bajo,Muy bajo,Muy bajo,Muy bajo,Muy bajo,Bajo
Gondomar (Pontevedra),Bajo,Muy bajo,Muy bajo,Bajo,Bajo,Bajo,Bajo
Gor (Granada),Muy bajo,Muy bajo,Muy bajo,Muy bajo,Muy bajo,Muy bajo,Muy bajo
Gorafe (Granada),Muy bajo,Muy bajo,Muy bajo,Muy bajo,Muy bajo,Muy bajo,Muy bajo
Gordaliza del Pino (León),Muy bajo,Bajo,Muy bajo,Bajo,Bajo,Bajo,Bajo
Gordexola (Vizcaya),Muy bajo,Moderado,Muy bajo,Muy bajo,Muy bajo,Muy bajo,Bajo
Gordoncillo (León),Muy bajo,Bajo,Muy bajo,Muy bajo,Muy bajo,Bajo,Bajo
Gorga (Alicante),Muy bajo,Muy bajo,Muy bajo,Muy bajo,Muy bajo,Muy bajo,Muy bajo
Gorliz (Vizcaya),Muy bajo,Muy bajo,Muy bajo,Muy bajo,Muy bajo,Muy bajo,Muy bajo
Gormaz (Soria),Muy bajo,Muy bajo,Muy bajo,Muy bajo,Muy bajo,Bajo,Bajo
Gotarrendura (Ávila),Muy bajo,Muy bajo,Muy bajo,Muy bajo,Muy bajo,Muy bajo,Bajo
Gotor (Zaragoza),Muy bajo,Muy bajo,Muy bajo,Muy bajo,Muy bajo,Muy bajo,Bajo
Gozón (Asturias),Muy bajo,Muy bajo,Muy bajo,Muy bajo,Muy bajo,Bajo,Muy bajo
Gradefes (León),Muy bajo,Muy bajo,Muy bajo,Muy bajo,Muy bajo,Muy bajo,Bajo
Grado (Asturias),Muy bajo,Muy bajo,Muy bajo,Muy bajo,Muy bajo,Bajo,Bajo
Graja de Campalbo (Cuenca),Muy bajo,Muy bajo,Muy bajo,Muy bajo,Muy bajo,Bajo,Muy bajo
Graja de Iniesta (Cuenca),Muy bajo,Muy bajo,Muy bajo,Muy bajo,Muy bajo,Muy bajo,Muy bajo
Grajal de Campos (León),Muy bajo,Muy bajo,Muy bajo,Muy bajo,Muy bajo,Bajo,Bajo
Grajera (Segovia),Muy bajo,Muy bajo,Muy bajo,Muy bajo,Muy bajo,Bajo,Bajo
Granada (Granada),Muy bajo,Muy bajo,Muy bajo,Muy bajo,Muy bajo,Muy bajo,Muy bajo
Granadilla de Abona (Tenerife),Muy bajo,Muy bajo,Muy bajo,Muy bajo,Muy bajo,Muy bajo,Muy bajo
Grandas de Salime (Asturias),Muy bajo,Muy bajo,Muy bajo,Muy bajo,Muy bajo,Muy bajo,Bajo
Grandes y San Martín (Ávila),Muy bajo,Muy bajo,Muy bajo,Muy bajo,Muy bajo,Bajo,Bajo
Granera (Barcelona),Muy bajo,Muy bajo,Muy bajo,Muy bajo,Muy bajo,Muy bajo,Bajo
Granja de Moreruela (Zamora),Muy bajo,Muy bajo,Muy bajo,Bajo,Bajo,Bajo,Bajo
Granja de Rocamora (Alicante),Muy bajo,Muy bajo,Muy bajo,Muy bajo,Muy bajo,Muy bajo,Muy bajo
Granja de Torrehermosa (Badajoz),Muy bajo,Muy bajo,Muy bajo,Muy bajo,Muy bajo,Muy bajo,Muy bajo
Granollers (Barcelona),Muy bajo,Muy bajo,Muy bajo,Muy bajo,Muy bajo,Muy bajo,Muy bajo
Granucillo (Zamora),Muy bajo,Muy bajo,Muy bajo,Muy bajo,Muy bajo,Bajo,Bajo
Granyanella (Lleida),Muy bajo,Muy bajo,Muy bajo,Muy bajo,Muy bajo,Muy bajo,Muy bajo
Granyena de Segarra (Lleida),Muy bajo,Muy bajo,Muy bajo,Muy bajo,Muy bajo,Muy bajo,Muy bajo
Granyena de les Garrigues (Lleida),Muy bajo,Muy bajo,Muy bajo,Muy bajo,Muy bajo,Muy bajo,Muy bajo
Granátula de Calatrava (Ciudad Real),Muy bajo,Muy bajo,Muy bajo,Muy bajo,Bajo,Bajo,Bajo
Gratallops (Tarragona),Muy bajo,Muy bajo,Muy bajo,Muy bajo,Muy bajo,Muy bajo,Muy bajo
Graus (Huesca),Muy bajo,Muy bajo,Muy bajo,Muy bajo,Muy bajo,Bajo,Bajo
Grazalema (Cádiz),Moderado,Muy bajo,Muy bajo,Muy bajo,Bajo,Bajo,Bajo
Grañén (Huesca),Muy bajo,Muy bajo,Muy bajo,Muy bajo,Muy bajo,Muy bajo,Bajo
Grañón (La Rioja),Muy bajo,Bajo,Bajo,Muy bajo,Muy bajo,Bajo,Bajo
Griegos (Teruel),Muy bajo,Muy bajo,Muy bajo,Muy bajo,Muy bajo,Bajo,Bajo
Grijalba (Burgos),Muy bajo,Bajo,Muy bajo,Muy bajo,Muy bajo,Bajo,Bajo
Grijota (Palencia),Muy bajo,Muy bajo,Muy bajo,Muy bajo,Bajo,Bajo,Bajo
Grisaleña (Burgos),Muy bajo,Bajo,Bajo,Muy bajo,Muy bajo,Bajo,Bajo
Grisel (Zaragoza),Muy bajo,Bajo,Muy bajo,Muy bajo,Muy bajo,Bajo,Bajo
Grisén (Zaragoza),Muy bajo,Muy bajo,Muy bajo,Muy bajo,Bajo,Muy bajo,Muy bajo
Griñón (Madrid),Muy bajo,Muy bajo,Muy bajo,Muy bajo,Muy bajo,Muy bajo,Muy bajo
Grávalos (La Rioja),Muy bajo,Bajo,Muy bajo,Muy bajo,Bajo,Bajo,Bajo
Guadahortuna (Granada),Muy bajo,Muy bajo,Muy bajo,Muy bajo,Muy bajo,Muy bajo,Muy bajo
Guadalajara (Guadalajara),Muy bajo,Muy bajo,Muy bajo,Muy bajo,Muy bajo,Muy bajo,Muy bajo
Guadalaviar (Teruel),Muy bajo,Muy bajo,Muy bajo,Muy bajo,Muy bajo,Bajo,Bajo
Guadalcanal (Sevilla),Muy bajo,Muy bajo,Muy bajo,Muy bajo,Bajo,Muy bajo,Bajo
Guadalcázar (Córdoba),Muy bajo,Muy bajo,Muy bajo,Muy bajo,Bajo,Muy bajo,Bajo
Guadalix de la Sierra (Madrid),Muy bajo,Muy bajo,Muy bajo,Muy bajo,Muy bajo,Muy bajo,Muy bajo
Guadalmez (Ciudad Real),Muy bajo,Muy bajo,Muy bajo,Muy bajo,Muy bajo,Muy bajo,Muy bajo
Guadalupe (Cáceres),Muy bajo,Muy bajo,Muy bajo,Muy bajo,Muy bajo,Bajo,Bajo
Guadamur (Toledo),Muy bajo,Muy bajo,Muy bajo,Muy bajo,Muy bajo,Muy bajo,Muy bajo
Guadarrama (Madrid),Muy bajo,Muy bajo,Muy bajo,Muy bajo,Muy bajo,Bajo,Bajo
Guadassuar (Valencia),Muy bajo,Muy bajo,Muy bajo,Muy bajo,Muy bajo,Muy bajo,Muy bajo
Guadasséquies (Valencia),Muy bajo,Muy bajo,Muy bajo,Muy bajo,Muy bajo,Muy bajo,Muy bajo
Guadiana (Badajoz),Muy bajo,Muy bajo,Muy bajo,Muy bajo,Muy bajo,Bajo,Muy bajo
Guadix (Granada),Muy bajo,Muy bajo,Muy bajo,Muy bajo,Muy bajo,Muy bajo,Muy bajo
Guadramiro (Salamanca),Bajo,Muy bajo,Muy bajo,Muy bajo,Bajo,Bajo,Bajo
Gualba (Barcelona),Muy bajo,Muy bajo,Muy bajo,Muy bajo,Muy bajo,Muy bajo,Muy bajo
Gualchos (Granada),Muy bajo,Muy bajo,Muy bajo,Muy bajo,Muy bajo,Muy bajo,Muy bajo
Gualta (Girona),Muy bajo,Muy bajo,Muy bajo,Muy bajo,Muy bajo,Muy bajo,Muy bajo
Guardamar de la Safor (Valencia),Muy bajo,Muy bajo,Muy bajo,Muy bajo,Muy bajo,Muy bajo,Muy bajo
Guardamar del Segura (Alicante),Muy bajo,Muy bajo,Muy bajo,Muy bajo,Muy bajo,Muy bajo,Muy bajo
Guardiola de Berguedà (Barcelona),Muy bajo,Muy bajo,Muy bajo,Muy bajo,Muy bajo,Bajo,Bajo
Guardo (Palencia),Muy bajo,Muy bajo,Muy bajo,Muy bajo,Muy bajo,Muy bajo,Bajo
Guareña (Badajoz),Muy bajo,Muy bajo,Muy bajo,Muy bajo,Muy bajo,Muy bajo,Muy bajo
Guaro (Málaga),Muy bajo,Muy bajo,Muy bajo,Muy bajo,Muy bajo,Muy bajo,Muy bajo
Guarrate (Zamora),Muy bajo,Muy bajo,Muy bajo,Muy bajo,Muy bajo,Bajo,Bajo
Guarromán (Jaén),Muy bajo,Muy bajo,Muy bajo,Muy bajo,Muy bajo,Muy bajo,Bajo
Guaza de Campos (Palencia),Muy bajo,Bajo,Bajo,Muy bajo,Bajo,Bajo,Bajo
Guesálaz/Gesalatz (Navarra),Bajo,Bajo,Muy bajo,Muy bajo,Muy bajo,Muy bajo,Bajo
Guijo de Coria (Cáceres),Muy bajo,Muy bajo,Muy bajo,Muy bajo,Muy bajo,Muy bajo,Bajo
Guijo de Galisteo (Cáceres),Muy bajo,Muy bajo,Muy bajo,Muy bajo,Muy bajo,Muy bajo,Muy bajo
Guijo de Granadilla (Cáceres),Muy bajo,Muy bajo,Muy bajo,Muy bajo,Muy bajo,Muy bajo,Bajo
Guijo de Santa Bárbara (Cáceres),Muy bajo,Muy bajo,Muy bajo,Muy bajo,Muy bajo,Muy bajo,Bajo
Guijo de Ávila (Salamanca),Muy bajo,Muy bajo,Muy bajo,Muy bajo,Bajo,Bajo,Bajo
Guijuelo (Salamanca),Muy bajo,Muy bajo,Muy bajo,Muy bajo,Bajo,Bajo,Bajo
Guillena (Sevilla),Bajo,Muy bajo,Muy bajo,Bajo,Moderado,Moderado,Bajo
Guils de Cerdanya (Girona),Muy bajo,Bajo,Bajo,Muy bajo,Bajo,Bajo,Moderado
Guimerà (Lleida),Muy bajo,Muy bajo,Muy bajo,Muy bajo,Muy bajo,Muy bajo,Muy bajo
Guirguillano (Navarra),Muy bajo,Bajo,Muy bajo,Muy bajo,Muy bajo,Muy bajo,Bajo
Guisando (Ávila),Muy bajo,Muy bajo,Muy bajo,Muy bajo,Muy bajo,Muy bajo,Muy bajo
Guissona (Lleida),Muy bajo,Muy bajo,Muy bajo,Muy bajo,Muy bajo,Muy bajo,Muy bajo
Guitiriz (Lugo),Bajo,Muy bajo,Muy bajo,Bajo,Bajo,Bajo,Moderado
Guixers (Lleida),Muy bajo,Muy bajo,Muy bajo,Muy bajo,Muy bajo,Bajo,Moderado
Gumiel de Izán (Burgos),Bajo,Bajo,Muy bajo,Muy bajo,Muy bajo,Bajo,Bajo
Gumiel de Mercado (Burgos),Muy bajo,Bajo,Muy bajo,Muy bajo,Muy bajo,Bajo,Bajo
Guntín (Lugo),Bajo,Muy bajo,Muy bajo,Muy bajo,Muy bajo,Bajo,Bajo
Gurb (Barcelona),Muy bajo,Muy bajo,Muy bajo,Muy bajo,Muy bajo,Muy bajo,Bajo
Guriezo (Cantabria),Muy bajo,Bajo,Muy bajo,Muy bajo,Muy bajo,Muy bajo,Bajo
Gurrea de Gállego (Huesca),Muy bajo,Muy bajo,Muy bajo,Bajo,Bajo,Muy bajo,Bajo
Gusendos de los Oteros (León),Muy bajo,Muy bajo,Muy bajo,Muy bajo,Muy bajo,Muy bajo,Bajo
Gutierre-Muñoz (Ávila),Muy bajo,Muy bajo,Muy bajo,Muy bajo,Muy bajo,Muy bajo,Bajo
Guía de Isora (Tenerife),Bajo,Muy bajo,Muy bajo,Muy bajo,Muy bajo,Muy bajo,Muy bajo
Gádor (Almería),Muy bajo,Muy bajo,Muy bajo,Muy bajo,Muy bajo,Muy bajo,Muy bajo
Gáldar (Las Palmas),Bajo,Bajo,Muy bajo,Muy bajo,Muy bajo,Muy bajo,Muy bajo
Gálvez (Toledo),Muy bajo,Muy bajo,Muy bajo,Muy bajo,Muy bajo,Muy bajo,Muy bajo
Gátova (Valencia),Muy bajo,Muy bajo,Muy bajo,Muy bajo,Muy bajo,Muy bajo,Muy bajo
Génave (Jaén),Bajo,Bajo,Muy bajo,Muy bajo,Bajo,Bajo,Bajo
Gérgal (Almería),Muy bajo,Muy bajo,Muy bajo,Muy bajo,Muy bajo,Muy bajo,Muy bajo
Gójar (Granada),Bajo,Muy bajo,Muy bajo,Muy bajo,Muy bajo,Muy bajo,Muy bajo
Gómara (Soria),Muy bajo,Muy bajo,Muy bajo,Muy bajo,Bajo,Bajo,Bajo
Gósol (Lleida),Muy bajo,Muy bajo,Muy bajo,Muy bajo,Muy bajo,Bajo,Moderado
Gúdar (Teruel),Muy bajo,Muy bajo,Muy bajo,Muy bajo,Muy bajo,Muy bajo,Bajo
Güesa/Gorza (Navarra),Muy bajo,Bajo,Muy bajo,Muy bajo,Muy bajo,Muy bajo,Bajo
Güevéjar (Granada),Bajo,Muy bajo,Muy bajo,Muy bajo,Muy bajo,Muy bajo,Muy bajo
Güeñes (Vizcaya),Muy bajo,Moderado,Muy bajo,Muy bajo,Muy bajo,Muy bajo,Bajo
Güéjar Sierra (Granada),Muy bajo,Muy bajo,Muy bajo,Muy bajo,Muy bajo,Muy bajo,Muy bajo
Güímar (Tenerife),Muy bajo,Muy bajo,Muy bajo,Muy bajo,Muy bajo,Muy bajo,Muy bajo
Hacinas (Burgos),Bajo,Bajo,Muy bajo,Muy bajo,Bajo,Bajo,Moderado
Harana/Valle de Arana (Álava),Bajo,Bajo,Muy bajo,Muy bajo,Muy bajo,Muy bajo,Bajo
Haro (La Rioja),Muy bajo,Bajo,Bajo,Muy bajo,Muy bajo,Muy bajo,Bajo
Haría (Las Palmas),Muy bajo,Muy bajo,Muy bajo,Muy bajo,Muy bajo,Muy bajo,Muy bajo
Haza (Burgos),Muy bajo,Muy bajo,Muy bajo,Muy bajo,Muy bajo,Muy bajo,Bajo
Hazas de Cesto (Cantabria),Muy bajo,Muy bajo,Muy bajo,Muy bajo,Muy bajo,Bajo,Bajo
Helechosa de los Montes (Badajoz),Muy bajo,Muy bajo,Muy bajo,Muy bajo,Muy bajo,Muy bajo,Muy bajo
Hellín (Albacete),Muy bajo,Muy bajo,Muy bajo,Muy bajo,Muy bajo,Muy bajo,Muy bajo
Henarejos (Cuenca),Muy bajo,Muy bajo,Muy bajo,Muy bajo,Muy bajo,Muy bajo,Muy bajo
Henche (Guadalajara),Muy bajo,Muy bajo,Muy bajo,Muy bajo,Muy bajo,Muy bajo,Muy bajo
Heras de Ayuso (Guadalajara),Muy bajo,Muy bajo,Muy bajo,Muy bajo,Muy bajo,Muy bajo,Muy bajo
Herbers (Castellón),Muy bajo,Muy bajo,Muy bajo,Muy bajo,Muy bajo,Muy bajo,Muy bajo
Herce (La Rioja),Muy bajo,Bajo,Muy bajo,Muy bajo,Muy bajo,Bajo,Bajo
Herencia (Ciudad Real),Muy bajo,Muy bajo,Muy bajo,Muy bajo,Muy bajo,Muy bajo,Muy bajo
Herguijuela (Cáceres),Muy bajo,Muy bajo,Muy bajo,Muy bajo,Muy bajo,Bajo,Bajo
Herguijuela de Ciudad Rodrigo (Salamanca),Muy bajo,Muy bajo,Muy bajo,Muy bajo,Muy bajo,Bajo,Bajo
Herguijuela de la Sierra (Salamanca),Muy bajo,Muy bajo,Muy bajo,Muy bajo,Muy bajo,Bajo,Bajo
Herguijuela del Campo (Salamanca),Muy bajo,Muy bajo,Muy bajo,Bajo,Bajo,Bajo,Bajo
Hermandad de Campoo de Suso (Cantabria),Muy bajo,Bajo,Muy bajo,Muy bajo,Muy bajo,Muy bajo,Bajo
Hermigua (Tenerife),Bajo,Bajo,Muy bajo,Muy bajo,Muy bajo,Muy bajo,Muy bajo
Hermisende (Zamora),Muy bajo,Muy bajo,Muy bajo,Muy bajo,Muy bajo,Bajo,Bajo
Hernani (Guipúzcoa),Bajo,Moderado,Muy bajo,Muy bajo,Muy bajo,Bajo,Moderado
Hernansancho (Ávila),Muy bajo,Muy bajo,Muy bajo,Muy bajo,Muy bajo,Muy bajo,Bajo
Hernialde (Guipúzcoa),Bajo,Moderado,Muy bajo,Muy bajo,Muy bajo,Bajo,Moderado
Hernán-Pérez (Cáceres),Muy bajo,Muy bajo,Muy bajo,Muy bajo,Muy bajo,Bajo,Bajo
Herradón de Pinares (Ávila),Muy bajo,Muy bajo,Muy bajo,Bajo,Bajo,Bajo,Bajo
Herramélluri (La Rioja),Muy bajo,Bajo,Bajo,Muy bajo,Muy bajo,Bajo,Bajo
Herrera (Sevilla),Muy bajo,Muy bajo,Muy bajo,Muy bajo,Muy bajo,Muy bajo,Muy bajo
Herrera de Alcántara (Cáceres),Muy bajo,Muy bajo,Muy bajo,Bajo,Bajo,Bajo,Bajo
Herrera de Pisuerga (Palencia),Muy bajo,Bajo,Muy bajo,Muy bajo,Muy bajo,Bajo,Bajo
Herrera de Soria (Soria),Muy bajo,Muy bajo,Muy bajo,Muy bajo,Muy bajo,Bajo,Bajo
Herrera de Valdecañas (Palencia),Bajo,Bajo,Bajo,Muy bajo,Bajo,Bajo,Moderado
Herrera de los Navarros (Zaragoza),Muy bajo,Muy bajo,Muy bajo,Muy bajo,Muy bajo,Muy bajo,Bajo
Herrera del Duque (Badajoz),Muy bajo,Muy bajo,Muy bajo,Muy bajo,Muy bajo,Bajo,Bajo
Herreros de Suso (Ávila),Muy bajo,Muy bajo,Muy bajo,Muy bajo,Muy bajo,Bajo,Bajo
Herreruela (Cáceres),Muy bajo,Muy bajo,Muy bajo,Muy bajo,Muy bajo,Bajo,Bajo
Herreruela de Oropesa (Toledo),Muy bajo,Muy bajo,Muy bajo,Muy bajo,Muy bajo,Bajo,Muy bajo
Herrería (Guadalajara),Muy bajo,Muy bajo,Muy bajo,Muy bajo,Muy bajo,Bajo,Bajo
Herrerías (Cantabria),Muy bajo,Muy bajo,Muy bajo,Muy bajo,Muy bajo,Bajo,Bajo
Herrín de Campos (Valladolid),Muy bajo,Bajo,Bajo,Muy bajo,Bajo,Bajo,Bajo
Hervás (Cáceres),Muy bajo,Muy bajo,Muy bajo,Muy bajo,Muy bajo,Bajo,Bajo
Hervías (La Rioja),Bajo,Bajo,Muy bajo,Muy bajo,Muy bajo,Muy bajo,Bajo
Hiendelaencina (Guadalajara),Muy bajo,Muy bajo,Muy bajo,Muy bajo,Muy bajo,Muy bajo,Bajo
Higuera de Albalat (Cáceres),Muy bajo,Muy bajo,Muy bajo,Muy bajo,Muy bajo,Muy bajo,Muy bajo
Higuera de Calatrava (Jaén),Muy bajo,Muy bajo,Muy bajo,Muy bajo,Muy bajo,Muy bajo,Muy bajo
Higuera de Llerena (Badajoz),Muy bajo,Muy bajo,Muy bajo,Muy bajo,Muy bajo,Muy bajo,Muy bajo
Higuera de Vargas (Badajoz),Muy bajo,Muy bajo,Muy bajo,Muy bajo,Muy bajo,Muy bajo,Bajo
Higuera de la Serena (Badajoz),Muy bajo,Muy bajo,Muy bajo,Muy bajo,Muy bajo,Muy bajo,Muy bajo
Higuera de la Sierra (Huelva),Muy bajo,Muy bajo,Muy bajo,Muy bajo,Bajo,Bajo,Bajo
Higuera de las Dueñas (Ávila),Muy bajo,Muy bajo,Muy bajo,Muy bajo,Muy bajo,Bajo,Bajo
Higuera la Real (Badajoz),Muy bajo,Muy bajo,Muy bajo,Muy bajo,Bajo,Muy bajo,Bajo
Higueras (Castellón),Muy bajo,Muy bajo,Muy bajo,Muy bajo,Muy bajo,Muy bajo,Muy bajo
Higueruela (Albacete),Muy bajo,Muy bajo,Muy bajo,Muy bajo,Muy bajo,Muy bajo,Muy bajo
Higueruelas (Valencia),Muy bajo,Muy bajo,Muy bajo,Muy bajo,Muy bajo,Muy bajo,Muy bajo
Hijes (Guadalajara),Muy bajo,Muy bajo,Muy bajo,Muy bajo,Bajo,Bajo,Bajo
Hinojal (Cáceres),Muy bajo,Muy bajo,Muy bajo,Muy bajo,Muy bajo,Muy bajo,Bajo
Hinojales (Huelva),Muy bajo,Muy bajo,Muy bajo,Muy bajo,Bajo,Bajo,Bajo
Hinojares (Jaén),Muy bajo,Muy bajo,Muy bajo,Muy bajo,Muy bajo,Muy bajo,Muy bajo
Hinojos (Huelva),Bajo,Bajo,Muy bajo,Bajo,Moderado,Bajo,Bajo
Hinojosa de Duero (Salamanca),Bajo,Muy bajo,Muy bajo,Muy bajo,Bajo,Bajo,Bajo
Hinojosa de Jarque (Teruel),Muy bajo,Muy bajo,Muy bajo,Muy bajo,Muy bajo,Muy bajo,Bajo
Hinojosa de San Vicente (Toledo),Muy bajo,Muy bajo,Muy bajo,Muy bajo,Muy bajo,Muy bajo,Muy bajo
Hinojosa del Campo (Soria),Muy bajo,Muy bajo,Muy bajo,Muy bajo,Bajo,Bajo,Bajo
Hinojosa del Duque (Córdoba),Muy bajo,Muy bajo,Muy bajo,Muy bajo,Bajo,Muy bajo,Bajo
Hinojosa del Valle (Badajoz),Muy bajo,Muy bajo,Muy bajo,Muy bajo,Muy bajo,Muy bajo,Muy bajo
Hinojosas de Calatrava (Ciudad Real),Muy bajo,Muy bajo,Muy bajo,Muy bajo,Muy bajo,Muy bajo,Muy bajo
Hiriberri/Villanueva de Aezkoa (Navarra),Muy bajo,Bajo,Muy bajo,Muy bajo,Muy bajo,Muy bajo,Moderado
Hita (Guadalajara),Muy bajo,Muy bajo,Muy bajo,Muy bajo,Muy bajo,Muy bajo,Muy bajo
Holguera (Cáceres),Muy bajo,Muy bajo,Muy bajo,Muy bajo,Muy bajo,Muy bajo,Bajo
Hombrados (Guadalajara),Muy bajo,Muy bajo,Muy bajo,Muy bajo,Muy bajo,Bajo,Bajo
Hondarribia (Guipúzcoa),Bajo,Moderado,Muy bajo,Muy bajo,Bajo,Bajo,Moderado
Hondón de los Frailes (Alicante),Muy bajo,Muy bajo,Muy bajo,Muy bajo,Muy bajo,Muy bajo,Muy bajo
Honrubia (Cuenca),Muy bajo,Muy bajo,Muy bajo,Bajo,Muy bajo,Bajo,Bajo
Honrubia de la Cuesta (Segovia),Muy bajo,Muy bajo,Muy bajo,Muy bajo,Muy bajo,Muy bajo,Bajo
Hontalbilla (Segovia),Muy bajo,Muy bajo,Muy bajo,Muy bajo,Muy bajo,Muy bajo,Bajo
Hontanar (Toledo),Muy bajo,Muy bajo,Muy bajo,Muy bajo,Muy bajo,Muy bajo,Muy bajo
Hontanares de Eresma (Segovia),Muy bajo,Bajo,Muy bajo,Muy bajo,Muy bajo,Bajo,Bajo
Hontanas (Burgos),Muy bajo,Bajo,Bajo,Muy bajo,Bajo,Bajo,Moderado
Hontanaya (Cuenca),Muy bajo,Muy bajo,Muy bajo,Muy bajo,Muy bajo,Muy bajo,Muy bajo
Hontangas (Burgos),Muy bajo,Muy bajo,Muy bajo,Muy bajo,Muy bajo,Muy bajo,Bajo
Hontecillas (Cuenca),Muy bajo,Muy bajo,Muy bajo,Muy bajo,Muy bajo,Bajo,Bajo
Hontoba (Guadalajara),Muy bajo,Muy bajo,Muy bajo,Muy bajo,Muy bajo,Muy bajo,Muy bajo
Hontoria de Cerrato (Palencia),Muy bajo,Muy bajo,Bajo,Bajo,Bajo,Bajo,Moderado
Hontoria de Valdearados (Burgos),Muy bajo,Bajo,Muy bajo,Muy bajo,Muy bajo,Bajo,Bajo
Hontoria de la Cantera (Burgos),Bajo,Bajo,Muy bajo,Muy bajo,Bajo,Bajo,Bajo
Hontoria del Pinar (Burgos),Bajo,Bajo,Muy bajo,Muy bajo,Muy bajo,Bajo,Bajo
Horcajo Medianero (Salamanca),Muy bajo,Muy bajo,Muy bajo,Muy bajo,Bajo,Bajo,Bajo
Horcajo de Montemayor (Salamanca),Muy bajo,Muy bajo,Muy bajo,Muy bajo,Bajo,Bajo,Bajo
Horcajo de Santiago (Cuenca),Muy bajo,Muy bajo,Muy bajo,Muy bajo,Muy bajo,Muy bajo,Muy bajo
Horcajo de la Sierra-Aoslos (Madrid),Muy bajo,Muy bajo,Muy bajo,Muy bajo,Muy bajo,Bajo,Bajo
Horcajo de las Torres (Ávila),Muy bajo,Muy bajo,Muy bajo,Muy bajo,Muy bajo,Muy bajo,Bajo
Horcajo de los Montes (Ciudad Real),Muy bajo,Muy bajo,Muy bajo,Muy bajo,Muy bajo,Muy bajo,Muy bajo
Horcajuelo de la Sierra (Madrid),Muy bajo,Muy bajo,Muy bajo,Muy bajo,Muy bajo,Bajo,Bajo
Horche (Guadalajara),Muy bajo,Muy bajo,Muy bajo,Muy bajo,Muy bajo,Muy bajo,Muy bajo
Hormigos (Toledo),Muy bajo,Muy bajo,Muy bajo,Muy bajo,Muy bajo,Muy bajo,Muy bajo
Hormilla (La Rioja),Muy bajo,Bajo,Muy bajo,Muy bajo,Muy bajo,Muy bajo,Bajo
Hormilleja (La Rioja),Muy bajo,Bajo,Muy bajo,Muy bajo,Muy bajo,Muy bajo,Bajo
Hornachos (Badajoz),Muy bajo,Muy bajo,Muy bajo,Muy bajo,Muy bajo,Muy bajo,Muy bajo
Hornachuelos (Córdoba),Muy bajo,Muy bajo,Muy bajo,Muy bajo,Bajo,Bajo,Bajo
Hornillos de Cameros (La Rioja),Bajo,Bajo,Muy bajo,Muy bajo,Muy bajo,Muy bajo,Bajo
Hornillos de Cerrato (Palencia),Bajo,Bajo,Bajo,Bajo,Bajo,Bajo,Moderado
Hornillos de Eresma (Valladolid),Muy bajo,Muy bajo,Muy bajo,Muy bajo,Muy bajo,Muy bajo,Bajo
Hornillos del Camino (Burgos),Muy bajo,Bajo,Bajo,Bajo,Bajo,Bajo,Moderado
Hornos (Jaén),Muy bajo,Muy bajo,Muy bajo,Muy bajo,Muy bajo,Muy bajo,Bajo
Hornos de Moncalvillo (La Rioja),Bajo,Bajo,Muy bajo,Muy bajo,Muy bajo,Muy bajo,Bajo
Horta de Sant Joan (Tarragona),Muy bajo,Muy bajo,Muy bajo,Muy bajo,Muy bajo,Muy bajo,Muy bajo
Hortezuela de Océn (Guadalajara),Muy bajo,Muy bajo,Muy bajo,Muy bajo,Muy bajo,Bajo,Bajo
Hortigüela (Burgos),Bajo,Bajo,Muy bajo,Bajo,Bajo,Bajo,Moderado
Hospital de Órbigo (León),Muy bajo,Muy bajo,Muy bajo,Muy bajo,Muy bajo,Bajo,Bajo
Hostalric (Girona),Muy bajo,Muy bajo,Muy bajo,Muy bajo,Muy bajo,Muy bajo,Muy bajo
Hoya-Gonzalo (Albacete),Muy bajo,Muy bajo,Muy bajo,Muy bajo,Muy bajo,Muy bajo,Muy bajo
Hoyales de Roa (Burgos),Muy bajo,Muy bajo,Muy bajo,Muy bajo,Muy bajo,Muy bajo,Bajo
Hoyo de Manzanares (Madrid),Muy bajo,Muy bajo,Muy bajo,Muy bajo,Muy bajo,Muy bajo,Muy bajo
Hoyocasero (Ávila),Muy bajo,Muy bajo,Muy bajo,Muy bajo,Bajo,Bajo,Bajo
Hoyorredondo (Ávila),Muy bajo,Muy bajo,Muy bajo,Muy bajo,Bajo,Bajo,Bajo
Hoyos (Cáceres),Muy bajo,Muy bajo,Muy bajo,Muy bajo,Muy bajo,Muy bajo,Bajo
Hoyos de Miguel Muñoz (Ávila),Muy bajo,Muy bajo,Muy bajo,Muy bajo,Bajo,Bajo,Bajo
Hoyos del Collado (Ávila),Muy bajo,Muy bajo,Muy bajo,Muy bajo,Muy bajo,Bajo,Bajo
Hoyos del Espino (Ávila),Muy bajo,Muy bajo,Muy bajo,Muy bajo,Muy bajo,Bajo,Bajo
Hoz de Jaca (Huesca),Bajo,Muy bajo,Muy bajo,Muy bajo,Muy bajo,Bajo,Moderado
Hoz y Costean (Huesca),Muy bajo,Muy bajo,Muy bajo,Muy bajo,Muy bajo,Bajo,Bajo
Huarte/Uharte (Navarra),Muy bajo,Bajo,Muy bajo,Muy bajo,Muy bajo,Muy bajo,Bajo
Huecas (Toledo),Muy bajo,Muy bajo,Muy bajo,Muy bajo,Muy bajo,Muy bajo,Muy bajo
Huelma (Jaén),Muy bajo,Muy bajo,Muy bajo,Muy bajo,Muy bajo,Muy bajo,Muy bajo
Huelva (Huelva),Muy bajo,Muy bajo,Muy bajo,Muy bajo,Muy bajo,Bajo,Bajo
Huelves (Cuenca),Muy bajo,Muy bajo,Muy bajo,Muy bajo,Muy bajo,Muy bajo,Muy bajo
Huerta (Salamanca),Muy bajo,Muy bajo,Muy bajo,Muy bajo,Muy bajo,Muy bajo,Bajo
Huerta de Arriba (Burgos),Bajo,Bajo,Muy bajo,Muy bajo,Bajo,Bajo,Moderado
Huerta de Rey (Burgos),Bajo,Bajo,Muy bajo,Muy bajo,Muy bajo,Bajo,Bajo
Huerta de Valdecarábanos (Toledo),Muy bajo,Muy bajo,Muy bajo,Muy bajo,Muy bajo,Muy bajo,Muy bajo
Huerta de la Obispalía (Cuenca),Muy bajo,Muy bajo,Muy bajo,Muy bajo,Muy bajo,Muy bajo,Muy bajo
Huerta del Marquesado (Cuenca),Muy bajo,Muy bajo,Muy bajo,Muy bajo,Muy bajo,Bajo,Bajo
Huertahernando (Guadalajara),Muy bajo,Muy bajo,Muy bajo,Muy bajo,Muy bajo,Bajo,Bajo
Huerto (Huesca),Muy bajo,Muy bajo,Muy bajo,Muy bajo,Muy bajo,Muy bajo,Bajo
Huesa (Jaén),Muy bajo,Muy bajo,Muy bajo,Muy bajo,Muy bajo,Muy bajo,Muy bajo
Huesa del Común (Teruel),Muy bajo,Muy bajo,Muy bajo,Muy bajo,Muy bajo,Muy bajo,Bajo
Huesca (Huesca),Muy bajo,Muy bajo,Muy bajo,Muy bajo,Muy bajo,Muy bajo,Bajo
Huete (Cuenca),Muy bajo,Muy bajo,Muy bajo,Muy bajo,Muy bajo,Muy bajo,Muy bajo
Hueva (Guadalajara),Muy bajo,Muy bajo,Muy bajo,Muy bajo,Muy bajo,Muy bajo,Muy bajo
Humada (Burgos),Muy bajo,Bajo,Muy bajo,Muy bajo,Muy bajo,Bajo,Bajo
Humanes (Guadalajara),Muy bajo,Muy bajo,Muy bajo,Muy bajo,Muy bajo,Muy bajo,Muy bajo
Humanes de Madrid (Madrid),Muy bajo,Muy bajo,Muy bajo,Muy bajo,Muy bajo,Muy bajo,Muy bajo
Humilladero (Málaga),Bajo,Muy bajo,Muy bajo,Muy bajo,Muy bajo,Muy bajo,Muy bajo
Hurones (Burgos),Muy bajo,Bajo,Bajo,Muy bajo,Bajo,Bajo,Moderado
Hurtumpascual (Ávila),Muy bajo,Muy bajo,Muy bajo,Muy bajo,Muy bajo,Bajo,Bajo
Husillos (Palencia),Muy bajo,Muy bajo,Muy bajo,Muy bajo,Bajo,Bajo,Bajo
Huécija (Almería),Muy bajo,Muy bajo,Muy bajo,Muy bajo,Muy bajo,Muy bajo,Muy bajo
Huélaga (Cáceres),Muy bajo,Muy bajo,Muy bajo,Muy bajo,Muy bajo,Muy bajo,Muy bajo
Huélago (Granada),Muy bajo,Muy bajo,Muy bajo,Muy bajo,Muy bajo,Muy bajo,Muy bajo
Huélamo (Cuenca),Muy bajo,Muy bajo,Muy bajo,Muy bajo,Muy bajo,Bajo,Bajo
Huéneja (Granada),Muy bajo,Muy bajo,Muy bajo,Muy bajo,Muy bajo,Muy bajo,Muy bajo
Huércal de Almería (Almería),Muy bajo,Muy bajo,Muy bajo,Muy bajo,Muy bajo,Muy bajo,Muy bajo
Huércal-Overa (Almería),Muy bajo,Muy bajo,Muy bajo,Muy bajo,Muy bajo,Muy bajo,Muy bajo
Huércanos (La Rioja),Muy bajo,Bajo,Muy bajo,Muy bajo,Muy bajo,Muy bajo,Bajo
Huérguina (Cuenca),Muy bajo,Muy bajo,Muy bajo,Muy bajo,Muy bajo,Muy bajo,Muy bajo
Huérmeces (Burgos),Muy bajo,Bajo,Bajo,Muy bajo,Bajo,Bajo,Moderado
Huérmeces del Cerro (Guadalajara),Muy bajo,Muy bajo,Muy bajo,Muy bajo,Muy bajo,Muy bajo,Muy bajo
Huéscar (Granada),Muy bajo,Muy bajo,Muy bajo,Muy bajo,Muy bajo,Muy bajo,Muy bajo
Huétor Tájar (Granada),Bajo,Muy bajo,Muy bajo,Muy bajo,Muy bajo,Muy bajo,Muy bajo
Huétor Vega (Granada),Muy bajo,Muy bajo,Muy bajo,Muy bajo,Muy bajo,Muy bajo,Muy bajo
Huétor de Santillán (Granada),Bajo,Muy bajo,Muy bajo,Muy bajo,Muy bajo,Muy bajo,Muy bajo
Huévar del Aljarafe (Sevilla),Bajo,Bajo,Bajo,Bajo,Muy alto,Moderado,Bajo
Hérmedes de Cerrato (Palencia),Bajo,Muy bajo,Bajo,Bajo,Bajo,Bajo,Moderado
Híjar (Teruel),Muy bajo,Muy bajo,Muy bajo,Muy bajo,Muy bajo,Muy bajo,Muy bajo
Ibahernando (Cáceres),Muy bajo,Muy bajo,Muy bajo,Muy bajo,Muy bajo,Muy bajo,Muy bajo
Ibargoiti (Navarra),Muy bajo,Bajo,Muy bajo,Muy bajo,Muy bajo,Muy bajo,Bajo
Ibarra (Guipúzcoa),Bajo,Moderado,Muy bajo,Muy bajo,Muy bajo,Bajo,Moderado
Ibarrangelu (Vizcaya),Muy bajo,Bajo,Muy bajo,Muy bajo,Muy bajo,Muy bajo,Bajo
Ibdes (Zaragoza),Muy bajo,Muy bajo,Muy bajo,Muy bajo,Muy bajo,Muy bajo,Muy bajo
Ibeas de Juarros (Burgos),Bajo,Bajo,Muy bajo,Muy bajo,Bajo,Bajo,Bajo
Ibi (Alicante),Muy bajo,Bajo,Muy bajo,Muy bajo,Muy bajo,Muy bajo,Muy bajo
Ibias (Asturias),Bajo,Muy bajo,Muy bajo,Muy bajo,Muy bajo,Bajo,Bajo
Ibieca (Huesca),Muy bajo,Muy bajo,Muy bajo,Muy bajo,Muy bajo,Muy bajo,Bajo
Ibrillos (Burgos),Bajo,Bajo,Bajo,Muy bajo,Muy bajo,Bajo,Bajo
Ibros (Jaén),Muy bajo,Muy bajo,Muy bajo,Muy bajo,Muy bajo,Muy bajo,Muy bajo
Icod de los Vinos (Tenerife),Muy bajo,Muy bajo,Muy bajo,Muy bajo,Muy bajo,Muy bajo,Muy bajo
Idiazabal (Guipúzcoa),Moderado,Alto,Muy bajo,Muy bajo,Muy bajo,Muy bajo,Moderado
Igantzi (Navarra),Bajo,Moderado,Muy bajo,Muy bajo,Muy bajo,Bajo,Moderado
Igea (La Rioja),Muy bajo,Bajo,Muy bajo,Muy bajo,Muy bajo,Muy bajo,Bajo
Iglesiarrubia (Burgos),Bajo,Bajo,Muy bajo,Bajo,Bajo,Bajo,Bajo
Iglesias (Burgos),Muy bajo,Bajo,Bajo,Bajo,Bajo,Bajo,Moderado
Igorre (Vizcaya),Bajo,Moderado,Muy bajo,Muy bajo,Muy bajo,Muy bajo,Bajo
Igriés (Huesca),Muy bajo,Muy bajo,Muy bajo,Muy bajo,Muy bajo,Muy bajo,Bajo
Igualada (Barcelona),Muy bajo,Muy bajo,Muy bajo,Muy bajo,Muy bajo,Muy bajo,Muy bajo
Igualeja (Málaga),Muy bajo,Muy bajo,Muy bajo,Muy bajo,Muy bajo,Muy bajo,Muy bajo
Igúzquiza (Navarra),Bajo,Bajo,Muy bajo,Muy bajo,Muy bajo,Muy bajo,Bajo
Igüeña (León),Muy bajo,Muy bajo,Muy bajo,Muy bajo,Muy bajo,Bajo,Bajo
Ikaztegieta (Guipúzcoa),Bajo,Alto,Muy bajo,Muy bajo,Muy bajo,Bajo,Moderado
Ilche (Huesca),Muy bajo,Muy bajo,Muy bajo,Muy bajo,Muy bajo,Muy bajo,Bajo
Illana (Guadalajara),Muy bajo,Muy bajo,Muy bajo,Muy bajo,Muy bajo,Muy bajo,Muy bajo
Illano (Asturias),Muy bajo,Muy bajo,Muy bajo,Muy bajo,Muy bajo,Bajo,Moderado
Illas (Asturias),Muy bajo,Muy bajo,Muy bajo,Muy bajo,Muy bajo,Bajo,Bajo
Illescas (Toledo),Muy bajo,Muy bajo,Muy bajo,Muy bajo,Muy bajo,Muy bajo,Muy bajo
Illueca (Zaragoza),Muy bajo,Muy bajo,Muy bajo,Muy bajo,Muy bajo,Muy bajo,Bajo
Illán de Vacas (Toledo),Muy bajo,Muy bajo,Muy bajo,Muy bajo,Muy bajo,Muy bajo,Muy bajo
Imotz (Navarra),Bajo,Moderado,Muy bajo,Muy bajo,Muy bajo,Muy bajo,Bajo
Inca (Baleares),Muy bajo,Muy bajo,Muy bajo,Muy bajo,Muy bajo,Muy bajo,Muy bajo
Ingenio (Las Palmas),Bajo,Muy bajo,Muy bajo,Muy bajo,Muy bajo,Muy bajo,Muy bajo
Iniesta (Cuenca),Muy bajo,Muy bajo,Muy bajo,Muy bajo,Muy bajo,Muy bajo,Muy bajo
Iniéstola (Guadalajara),Muy bajo,Muy bajo,Muy bajo,Muy bajo,Muy bajo,Muy bajo,Muy bajo
Instinción (Almería),Muy bajo,Muy bajo,Muy bajo,Muy bajo,Muy bajo,Muy bajo,Muy bajo
Irañeta (Navarra),Bajo,Moderado,Muy bajo,Muy bajo,Muy bajo,Muy bajo,Bajo
Irixoa (A Coruña),Moderado,Bajo,Muy bajo,Bajo,Bajo,Bajo,Moderado
Iruelos (Salamanca),Muy bajo,Muy bajo,Muy bajo,Bajo,Bajo,Bajo,Bajo
Irueste (Guadalajara),Muy bajo,Muy bajo,Muy bajo,Muy bajo,Muy bajo,Muy bajo,Muy bajo
Irun (Guipúzcoa),Bajo,Moderado,Muy bajo,Muy bajo,Muy bajo,Bajo,Moderado
Irura (Guipúzcoa),Bajo,Moderado,Muy bajo,Muy bajo,Muy bajo,Bajo,Moderado
Iruraiz-Gauna (Álava),Bajo,Moderado,Muy bajo,Muy bajo,Muy bajo,Muy bajo,Bajo
Irurtzun (Navarra),Bajo,Moderado,Muy bajo,Muy bajo,Muy bajo,Muy bajo,Bajo
Iruña Oka/Iruña de Oca (Álava),Muy bajo,Bajo,Muy bajo,Muy bajo,Muy bajo,Muy bajo,Bajo
Isaba/Izaba (Navarra),Bajo,Bajo,Muy bajo,Muy bajo,Muy bajo,Muy bajo,Moderado
Isar (Burgos),Muy bajo,Bajo,Bajo,Bajo,Bajo,Bajo,Moderado
Isla Cristina (Huelva),Muy bajo,Muy bajo,Muy bajo,Muy bajo,Moderado,Bajo,Bajo
Isla Mayor (Sevilla),Bajo,Muy bajo,Muy bajo,Bajo,Moderado,Bajo,Bajo
Isla de los Faisanes (nan),Muy bajo,Muy bajo,Muy bajo,Muy bajo,Muy bajo,Muy bajo,Muy bajo
Isla del Perejil (nan),Muy bajo,Muy bajo,Muy bajo,Muy bajo,Muy bajo,Muy bajo,Muy bajo
Islas Alhucemas (nan),Muy bajo,Muy bajo,Muy bajo,Muy bajo,Muy bajo,Muy bajo,Muy bajo
Islas Chafarinas (nan),Muy bajo,Muy bajo,Muy bajo,Muy bajo,Muy bajo,Muy bajo,Muy bajo
Isona i Conca Dellà (Lleida),Muy bajo,Muy bajo,Muy bajo,Muy bajo,Muy bajo,Bajo,Bajo
Ispaster (Vizcaya),Muy bajo,Bajo,Muy bajo,Muy bajo,Muy bajo,Muy bajo,Bajo
Istán (Málaga),Muy bajo,Muy bajo,Muy bajo,Muy bajo,Muy bajo,Muy bajo,Muy bajo
Isuerre (Zaragoza),Muy bajo,Bajo,Muy bajo,Muy bajo,Muy bajo,Muy bajo,Bajo
Isábena (Huesca),Muy bajo,Muy bajo,Muy bajo,Muy bajo,Muy bajo,Bajo,Bajo
Isòvol (Girona),Muy bajo,Muy bajo,Muy bajo,Muy bajo,Bajo,Bajo,Moderado
Itero de la Vega (Palencia),Muy bajo,Bajo,Muy bajo,Muy bajo,Bajo,Bajo,Bajo
Itero del Castillo (Burgos),Muy bajo,Bajo,Muy bajo,Muy bajo,Bajo,Bajo,Bajo
Itsasondo (Guipúzcoa),Bajo,Alto,Muy bajo,Muy bajo,Muy bajo,Bajo,Moderado
Ituero de Azaba (Salamanca),Bajo,Muy bajo,Muy bajo,Muy bajo,Bajo,Bajo,Bajo
Ituero y Lama (Segovia),Bajo,Muy bajo,Muy bajo,Muy bajo,Muy bajo,Bajo,Bajo
Ituren (Navarra),Moderado,Moderado,Muy bajo,Muy bajo,Muy bajo,Bajo,Moderado
Iturmendi (Navarra),Bajo,Moderado,Muy bajo,Muy bajo,Muy bajo,Muy bajo,Bajo
Iurreta (Vizcaya),Bajo,Moderado,Muy bajo,Muy bajo,Muy bajo,Muy bajo,Bajo
Ivars d'Urgell (Lleida),Muy bajo,Muy bajo,Muy bajo,Muy bajo,Muy bajo,Muy bajo,Muy bajo
Ivars de Noguera (Lleida),Muy bajo,Muy bajo,Muy bajo,Muy bajo,Muy bajo,Muy bajo,Bajo
Ivorra (Lleida),Muy bajo,Muy bajo,Muy bajo,Muy bajo,Muy bajo,Muy bajo,Muy bajo
Iza/Itza (Navarra),Bajo,Moderado,Muy bajo,Muy bajo,Muy bajo,Muy bajo,Bajo
Izagaondoa (Navarra),Muy bajo,Bajo,Muy bajo,Muy bajo,Muy bajo,Muy bajo,Bajo
Izagre (León),Muy bajo,Bajo,Muy bajo,Bajo,Bajo,Bajo,Bajo
Izalzu/Itzaltzu (Navarra),Bajo,Bajo,Muy bajo,Muy bajo,Muy bajo,Muy bajo,Moderado
Iznalloz (Granada),Muy bajo,Muy bajo,Muy bajo,Muy bajo,Muy bajo,Muy bajo,Muy bajo
Iznate (Málaga),Muy bajo,Muy bajo,Muy bajo,Muy bajo,Muy bajo,Muy bajo,Muy bajo
Iznatoraf (Jaén),Muy bajo,Muy bajo,Muy bajo,Muy bajo,Muy bajo,Muy bajo,Muy bajo
Iznájar (Córdoba),Muy bajo,Muy bajo,Muy bajo,Muy bajo,Muy bajo,Muy bajo,Muy bajo
Izurtza (Vizcaya),Bajo,Moderado,Muy bajo,Muy bajo,Muy bajo,Muy bajo,Bajo
Jabaloyas (Teruel),Muy bajo,Muy bajo,Muy bajo,Muy bajo,Muy bajo,Muy bajo,Bajo
Jabalquinto (Jaén),Muy bajo,Muy bajo,Muy bajo,Muy bajo,Muy bajo,Muy bajo,Muy bajo
Jabugo (Huelva),Muy bajo,Muy bajo,Muy bajo,Muy bajo,Bajo,Bajo,Bajo
Jaca (Huesca),Muy bajo,Muy bajo,Muy bajo,Muy bajo,Muy bajo,Bajo,Bajo
Jacarilla (Alicante),Muy bajo,Muy bajo,Muy bajo,Muy bajo,Muy bajo,Muy bajo,Muy bajo
Jadraque (Guadalajara),Muy bajo,Muy bajo,Muy bajo,Muy bajo,Muy bajo,Muy bajo,Muy bajo
Jafre (Girona),Muy bajo,Muy bajo,Muy bajo,Muy bajo,Muy bajo,Muy bajo,Muy bajo
Jalance (Valencia),Muy bajo,Muy bajo,Muy bajo,Muy bajo,Muy bajo,Muy bajo,Muy bajo
Jalón de Cameros (La Rioja),Bajo,Moderado,Muy bajo,Muy bajo,Muy bajo,Muy bajo,Bajo
Jambrina (Zamora),Muy bajo,Muy bajo,Muy bajo,Muy bajo,Muy bajo,Muy bajo,Muy bajo
Jamilena (Jaén),Muy bajo,Muy bajo,Muy bajo,Muy bajo,Muy bajo,Muy bajo,Muy bajo
Jaraba (Zaragoza),Muy bajo,Muy bajo,Muy bajo,Muy bajo,Muy bajo,Muy bajo,Bajo
Jarafuel (Valencia),Muy bajo,Muy bajo,Muy bajo,Muy bajo,Muy bajo,Muy bajo,Muy bajo
Jaraicejo (Cáceres),Muy bajo,Muy bajo,Muy bajo,Muy bajo,Muy bajo,Muy bajo,Muy bajo
Jaramillo Quemado (Burgos),Bajo,Bajo,Muy bajo,Bajo,Bajo,Bajo,Moderado
Jaramillo de la Fuente (Burgos),Bajo,Bajo,Muy bajo,Muy bajo,Bajo,Bajo,Moderado
Jarandilla de la Vera (Cáceres),Muy bajo,Muy bajo,Muy bajo,Muy bajo,Muy bajo,Muy bajo,Muy bajo
Jaraíz de la Vera (Cáceres),Muy bajo,Muy bajo,Muy bajo,Muy bajo,Muy bajo,Muy bajo,Muy bajo
Jarilla (Cáceres),Muy bajo,Muy bajo,Muy bajo,Muy bajo,Muy bajo,Bajo,Bajo
Jarque de Moncayo (Zaragoza),Muy bajo,Muy bajo,Muy bajo,Muy bajo,Muy bajo,Muy bajo,Bajo
Jarque de la Val (Teruel),Muy bajo,Muy bajo,Muy bajo,Muy bajo,Muy bajo,Muy bajo,Bajo
Jasa (Huesca),Muy bajo,Muy bajo,Muy bajo,Muy bajo,Muy bajo,Bajo,Moderado
Jatiel (Teruel),Muy bajo,Muy bajo,Muy bajo,Bajo,Bajo,Bajo,Bajo
Jaulín (Zaragoza),Muy bajo,Muy bajo,Muy bajo,Bajo,Bajo,Bajo,Bajo
Jaurrieta (Navarra),Muy bajo,Bajo,Muy bajo,Muy bajo,Muy bajo,Muy bajo,Bajo
Javier (Navarra),Muy bajo,Muy bajo,Muy bajo,Muy bajo,Muy bajo,Muy bajo,Bajo
Jayena (Granada),Muy bajo,Muy bajo,Muy bajo,Muy bajo,Muy bajo,Muy bajo,Muy bajo
Jaén (Jaén),Muy bajo,Muy bajo,Muy bajo,Muy bajo,Muy bajo,Muy bajo,Muy bajo
Jerez de la Frontera (Cádiz),Moderado,Muy bajo,Muy bajo,Muy bajo,Bajo,Bajo,Bajo
Jerez de los Caballeros (Badajoz),Muy bajo,Muy bajo,Muy bajo,Muy bajo,Muy bajo,Muy bajo,Muy bajo
Jerte (Cáceres),Muy bajo,Muy bajo,Muy bajo,Muy bajo,Muy bajo,Muy bajo,Bajo
Jete (Granada),Muy bajo,Muy bajo,Muy bajo,Muy bajo,Muy bajo,Muy bajo,Muy bajo
Jimena (Jaén),Muy bajo,Muy bajo,Muy bajo,Muy bajo,Muy bajo,Muy bajo,Muy bajo
Jimena de la Frontera (Cádiz),Muy bajo,Muy bajo,Muy bajo,Muy bajo,Muy bajo,Bajo,Bajo
Jimera de Líbar (Málaga),Bajo,Muy bajo,Muy bajo,Muy bajo,Bajo,Bajo,Bajo
Jirueque (Guadalajara),Muy bajo,Muy bajo,Muy bajo,Muy bajo,Muy bajo,Muy bajo,Muy bajo
Joarilla de las Matas (León),Muy bajo,Bajo,Muy bajo,Bajo,Bajo,Bajo,Bajo
Jorba (Barcelona),Muy bajo,Muy bajo,Muy bajo,Muy bajo,Muy bajo,Muy bajo,Muy bajo
Jorcas (Teruel),Muy bajo,Muy bajo,Muy bajo,Muy bajo,Muy bajo,Muy bajo,Bajo
Jorquera (Albacete),Muy bajo,Muy bajo,Muy bajo,Muy bajo,Muy bajo,Muy bajo,Muy bajo
Josa (Teruel),Muy bajo,Muy bajo,Muy bajo,Muy bajo,Muy bajo,Muy bajo,Bajo
Josa i Tuixén (Lleida),Muy bajo,Muy bajo,Muy bajo,Muy bajo,Muy bajo,Bajo,Moderado
Juarros de Riomoros (Segovia),Muy bajo,Muy bajo,Muy bajo,Muy bajo,Muy bajo,Bajo,Bajo
Juarros de Voltoya (Segovia),Muy bajo,Muy bajo,Muy bajo,Muy bajo,Muy bajo,Muy bajo,Bajo
Jubrique (Málaga),Muy bajo,Muy bajo,Muy bajo,Muy bajo,Muy bajo,Muy bajo,Muy bajo
Juià (Girona),Muy bajo,Muy bajo,Muy bajo,Muy bajo,Muy bajo,Muy bajo,Muy bajo
Jumilla (Murcia),Muy bajo,Muy bajo,Muy bajo,Muy bajo,Muy bajo,Muy bajo,Muy bajo
Jun (Granada),Muy bajo,Muy bajo,Muy bajo,Muy bajo,Muy bajo,Muy bajo,Muy bajo
Junciana (Ávila),Muy bajo,Muy bajo,Muy bajo,Muy bajo,Bajo,Bajo,Bajo
Juncosa (Lleida),Muy bajo,Muy bajo,Muy bajo,Muy bajo,Muy bajo,Muy bajo,Muy bajo
Juneda (Lleida),Muy bajo,Muy bajo,Muy bajo,Muy bajo,Muy bajo,Muy bajo,Muy bajo
Junta de Traslaloma (Burgos),Muy bajo,Bajo,Muy bajo,Muy bajo,Muy bajo,Muy bajo,Bajo
Junta de Villalba de Losa (Burgos),Bajo,Moderado,Muy bajo,Muy bajo,Muy bajo,Muy bajo,Bajo
Jurisdicción de Lara (Burgos),Bajo,Bajo,Muy bajo,Muy bajo,Bajo,Bajo,Moderado
Jurisdicción de San Zadornil (Burgos),Muy bajo,Bajo,Muy bajo,Muy bajo,Muy bajo,Muy bajo,Bajo
Juslapeña/Txulapain (Navarra),Bajo,Moderado,Muy bajo,Muy bajo,Muy bajo,Muy bajo,Bajo
Justel (Zamora),Muy bajo,Muy bajo,Muy bajo,Muy bajo,Muy bajo,Bajo,Bajo
Juviles (Granada),Muy bajo,Muy bajo,Muy bajo,Muy bajo,Muy bajo,Muy bajo,Muy bajo
Juzbado (Salamanca),Muy bajo,Muy bajo,Muy bajo,Muy bajo,Bajo,Bajo,Bajo
Játar (Granada),Muy bajo,Muy bajo,Muy bajo,Muy bajo,Muy bajo,Muy bajo,Muy bajo
Jérez del Marquesado (Granada),Muy bajo,Muy bajo,Muy bajo,Muy bajo,Muy bajo,Muy bajo,Muy bajo
Jérica (Castellón),Muy bajo,Muy bajo,Muy bajo,Muy bajo,Muy bajo,Muy bajo,Muy bajo
Jódar (Jaén),Muy bajo,Muy bajo,Muy bajo,Muy bajo,Muy bajo,Muy bajo,Muy bajo
Júzcar (Málaga),Muy bajo,Muy bajo,Muy bajo,Muy bajo,Muy bajo,Muy bajo,Muy bajo
Karrantza Harana/Valle de Carranza (Vizcaya),Muy bajo,Bajo,Muy bajo,Muy bajo,Muy bajo,Muy bajo,Bajo
Kortezubi (Vizcaya),Muy bajo,Bajo,Muy bajo,Muy bajo,Muy bajo,Muy bajo,Bajo
Kripan (Álava),Bajo,Bajo,Muy bajo,Muy bajo,Muy bajo,Muy bajo,Bajo
Kuartango (Álava),Muy bajo,Bajo,Muy bajo,Muy bajo,Muy bajo,Muy bajo,Bajo
L'Albiol (Tarragona),Muy bajo,Muy bajo,Muy bajo,Muy bajo,Muy bajo,Muy bajo,Muy bajo
L'Aldea (Tarragona),Muy bajo,Muy bajo,Muy bajo,Muy bajo,Muy bajo,Muy bajo,Muy bajo
L'Aleixar (Tarragona),Muy bajo,Muy bajo,Muy bajo,Muy bajo,Muy bajo,Muy bajo,Muy bajo
L'Ametlla de Mar (Tarragona),Muy bajo,Muy bajo,Muy bajo,Muy bajo,Muy bajo,Muy bajo,Muy bajo
L'Ametlla del Vallès (Barcelona),Muy bajo,Muy bajo,Muy bajo,Muy bajo,Muy bajo,Muy bajo,Muy bajo
L'Ampolla (Tarragona),Muy bajo,Muy bajo,Muy bajo,Muy bajo,Muy bajo,Muy bajo,Muy bajo
L'Arboç (Tarragona),Muy bajo,Muy bajo,Muy bajo,Muy bajo,Muy bajo,Muy bajo,Muy bajo
L'Argentera (Tarragona),Muy bajo,Muy bajo,Muy bajo,Muy bajo,Muy bajo,Muy bajo,Muy bajo
L'Armentera (Girona),Muy bajo,Muy bajo,Muy bajo,Muy bajo,Muy bajo,Muy bajo,Muy bajo
L'Escala (Girona),Muy bajo,Muy bajo,Muy bajo,Muy bajo,Muy bajo,Muy bajo,Muy bajo
L'Espluga de Francolí (Tarragona),Muy bajo,Muy bajo,Muy bajo,Muy bajo,Muy bajo,Muy bajo,Muy bajo
L'Esquirol (Barcelona),Muy bajo,Muy bajo,Muy bajo,Muy bajo,Muy bajo,Muy bajo,Bajo
L'Estany (Barcelona),Muy bajo,Muy bajo,Muy bajo,Muy bajo,Muy bajo,Muy bajo,Bajo
L'Hospitalet de Llobregat (Barcelona),Muy bajo,Muy bajo,Muy bajo,Muy bajo,Muy bajo,Muy bajo,Muy bajo
La Acebeda (Madrid),Muy bajo,Muy bajo,Muy bajo,Muy bajo,Muy bajo,Bajo,Bajo
La Adrada (Ávila),Muy bajo,Muy bajo,Muy bajo,Muy bajo,Muy bajo,Bajo,Bajo
La Alameda de Gardón (Salamanca),Bajo,Muy bajo,Muy bajo,Bajo,Bajo,Bajo,Bajo
La Alamedilla (Salamanca),Bajo,Muy bajo,Muy bajo,Muy bajo,Bajo,Bajo,Bajo
La Alberca (Salamanca),Muy bajo,Muy bajo,Muy bajo,Muy bajo,Muy bajo,Bajo,Bajo
La Alberca de Záncara (Cuenca),Muy bajo,Muy bajo,Muy bajo,Muy bajo,Muy bajo,Bajo,Bajo
La Alberguería de Argañán (Salamanca),Muy bajo,Muy bajo,Muy bajo,Muy bajo,Bajo,Bajo,Bajo
La Albuera (Badajoz),Muy bajo,Muy bajo,Muy bajo,Muy bajo,Muy bajo,Muy bajo,Muy bajo
La Aldea de San Nicolás (Las Palmas),Muy bajo,Muy bajo,Muy bajo,Muy bajo,Muy bajo,Muy bajo,Muy bajo
La Aldea del Obispo (Cáceres),Muy bajo,Muy bajo,Muy bajo,Muy bajo,Muy bajo,Muy bajo,Muy bajo
La Aldehuela (Ávila),Muy bajo,Muy bajo,Muy bajo,Muy bajo,Bajo,Bajo,Bajo
La Algaba (Sevilla),Bajo,Muy bajo,Muy bajo,Bajo,Moderado,Moderado,Bajo
La Almarcha (Cuenca),Muy bajo,Muy bajo,Muy bajo,Bajo,Muy bajo,Bajo,Bajo
La Almolda (Zaragoza),Muy bajo,Muy bajo,Muy bajo,Moderado,Bajo,Muy bajo,Bajo
La Almunia de Doña Godina (Zaragoza),Muy bajo,Muy bajo,Muy bajo,Muy bajo,Muy bajo,Muy bajo,Muy bajo
La Antigua (León),Muy bajo,Bajo,Muy bajo,Muy bajo,Muy bajo,Bajo,Bajo
La Atalaya (Salamanca),Muy bajo,Muy bajo,Muy bajo,Muy bajo,Bajo,Bajo,Bajo
La Bastida (Salamanca),Muy bajo,Muy bajo,Muy bajo,Muy bajo,Muy bajo,Bajo,Bajo
La Bañeza (León),Muy bajo,Bajo,Muy bajo,Muy bajo,Muy bajo,Bajo,Bajo
La Bisbal d'Empordà (Girona),Muy bajo,Muy bajo,Muy bajo,Muy bajo,Muy bajo,Muy bajo,Muy bajo
La Bisbal de Montsant (Tarragona),Muy bajo,Muy bajo,Muy bajo,Muy bajo,Muy bajo,Muy bajo,Muy bajo
La Bisbal del Penedès (Tarragona),Muy bajo,Muy bajo,Muy bajo,Muy bajo,Muy bajo,Muy bajo,Muy bajo
La Bodera (Guadalajara),Muy bajo,Muy bajo,Muy bajo,Muy bajo,Muy bajo,Muy bajo,Muy bajo
La Bouza (Salamanca),Bajo,Muy bajo,Muy bajo,Muy bajo,Bajo,Bajo,Bajo
La Bóveda de Toro (Zamora),Muy bajo,Muy bajo,Muy bajo,Muy bajo,Muy bajo,Bajo,Bajo
La Cabeza de Béjar (Salamanca),Muy bajo,Muy bajo,Muy bajo,Muy bajo,Bajo,Bajo,Bajo
La Cabrera (Madrid),Muy bajo,Muy bajo,Muy bajo,Muy bajo,Muy bajo,Bajo,Bajo
La Calahorra (Granada),Muy bajo,Muy bajo,Muy bajo,Muy bajo,Muy bajo,Muy bajo,Muy bajo
La Calzada de Béjar (Salamanca),Muy bajo,Muy bajo,Muy bajo,Muy bajo,Bajo,Bajo,Bajo
La Campana (Sevilla),Bajo,Muy bajo,Muy bajo,Muy bajo,Bajo,Bajo,Bajo
La Canonja (Tarragona),Muy bajo,Muy bajo,Muy bajo,Muy bajo,Muy bajo,Muy bajo,Muy bajo
La Carlota (Córdoba),Muy bajo,Muy bajo,Muy bajo,Muy bajo,Bajo,Muy bajo,Muy bajo
La Carolina (Jaén),Muy bajo,Muy bajo,Muy bajo,Muy bajo,Muy bajo,Muy bajo,Bajo
La Carrera (Ávila),Muy bajo,Muy bajo,Muy bajo,Muy bajo,Muy bajo,Bajo,Bajo
La Cañada de Verich (Teruel),Muy bajo,Muy bajo,Muy bajo,Muy bajo,Muy bajo,Muy bajo,Muy bajo
La Cellera de Ter (Girona),Muy bajo,Muy bajo,Muy bajo,Muy bajo,Muy bajo,Muy bajo,Muy bajo
La Cerollera (Teruel),Muy bajo,Muy bajo,Muy bajo,Muy bajo,Muy bajo,Muy bajo,Muy bajo
La Cierva (Cuenca),Muy bajo,Muy bajo,Muy bajo,Muy bajo,Muy bajo,Bajo,Bajo
La Codosera (Badajoz),Muy bajo,Muy bajo,Muy bajo,Muy bajo,Muy bajo,Bajo,Bajo
La Codoñera (Teruel),Muy bajo,Muy bajo,Muy bajo,Muy bajo,Muy bajo,Muy bajo,Muy bajo
La Colilla (Ávila),Muy bajo,Muy bajo,Muy bajo,Bajo,Bajo,Bajo,Bajo
La Coronada (Badajoz),Muy bajo,Muy bajo,Muy bajo,Muy bajo,Muy bajo,Muy bajo,Muy bajo
La Cuba (Teruel),Muy bajo,Muy bajo,Muy bajo,Muy bajo,Muy bajo,Muy bajo,Bajo
La Cueva de Roa (Burgos),Muy bajo,Muy bajo,Muy bajo,Muy bajo,Muy bajo,Muy bajo,Bajo
La Cumbre (Cáceres),Muy bajo,Muy bajo,Muy bajo,Muy bajo,Muy bajo,Muy bajo,Muy bajo
La Encina (Salamanca),Muy bajo,Muy bajo,Muy bajo,Muy bajo,Bajo,Bajo,Bajo
La Ercina (León),Muy bajo,Muy bajo,Muy bajo,Muy bajo,Muy bajo,Muy bajo,Bajo
La Estrella (Toledo),Muy bajo,Muy bajo,Muy bajo,Muy bajo,Muy bajo,Muy bajo,Muy bajo
La Fatarella (Tarragona),Muy bajo,Muy bajo,Muy bajo,Muy bajo,Muy bajo,Muy bajo,Muy bajo
La Febró (Tarragona),Muy bajo,Muy bajo,Muy bajo,Muy bajo,Muy bajo,Muy bajo,Muy bajo
La Figuera (Tarragona),Muy bajo,Muy bajo,Muy bajo,Muy bajo,Muy bajo,Muy bajo,Muy bajo
La Fregeneda (Salamanca),Bajo,Muy bajo,Muy bajo,Bajo,Bajo,Bajo,Bajo
La Fresneda (Teruel),Muy bajo,Muy bajo,Muy bajo,Muy bajo,Muy bajo,Muy bajo,Muy bajo
La Frontera (Cuenca),Muy bajo,Muy bajo,Muy bajo,Muy bajo,Muy bajo,Bajo,Muy bajo
La Fuente de San Esteban (Salamanca),Muy bajo,Muy bajo,Muy bajo,Muy bajo,Bajo,Bajo,Bajo
La Fueva (Huesca),Muy bajo,Muy bajo,Muy bajo,Muy bajo,Muy bajo,Bajo,Bajo
La Galera (Tarragona),Muy bajo,Muy bajo,Muy bajo,Muy bajo,Muy bajo,Muy bajo,Muy bajo
La Gallega (Burgos),Bajo,Bajo,Muy bajo,Muy bajo,Muy bajo,Bajo,Bajo
La Garganta (Cáceres),Muy bajo,Muy bajo,Muy bajo,Muy bajo,Bajo,Bajo,Bajo
La Garriga (Barcelona),Muy bajo,Muy bajo,Muy bajo,Muy bajo,Muy bajo,Muy bajo,Muy bajo
La Garrovilla (Badajoz),Muy bajo,Muy bajo,Muy bajo,Muy bajo,Muy bajo,Bajo,Bajo
La Ginebrosa (Teruel),Muy bajo,Muy bajo,Muy bajo,Muy bajo,Muy bajo,Muy bajo,Muy bajo
La Gineta (Albacete),Muy bajo,Muy bajo,Muy bajo,Muy bajo,Muy bajo,Bajo,Bajo
La Granada (Barcelona),Muy bajo,Muy bajo,Muy bajo,Muy bajo,Muy bajo,Muy bajo,Muy bajo
La Granada de Río-Tinto (Huelva),Muy bajo,Muy bajo,Muy bajo,Muy bajo,Bajo,Bajo,Bajo
La Granja (Cáceres),Muy bajo,Muy bajo,Muy bajo,Muy bajo,Muy bajo,Bajo,Bajo
La Granjuela (Córdoba),Muy bajo,Muy bajo,Muy bajo,Muy bajo,Bajo,Muy bajo,Bajo
La Guancha (Tenerife),Muy bajo,Muy bajo,Muy bajo,Muy bajo,Muy bajo,Muy bajo,Muy bajo
La Guardia (Toledo),Muy bajo,Muy bajo,Muy bajo,Muy bajo,Muy bajo,Muy bajo,Muy bajo
La Guardia de Jaén (Jaén),Muy bajo,Muy bajo,Muy bajo,Muy bajo,Muy bajo,Muy bajo,Muy bajo
La Guijarrosa (Córdoba),Muy bajo,Muy bajo,Muy bajo,Muy bajo,Muy bajo,Muy bajo,Muy bajo
La Haba (Badajoz),Muy bajo,Muy bajo,Muy bajo,Muy bajo,Muy bajo,Muy bajo,Muy bajo
La Herrera (Albacete),Muy bajo,Bajo,Bajo,Bajo,Bajo,Bajo,Bajo
La Hija de Dios (Ávila),Muy bajo,Muy bajo,Muy bajo,Muy bajo,Bajo,Bajo,Bajo
La Hiniesta (Zamora),Muy bajo,Muy bajo,Muy bajo,Muy bajo,Muy bajo,Muy bajo,Muy bajo
La Hinojosa (Cuenca),Muy bajo,Muy bajo,Muy bajo,Muy bajo,Muy bajo,Bajo,Bajo
La Hiruela (Madrid),Muy bajo,Muy bajo,Muy bajo,Muy bajo,Muy bajo,Bajo,Bajo
La Horcajada (Ávila),Muy bajo,Muy bajo,Muy bajo,Muy bajo,Bajo,Bajo,Bajo
La Horra (Burgos),Muy bajo,Bajo,Muy bajo,Muy bajo,Bajo,Bajo,Bajo
La Hoya (Salamanca),Muy bajo,Muy bajo,Muy bajo,Muy bajo,Bajo,Bajo,Bajo
La Hoz de la Vieja (Teruel),Muy bajo,Muy bajo,Muy bajo,Muy bajo,Muy bajo,Muy bajo,Bajo
La Huerce (Guadalajara),Muy bajo,Muy bajo,Muy bajo,Muy bajo,Muy bajo,Bajo,Bajo
La Iglesuela del Cid (Teruel),Muy bajo,Muy bajo,Muy bajo,Muy bajo,Muy bajo,Muy bajo,Bajo
La Iglesuela del Tiétar (Toledo),Muy bajo,Muy bajo,Muy bajo,Muy bajo,Muy bajo,Bajo,Bajo
La Iruela (Jaén),Muy bajo,Muy bajo,Muy bajo,Muy bajo,Muy bajo,Muy bajo,Muy bajo
La Jonquera (Girona),Muy bajo,Muy bajo,Muy bajo,Muy bajo,Muy bajo,Muy bajo,Muy bajo
La Joyosa (Zaragoza),Muy bajo,Muy bajo,Muy bajo,Muy bajo,Bajo,Muy bajo,Muy bajo
La Lapa (Badajoz),Muy bajo,Muy bajo,Muy bajo,Muy bajo,Muy bajo,Muy bajo,Muy bajo
La Lastrilla (Segovia),Muy bajo,Bajo,Muy bajo,Muy bajo,Muy bajo,Bajo,Bajo
La Llacuna (Barcelona),Muy bajo,Muy bajo,Muy bajo,Muy bajo,Muy bajo,Muy bajo,Muy bajo
La Llagosta (Barcelona),Muy bajo,Muy bajo,Muy bajo,Muy bajo,Muy bajo,Muy bajo,Muy bajo
La Losa (Segovia),Muy bajo,Muy bajo,Muy bajo,Muy bajo,Muy bajo,Bajo,Bajo
La Losilla (Soria),Muy bajo,Muy bajo,Muy bajo,Muy bajo,Muy bajo,Bajo,Bajo
La Luisiana (Sevilla),Muy bajo,Muy bajo,Muy bajo,Muy bajo,Muy bajo,Muy bajo,Muy bajo
La Línea de la Concepción (Cádiz),Muy bajo,Muy bajo,Muy bajo,Muy bajo,Muy bajo,Muy bajo,Muy bajo
La Malahá (Granada),Bajo,Muy bajo,Muy bajo,Muy bajo,Muy bajo,Muy bajo,Muy bajo
La Mata (Toledo),Muy bajo,Muy bajo,Muy bajo,Muy bajo,Muy bajo,Muy bajo,Muy bajo
La Mata de Ledesma (Salamanca),Muy bajo,Muy bajo,Muy bajo,Muy bajo,Bajo,Bajo,Bajo
La Mata de los Olmos (Teruel),Muy bajo,Muy bajo,Muy bajo,Muy bajo,Muy bajo,Muy bajo,Muy bajo
La Matanza de Acentejo (Tenerife),Muy bajo,Muy bajo,Muy bajo,Muy bajo,Muy bajo,Muy bajo,Muy bajo
La Matilla (Segovia),Bajo,Muy bajo,Muy bajo,Muy bajo,Muy bajo,Bajo,Bajo
La Maya (Salamanca),Muy bajo,Muy bajo,Muy bajo,Muy bajo,Bajo,Bajo,Bajo
La Mierla (Guadalajara),Muy bajo,Muy bajo,Muy bajo,Muy bajo,Muy bajo,Muy bajo,Muy bajo
La Miñosa (Guadalajara),Muy bajo,Muy bajo,Muy bajo,Muy bajo,Muy bajo,Bajo,Bajo
La Mojonera (Almería),Muy bajo,Muy bajo,Muy bajo,Muy bajo,Muy bajo,Muy bajo,Muy bajo
La Morera (Badajoz),Muy bajo,Muy bajo,Muy bajo,Muy bajo,Muy bajo,Muy bajo,Muy bajo
La Morera de Montsant (Tarragona),Muy bajo,Muy bajo,Muy bajo,Muy bajo,Muy bajo,Muy bajo,Muy bajo
La Mudarra (Valladolid),Muy bajo,Muy bajo,Muy bajo,Muy bajo,Bajo,Bajo,Bajo
La Muela (Zaragoza),Muy bajo,Muy bajo,Muy bajo,Muy bajo,Bajo,Muy bajo,Bajo
La Nava (Huelva),Muy bajo,Muy bajo,Muy bajo,Muy bajo,Bajo,Bajo,Bajo
La Nava de Ricomalillo (Toledo),Muy bajo,Muy bajo,Muy bajo,Muy bajo,Muy bajo,Muy bajo,Muy bajo
La Nava de Santiago (Badajoz),Muy bajo,Muy bajo,Muy bajo,Muy bajo,Muy bajo,Bajo,Bajo
La Nou de Berguedà (Barcelona),Muy bajo,Muy bajo,Muy bajo,Muy bajo,Muy bajo,Bajo,Bajo
La Nou de Gaià (Tarragona),Muy bajo,Muy bajo,Muy bajo,Muy bajo,Muy bajo,Muy bajo,Muy bajo
La Oliva (Las Palmas),Muy bajo,Muy bajo,Muy bajo,Muy bajo,Muy bajo,Muy bajo,Muy bajo
La Olmeda de Jadraque (Guadalajara),Muy bajo,Muy bajo,Muy bajo,Muy bajo,Muy bajo,Muy bajo,Muy bajo
La Orbada (Salamanca),Muy bajo,Muy bajo,Muy bajo,Muy bajo,Muy bajo,Muy bajo,Muy bajo
La Orotava (Tenerife),Muy bajo,Muy bajo,Muy bajo,Muy bajo,Muy bajo,Muy bajo,Muy bajo
La Palma d'Ebre (Tarragona),Muy bajo,Muy bajo,Muy bajo,Muy bajo,Muy bajo,Muy bajo,Muy bajo
La Palma de Cervelló (Barcelona),Muy bajo,Muy bajo,Muy bajo,Muy bajo,Muy bajo,Muy bajo,Muy bajo
La Palma del Condado (Huelva),Bajo,Muy bajo,Bajo,Bajo,Muy alto,Moderado,Bajo
La Parra (Badajoz),Muy bajo,Muy bajo,Muy bajo,Muy bajo,Muy bajo,Muy bajo,Muy bajo
La Parra de las Vegas (Cuenca),Muy bajo,Muy bajo,Muy bajo,Muy bajo,Muy bajo,Bajo,Muy bajo
La Parrilla (Valladolid),Muy bajo,Muy bajo,Muy bajo,Muy bajo,Muy bajo,Muy bajo,Bajo
La Pedraja de Portillo (Valladolid),Muy bajo,Muy bajo,Muy bajo,Muy bajo,Muy bajo,Muy bajo,Bajo
La Pera (Girona),Muy bajo,Muy bajo,Muy bajo,Muy bajo,Muy bajo,Muy bajo,Muy bajo
La Peraleja (Cuenca),Muy bajo,Muy bajo,Muy bajo,Muy bajo,Muy bajo,Muy bajo,Muy bajo
La Pernía (Palencia),Muy bajo,Bajo,Muy bajo,Muy bajo,Muy bajo,Muy bajo,Bajo
La Pesga (Cáceres),Muy bajo,Muy bajo,Muy bajo,Muy bajo,Muy bajo,Muy bajo,Bajo
La Pesquera (Cuenca),Muy bajo,Muy bajo,Muy bajo,Muy bajo,Muy bajo,Muy bajo,Muy bajo
La Peza (Granada),Bajo,Muy bajo,Muy bajo,Muy bajo,Muy bajo,Muy bajo,Muy bajo
La Peña (Salamanca),Bajo,Muy bajo,Muy bajo,Bajo,Bajo,Bajo,Bajo
La Pobla de Claramunt (Barcelona),Muy bajo,Muy bajo,Muy bajo,Muy bajo,Muy bajo,Muy bajo,Muy bajo
La Pobla de Lillet (Barcelona),Muy bajo,Muy bajo,Muy bajo,Muy bajo,Muy bajo,Bajo,Bajo
La Pobla de Mafumet (Tarragona),Muy bajo,Muy bajo,Muy bajo,Muy bajo,Muy bajo,Muy bajo,Muy bajo
La Pobla de Massaluca (Tarragona),Muy bajo,Muy bajo,Muy bajo,Muy bajo,Muy bajo,Muy bajo,Muy bajo
La Pobla de Montornès (Tarragona),Muy bajo,Muy bajo,Muy bajo,Muy bajo,Muy bajo,Muy bajo,Muy bajo
La Pola de Gordón (León),Muy bajo,Muy bajo,Muy bajo,Muy bajo,Muy bajo,Muy bajo,Bajo
La Portellada (Teruel),Muy bajo,Muy bajo,Muy bajo,Muy bajo,Muy bajo,Muy bajo,Muy bajo
La Puebla de Alfindén (Zaragoza),Muy bajo,Muy bajo,Muy bajo,Muy bajo,Bajo,Muy bajo,Muy bajo
La Puebla de Almoradiel (Toledo),Muy bajo,Muy bajo,Muy bajo,Muy bajo,Muy bajo,Muy bajo,Muy bajo
La Puebla de Arganzón (Burgos),Muy bajo,Bajo,Muy bajo,Muy bajo,Muy bajo,Bajo,Bajo
La Puebla de Castro (Huesca),Muy bajo,Muy bajo,Muy bajo,Muy bajo,Muy bajo,Bajo,Bajo
La Puebla de Cazalla (Sevilla),Moderado,Muy bajo,Muy bajo,Muy bajo,Bajo,Bajo,Bajo
La Puebla de Híjar (Teruel),Muy bajo,Muy bajo,Muy bajo,Bajo,Bajo,Bajo,Bajo
La Puebla de Montalbán (Toledo),Muy bajo,Muy bajo,Muy bajo,Muy bajo,Muy bajo,Muy bajo,Muy bajo
La Puebla de Valdavia (Palencia),Muy bajo,Bajo,Muy bajo,Muy bajo,Muy bajo,Bajo,Bajo
La Puebla de Valverde (Teruel),Muy bajo,Muy bajo,Muy bajo,Muy bajo,Muy bajo,Muy bajo,Muy bajo
La Puebla de los Infantes (Sevilla),Muy bajo,Muy bajo,Muy bajo,Muy bajo,Bajo,Bajo,Bajo
La Puebla del Río (Sevilla),Bajo,Muy bajo,Muy bajo,Bajo,Bajo,Bajo,Bajo
La Pueblanueva (Toledo),Muy bajo,Muy bajo,Muy bajo,Muy bajo,Muy bajo,Muy bajo,Muy bajo
La Puerta de Segura (Jaén),Bajo,Bajo,Muy bajo,Muy bajo,Muy bajo,Bajo,Bajo
La Póveda de Soria (Soria),Muy bajo,Bajo,Muy bajo,Muy bajo,Muy bajo,Bajo,Bajo
La Rambla (Córdoba),Muy bajo,Muy bajo,Muy bajo,Muy bajo,Bajo,Muy bajo,Muy bajo
La Recueja (Albacete),Muy bajo,Muy bajo,Muy bajo,Muy bajo,Muy bajo,Muy bajo,Muy bajo
La Redonda (Salamanca),Bajo,Muy bajo,Muy bajo,Muy bajo,Bajo,Bajo,Bajo
La Revilla y Ahedo (Burgos),Bajo,Bajo,Muy bajo,Bajo,Bajo,Bajo,Moderado
La Riba (Tarragona),Muy bajo,Muy bajo,Muy bajo,Muy bajo,Muy bajo,Muy bajo,Muy bajo
La Riba de Escalote (Soria),Muy bajo,Muy bajo,Muy bajo,Bajo,Muy bajo,Bajo,Bajo
La Riera de Gaià (Tarragona),Muy bajo,Muy bajo,Muy bajo,Muy bajo,Muy bajo,Muy bajo,Muy bajo
La Rinconada (Sevilla),Muy bajo,Muy bajo,Muy bajo,Muy bajo,Moderado,Bajo,Bajo
La Rinconada de la Sierra (Salamanca),Muy bajo,Muy bajo,Muy bajo,Muy bajo,Muy bajo,Bajo,Bajo
La Robla (León),Muy bajo,Muy bajo,Muy bajo,Muy bajo,Muy bajo,Muy bajo,Bajo
La Roca de la Sierra (Badajoz),Muy bajo,Muy bajo,Muy bajo,Muy bajo,Muy bajo,Bajo,Bajo
La Roca del Vallès (Barcelona),Muy bajo,Muy bajo,Muy bajo,Muy bajo,Muy bajo,Muy bajo,Muy bajo
La Roda (Albacete),Muy bajo,Muy bajo,Muy bajo,Muy bajo,Muy bajo,Bajo,Bajo
La Roda de Andalucía (Sevilla),Bajo,Muy bajo,Muy bajo,Muy bajo,Muy bajo,Muy bajo,Muy bajo
La Ràpita (Tarragona),Muy bajo,Muy bajo,Muy bajo,Muy bajo,Muy bajo,Muy bajo,Muy bajo
La Sagrada (Salamanca),Muy bajo,Muy bajo,Muy bajo,Muy bajo,Bajo,Bajo,Bajo
La Seca (Valladolid),Muy bajo,Muy bajo,Muy bajo,Muy bajo,Muy bajo,Muy bajo,Bajo
La Secuita (Tarragona),Muy bajo,Muy bajo,Muy bajo,Muy bajo,Muy bajo,Muy bajo,Muy bajo
La Selva de Mar (Girona),Muy bajo,Muy bajo,Muy bajo,Muy bajo,Bajo,Muy bajo,Muy bajo
La Selva del Camp (Tarragona),Muy bajo,Muy bajo,Muy bajo,Muy bajo,Muy bajo,Muy bajo,Muy bajo
La Sequera de Haza (Burgos),Muy bajo,Muy bajo,Muy bajo,Muy bajo,Muy bajo,Muy bajo,Bajo
La Serna (Palencia),Muy bajo,Bajo,Bajo,Muy bajo,Bajo,Bajo,Bajo
La Serna del Monte (Madrid),Muy bajo,Muy bajo,Muy bajo,Muy bajo,Muy bajo,Bajo,Bajo
La Serrada (Ávila),Muy bajo,Muy bajo,Muy bajo,Bajo,Bajo,Bajo,Bajo
La Sierpe (Salamanca),Muy bajo,Muy bajo,Muy bajo,Bajo,Bajo,Bajo,Bajo
La Solana (Ciudad Real),Muy bajo,Muy bajo,Muy bajo,Muy bajo,Muy bajo,Muy bajo,Muy bajo
La Sotonera (Huesca),Muy bajo,Muy bajo,Muy bajo,Muy bajo,Muy bajo,Muy bajo,Bajo
La Sénia (Tarragona),Muy bajo,Muy bajo,Muy bajo,Muy bajo,Muy bajo,Muy bajo,Muy bajo
La Taha (Granada),Muy bajo,Muy bajo,Muy bajo,Muy bajo,Muy bajo,Muy bajo,Muy bajo
La Tala (Salamanca),Muy bajo,Muy bajo,Muy bajo,Muy bajo,Bajo,Bajo,Bajo
La Tallada d'Empordà (Girona),Muy bajo,Muy bajo,Muy bajo,Muy bajo,Muy bajo,Muy bajo,Muy bajo
La Toba (Guadalajara),Muy bajo,Muy bajo,Muy bajo,Muy bajo,Muy bajo,Muy bajo,Muy bajo
La Torre (Ávila),Muy bajo,Muy bajo,Muy bajo,Muy bajo,Muy bajo,Bajo,Bajo
La Torre de Claramunt (Barcelona),Muy bajo,Muy bajo,Muy bajo,Muy bajo,Muy bajo,Muy bajo,Muy bajo
La Torre de Esteban Hambrán (Toledo),Muy bajo,Muy bajo,Muy bajo,Muy bajo,Muy bajo,Muy bajo,Muy bajo
La Torre de Fontaubella (Tarragona),Muy bajo,Muy bajo,Muy bajo,Muy bajo,Muy bajo,Muy bajo,Muy bajo
La Torre de l'Espanyol (Tarragona),Muy bajo,Muy bajo,Muy bajo,Muy bajo,Muy bajo,Muy bajo,Muy bajo
La Torre del Valle (Zamora),Muy bajo,Bajo,Muy bajo,Muy bajo,Muy bajo,Bajo,Bajo
La Unión (Murcia),Muy bajo,Muy bajo,Muy bajo,Muy bajo,Muy bajo,Muy bajo,Muy bajo
La Unión de Campos (Valladolid),Muy bajo,Bajo,Muy bajo,Bajo,Bajo,Bajo,Bajo
La Vajol (Girona),Muy bajo,Muy bajo,Muy bajo,Muy bajo,Muy bajo,Muy bajo,Muy bajo
La Vall d'en Bas (Girona),Muy bajo,Muy bajo,Muy bajo,Muy bajo,Muy bajo,Muy bajo,Bajo
La Vall de Bianya (Girona),Muy bajo,Muy bajo,Muy bajo,Muy bajo,Muy bajo,Muy bajo,Bajo
La Vecilla (León),Muy bajo,Muy bajo,Muy bajo,Muy bajo,Muy bajo,Muy bajo,Bajo
La Vellés (Salamanca),Muy bajo,Muy bajo,Muy bajo,Muy bajo,Muy bajo,Muy bajo,Bajo
La Victoria (Córdoba),Muy bajo,Muy bajo,Muy bajo,Muy bajo,Bajo,Muy bajo,Muy bajo
La Victoria de Acentejo (Tenerife),Muy bajo,Muy bajo,Muy bajo,Muy bajo,Muy bajo,Muy bajo,Muy bajo
La Vid de Bureba (Burgos),Muy bajo,Bajo,Bajo,Muy bajo,Muy bajo,Muy bajo,Bajo
La Vid de Ojeda (Palencia),Muy bajo,Bajo,Bajo,Muy bajo,Muy bajo,Bajo,Bajo
La Vid y Barrios (Burgos),Muy bajo,Muy bajo,Muy bajo,Muy bajo,Muy bajo,Bajo,Bajo
La Vilella Alta (Tarragona),Muy bajo,Muy bajo,Muy bajo,Muy bajo,Muy bajo,Muy bajo,Muy bajo
La Vilella Baixa (Tarragona),Muy bajo,Muy bajo,Muy bajo,Muy bajo,Muy bajo,Muy bajo,Muy bajo
La Villa de Don Fadrique (Toledo),Muy bajo,Muy bajo,Muy bajo,Muy bajo,Muy bajo,Muy bajo,Muy bajo
La Vilueña (Zaragoza),Muy bajo,Muy bajo,Muy bajo,Muy bajo,Muy bajo,Muy bajo,Muy bajo
La Vídola (Salamanca),Bajo,Muy bajo,Muy bajo,Bajo,Bajo,Bajo,Bajo
La Yesa (Valencia),Muy bajo,Muy bajo,Muy bajo,Muy bajo,Muy bajo,Muy bajo,Muy bajo
La Yunta (Guadalajara),Muy bajo,Muy bajo,Muy bajo,Muy bajo,Muy bajo,Bajo,Bajo
La Zaida (Zaragoza),Muy bajo,Muy bajo,Muy bajo,Bajo,Bajo,Bajo,Bajo
La Zarza (Badajoz),Muy bajo,Muy bajo,Muy bajo,Muy bajo,Muy bajo,Bajo,Bajo
La Zarza (Valladolid),Muy bajo,Muy bajo,Muy bajo,Muy bajo,Muy bajo,Muy bajo,Bajo
La Zarza de Pumareda (Salamanca),Bajo,Muy bajo,Muy bajo,Bajo,Bajo,Bajo,Bajo
La Zarza-Perrunal (Huelva),Bajo,Muy bajo,Muy bajo,Muy bajo,Bajo,Bajo,Bajo
La Zoma (Teruel),Muy bajo,Muy bajo,Muy bajo,Muy bajo,Muy bajo,Muy bajo,Muy bajo
La Zubia (Granada),Muy bajo,Muy bajo,Muy bajo,Muy bajo,Muy bajo,Muy bajo,Muy bajo
Labajos (Segovia),Muy bajo,Muy bajo,Muy bajo,Muy bajo,Muy bajo,Bajo,Bajo
Labastida/Bastida (Álava),Muy bajo,Bajo,Muy bajo,Muy bajo,Muy bajo,Muy bajo,Bajo
Labuerda (Huesca),Muy bajo,Muy bajo,Muy bajo,Muy bajo,Muy bajo,Bajo,Bajo
Ladrillar (Cáceres),Muy bajo,Muy bajo,Muy bajo,Muy bajo,Muy bajo,Bajo,Bajo
Lagartera (Toledo),Muy bajo,Muy bajo,Muy bajo,Muy bajo,Muy bajo,Bajo,Muy bajo
Lagartos (Palencia),Muy bajo,Muy bajo,Muy bajo,Muy bajo,Muy bajo,Bajo,Bajo
Lagata (Zaragoza),Muy bajo,Muy bajo,Muy bajo,Muy bajo,Muy bajo,Muy bajo,Muy bajo
Lagrán (Álava),Bajo,Bajo,Muy bajo,Muy bajo,Muy bajo,Muy bajo,Bajo
Laguardia (Álava),Muy bajo,Bajo,Muy bajo,Muy bajo,Muy bajo,Muy bajo,Bajo
Lagueruela (Teruel),Muy bajo,Muy bajo,Muy bajo,Muy bajo,Muy bajo,Muy bajo,Muy bajo
Laguna Dalga (León),Muy bajo,Bajo,Muy bajo,Muy bajo,Muy bajo,Bajo,Bajo
Laguna de Cameros (La Rioja),Bajo,Bajo,Muy bajo,Muy bajo,Muy bajo,Muy bajo,Bajo
Laguna de Contreras (Segovia),Muy bajo,Muy bajo,Muy bajo,Muy bajo,Muy bajo,Bajo,Bajo
Laguna de Duero (Valladolid),Muy bajo,Muy bajo,Muy bajo,Muy bajo,Muy bajo,Muy bajo,Bajo
Laguna de Negrillos (León),Muy bajo,Bajo,Muy bajo,Muy bajo,Muy bajo,Bajo,Bajo
Laguna del Marquesado (Cuenca),Muy bajo,Muy bajo,Muy bajo,Muy bajo,Muy bajo,Bajo,Bajo
Lagunaseca (Cuenca),Muy bajo,Muy bajo,Muy bajo,Muy bajo,Muy bajo,Bajo,Bajo
Lagunilla (Salamanca),Muy bajo,Muy bajo,Muy bajo,Muy bajo,Muy bajo,Muy bajo,Bajo
Lagunilla del Jubera (La Rioja),Bajo,Bajo,Muy bajo,Muy bajo,Muy bajo,Bajo,Bajo
Lahiguera (Jaén),Muy bajo,Muy bajo,Muy bajo,Muy bajo,Bajo,Muy bajo,Muy bajo
Lakuntza (Navarra),Moderado,Moderado,Muy bajo,Muy bajo,Muy bajo,Muy bajo,Bajo
Laluenga (Huesca),Muy bajo,Muy bajo,Muy bajo,Muy bajo,Muy bajo,Bajo,Bajo
Lalueza (Huesca),Muy bajo,Muy bajo,Muy bajo,Bajo,Muy bajo,Muy bajo,Bajo
Lalín (Pontevedra),Moderado,Muy bajo,Muy bajo,Bajo,Bajo,Bajo,Bajo
Lamasón (Cantabria),Muy bajo,Muy bajo,Muy bajo,Muy bajo,Muy bajo,Muy bajo,Bajo
Lana (Navarra),Bajo,Bajo,Muy bajo,Muy bajo,Muy bajo,Bajo,Bajo
Lanaja (Huesca),Muy bajo,Muy bajo,Muy bajo,Bajo,Bajo,Muy bajo,Bajo
Lanciego/Lantziego (Álava),Muy bajo,Bajo,Muy bajo,Muy bajo,Muy bajo,Muy bajo,Bajo
Landete (Cuenca),Muy bajo,Muy bajo,Muy bajo,Muy bajo,Muy bajo,Bajo,Muy bajo
Lanestosa (Vizcaya),Muy bajo,Bajo,Muy bajo,Muy bajo,Muy bajo,Muy bajo,Bajo
Langa (Ávila),Muy bajo,Muy bajo,Muy bajo,Muy bajo,Muy bajo,Muy bajo,Bajo
Langa de Duero (Soria),Muy bajo,Muy bajo,Muy bajo,Muy bajo,Muy bajo,Bajo,Bajo
Langa del Castillo (Zaragoza),Muy bajo,Muy bajo,Muy bajo,Muy bajo,Muy bajo,Muy bajo,Muy bajo
Langayo (Valladolid),Muy bajo,Muy bajo,Muy bajo,Muy bajo,Muy bajo,Bajo,Bajo
Langreo (Asturias),Bajo,Bajo,Muy bajo,Muy bajo,Muy bajo,Bajo,Moderado
Languilla (Segovia),Muy bajo,Muy bajo,Muy bajo,Muy bajo,Muy bajo,Bajo,Bajo
Lanjarón (Granada),Muy bajo,Muy bajo,Muy bajo,Muy bajo,Muy bajo,Muy bajo,Muy bajo
Lantadilla (Palencia),Muy bajo,Bajo,Muy bajo,Muy bajo,Bajo,Bajo,Bajo
Lantarón (Álava),Muy bajo,Bajo,Muy bajo,Muy bajo,Muy bajo,Muy bajo,Bajo
Lanteira (Granada),Muy bajo,Muy bajo,Muy bajo,Muy bajo,Muy bajo,Muy bajo,Muy bajo
Lantejuela (Sevilla),Bajo,Muy bajo,Muy bajo,Muy bajo,Muy bajo,Bajo,Bajo
Lantz (Navarra),Bajo,Moderado,Muy bajo,Muy bajo,Muy bajo,Muy bajo,Bajo
Lanzahíta (Ávila),Muy bajo,Muy bajo,Muy bajo,Muy bajo,Muy bajo,Muy bajo,Bajo
Lanzuela (Teruel),Muy bajo,Muy bajo,Muy bajo,Muy bajo,Muy bajo,Muy bajo,Muy bajo
Laperdiguera (Huesca),Muy bajo,Muy bajo,Muy bajo,Muy bajo,Muy bajo,Bajo,Bajo
Lapoblación (Navarra),Bajo,Bajo,Muy bajo,Muy bajo,Muy bajo,Muy bajo,Bajo
Lapuebla de Labarca (Álava),Muy bajo,Bajo,Muy bajo,Muy bajo,Muy bajo,Muy bajo,Bajo
Lardero (La Rioja),Muy bajo,Muy bajo,Muy bajo,Muy bajo,Muy bajo,Muy bajo,Muy bajo
Laredo (Cantabria),Muy bajo,Muy bajo,Muy bajo,Muy bajo,Muy bajo,Muy bajo,Muy bajo
Larouco (Ourense),Bajo,Bajo,Muy bajo,Muy bajo,Muy bajo,Bajo,Bajo
Laroya (Almería),Muy bajo,Muy bajo,Muy bajo,Muy bajo,Muy bajo,Muy bajo,Muy bajo
Larrabetzu (Vizcaya),Muy bajo,Bajo,Muy bajo,Muy bajo,Muy bajo,Muy bajo,Bajo
Larraga (Navarra),Muy bajo,Bajo,Muy bajo,Muy bajo,Muy bajo,Muy bajo,Bajo
Larraona (Navarra),Bajo,Bajo,Muy bajo,Muy bajo,Muy bajo,Muy bajo,Bajo
Larraul (Guipúzcoa),Bajo,Moderado,Muy bajo,Muy bajo,Muy bajo,Bajo,Moderado
Larraun (Navarra),Moderado,Alto,Muy bajo,Muy bajo,Muy bajo,Bajo,Bajo
Larrodrigo (Salamanca),Muy bajo,Muy bajo,Muy bajo,Muy bajo,Bajo,Bajo,Bajo
Larva (Jaén),Muy bajo,Muy bajo,Muy bajo,Muy bajo,Muy bajo,Muy bajo,Muy bajo
Las Aldehuelas (Soria),Muy bajo,Bajo,Muy bajo,Muy bajo,Muy bajo,Bajo,Bajo
Las Berlanas (Ávila),Muy bajo,Muy bajo,Muy bajo,Muy bajo,Muy bajo,Muy bajo,Bajo
Las Cabezas de San Juan (Sevilla),Moderado,Muy bajo,Muy bajo,Bajo,Bajo,Bajo,Bajo
Las Casas del Conde (Salamanca),Muy bajo,Muy bajo,Muy bajo,Muy bajo,Bajo,Bajo,Bajo
Las Cuerlas (Zaragoza),Muy bajo,Muy bajo,Muy bajo,Muy bajo,Muy bajo,Muy bajo,Muy bajo
Las Gabias (Granada),Bajo,Muy bajo,Muy bajo,Muy bajo,Muy bajo,Muy bajo,Muy bajo
Las Herencias (Toledo),Muy bajo,Muy bajo,Muy bajo,Muy bajo,Muy bajo,Muy bajo,Muy bajo
Las Hormazas (Burgos),Muy bajo,Bajo,Muy bajo,Muy bajo,Muy bajo,Bajo,Bajo
Las Inviernas (Guadalajara),Muy bajo,Muy bajo,Muy bajo,Muy bajo,Muy bajo,Bajo,Bajo
Las Labores (Ciudad Real),Muy bajo,Muy bajo,Muy bajo,Muy bajo,Muy bajo,Muy bajo,Muy bajo
Las Majadas (Cuenca),Muy bajo,Muy bajo,Muy bajo,Muy bajo,Muy bajo,Bajo,Bajo
Las Mesas (Cuenca),Muy bajo,Muy bajo,Muy bajo,Muy bajo,Muy bajo,Muy bajo,Muy bajo
Las Navas de Jadraque (Guadalajara),Muy bajo,Muy bajo,Muy bajo,Muy bajo,Muy bajo,Bajo,Bajo
Las Navas de la Concepción (Sevilla),Muy bajo,Muy bajo,Muy bajo,Muy bajo,Bajo,Bajo,Bajo
Las Navas del Marqués (Ávila),Muy bajo,Muy bajo,Muy bajo,Bajo,Muy bajo,Bajo,Bajo
Las Omañas (León),Muy bajo,Muy bajo,Muy bajo,Muy bajo,Muy bajo,Muy bajo,Bajo
Las Palmas de Gran Canaria (Las Palmas),Muy bajo,Muy bajo,Muy bajo,Muy bajo,Muy bajo,Muy bajo,Muy bajo
Las Parras de Castellote (Teruel),Muy bajo,Muy bajo,Muy bajo,Muy bajo,Muy bajo,Muy bajo,Muy bajo
Las Pedrosas (Zaragoza),Muy bajo,Muy bajo,Muy bajo,Muy bajo,Bajo,Muy bajo,Bajo
Las Pedroñeras (Cuenca),Muy bajo,Muy bajo,Muy bajo,Muy bajo,Muy bajo,Muy bajo,Muy bajo
Las Peñas de Riglos (Huesca),Muy bajo,Muy bajo,Muy bajo,Muy bajo,Muy bajo,Muy bajo,Bajo
Las Quintanillas (Burgos),Bajo,Bajo,Bajo,Bajo,Bajo,Bajo,Moderado
Las Regueras (Asturias),Muy bajo,Muy bajo,Muy bajo,Muy bajo,Muy bajo,Bajo,Bajo
Las Rozas de Madrid (Madrid),Muy bajo,Muy bajo,Muy bajo,Muy bajo,Muy bajo,Muy bajo,Muy bajo
Las Rozas de Valdearroyo (Cantabria),Muy bajo,Bajo,Muy bajo,Muy bajo,Muy bajo,Muy bajo,Bajo
Las Torres de Cotillas (Murcia),Muy bajo,Muy bajo,Muy bajo,Muy bajo,Muy bajo,Muy bajo,Muy bajo
Las Tres Villas (Almería),Muy bajo,Muy bajo,Muy bajo,Muy bajo,Muy bajo,Muy bajo,Muy bajo
Las Valeras (Cuenca),Muy bajo,Muy bajo,Muy bajo,Muy bajo,Muy bajo,Bajo,Bajo
Las Veguillas (Salamanca),Muy bajo,Muy bajo,Muy bajo,Muy bajo,Bajo,Bajo,Bajo
Las Ventas con Peña Aguilera (Toledo),Muy bajo,Muy bajo,Muy bajo,Muy bajo,Muy bajo,Muy bajo,Muy bajo
Las Ventas de Retamosa (Toledo),Muy bajo,Muy bajo,Muy bajo,Muy bajo,Muy bajo,Muy bajo,Muy bajo
Las Ventas de San Julián (Toledo),Muy bajo,Muy bajo,Muy bajo,Muy bajo,Muy bajo,Bajo,Bajo
Lasarte-Oria (Guipúzcoa),Muy bajo,Muy bajo,Muy bajo,Muy bajo,Muy bajo,Muy bajo,Muy bajo
Lascellas-Ponzano (Huesca),Muy bajo,Muy bajo,Muy bajo,Muy bajo,Muy bajo,Muy bajo,Bajo
Lascuarre (Huesca),Muy bajo,Muy bajo,Muy bajo,Muy bajo,Muy bajo,Bajo,Bajo
Laspaúles (Huesca),Muy bajo,Muy bajo,Muy bajo,Muy bajo,Muy bajo,Bajo,Moderado
Laspuña (Huesca),Muy bajo,Muy bajo,Muy bajo,Muy bajo,Muy bajo,Bajo,Bajo
Lastras de Cuéllar (Segovia),Muy bajo,Muy bajo,Muy bajo,Muy bajo,Muy bajo,Muy bajo,Bajo
Lastras del Pozo (Segovia),Bajo,Bajo,Muy bajo,Muy bajo,Muy bajo,Bajo,Bajo
Laudio/Llodio (Álava),Bajo,Moderado,Muy bajo,Muy bajo,Muy bajo,Muy bajo,Bajo
Laujar de Andarax (Almería),Muy bajo,Muy bajo,Muy bajo,Muy bajo,Muy bajo,Muy bajo,Muy bajo
Laukiz (Vizcaya),Muy bajo,Bajo,Muy bajo,Muy bajo,Muy bajo,Muy bajo,Bajo
Laviana (Asturias),Muy bajo,Bajo,Muy bajo,Muy bajo,Muy bajo,Bajo,Moderado
Laxe (A Coruña),Bajo,Bajo,Muy bajo,Muy bajo,Bajo,Bajo,Bajo
Layana (Zaragoza),Muy bajo,Muy bajo,Muy bajo,Muy bajo,Muy bajo,Muy bajo,Bajo
Layos (Toledo),Muy bajo,Muy bajo,Muy bajo,Muy bajo,Muy bajo,Muy bajo,Muy bajo
Laza (Ourense),Bajo,Muy bajo,Muy bajo,Muy bajo,Bajo,Bajo,Bajo
Lazagurría (Navarra),Bajo,Bajo,Muy bajo,Muy bajo,Muy bajo,Bajo,Bajo
Lazkao (Guipúzcoa),Moderado,Alto,Muy bajo,Muy bajo,Muy bajo,Bajo,Moderado
Leaburu (Guipúzcoa),Bajo,Moderado,Muy bajo,Muy bajo,Muy bajo,Bajo,Moderado
Leache/Leatxe (Navarra),Muy bajo,Bajo,Muy bajo,Muy bajo,Muy bajo,Muy bajo,Bajo
Lebrija (Sevilla),Bajo,Muy bajo,Muy bajo,Bajo,Bajo,Bajo,Bajo
Lechón (Zaragoza),Muy bajo,Muy bajo,Muy bajo,Muy bajo,Muy bajo,Muy bajo,Muy bajo
Leciñena (Zaragoza),Muy bajo,Muy bajo,Muy bajo,Muy bajo,Muy bajo,Muy bajo,Bajo
Lecrín (Granada),Muy bajo,Muy bajo,Muy bajo,Muy bajo,Muy bajo,Muy bajo,Muy bajo
Ledanca (Guadalajara),Muy bajo,Muy bajo,Muy bajo,Muy bajo,Muy bajo,Muy bajo,Muy bajo
"Ledanía de 09162, 09290, 09412 y 09606 (nan)",Bajo,Bajo,Muy bajo,Bajo,Bajo,Bajo,Moderado
"Ledanía de Castrillo de la Reina, Hacinas y Salas de los Infantes (nan)",Bajo,Bajo,Muy bajo,Bajo,Bajo,Bajo,Moderado
Ledanía de Hacinas y Salas de los Infantes (nan),Bajo,Bajo,Muy bajo,Muy bajo,Bajo,Bajo,Bajo
"Ledanía de Hacinas, Salas de los Infantes y Villanueva de Carazo (nan)",Bajo,Bajo,Muy bajo,Bajo,Bajo,Bajo,Moderado
Ledaña (Cuenca),Muy bajo,Muy bajo,Muy bajo,Muy bajo,Muy bajo,Muy bajo,Muy bajo
Ledesma (Salamanca),Muy bajo,Muy bajo,Muy bajo,Muy bajo,Bajo,Bajo,Bajo
Ledesma de la Cogolla (La Rioja),Bajo,Bajo,Muy bajo,Muy bajo,Muy bajo,Muy bajo,Bajo
Ledigos (Palencia),Muy bajo,Muy bajo,Muy bajo,Muy bajo,Muy bajo,Bajo,Bajo
Ledrada (Salamanca),Muy bajo,Muy bajo,Muy bajo,Muy bajo,Bajo,Bajo,Bajo
Leganiel (Cuenca),Muy bajo,Muy bajo,Muy bajo,Muy bajo,Muy bajo,Muy bajo,Muy bajo
Leganés (Madrid),Muy bajo,Muy bajo,Muy bajo,Muy bajo,Muy bajo,Muy bajo,Muy bajo
Legarda (Navarra),Muy bajo,Bajo,Muy bajo,Muy bajo,Muy bajo,Bajo,Bajo
Legaria (Navarra),Bajo,Bajo,Muy bajo,Muy bajo,Bajo,Bajo,Bajo
Legazpi (Guipúzcoa),Bajo,Moderado,Muy bajo,Muy bajo,Muy bajo,Muy bajo,Bajo
Legorreta (Guipúzcoa),Bajo,Alto,Muy bajo,Muy bajo,Muy bajo,Bajo,Moderado
Legutio (Álava),Bajo,Moderado,Muy bajo,Muy bajo,Muy bajo,Muy bajo,Bajo
Leintz-Gatzaga (Guipúzcoa),Bajo,Moderado,Muy bajo,Muy bajo,Muy bajo,Muy bajo,Bajo
Leioa (Vizcaya),Muy bajo,Muy bajo,Muy bajo,Muy bajo,Muy bajo,Muy bajo,Muy bajo
Leiro (Ourense),Bajo,Muy bajo,Muy bajo,Bajo,Bajo,Bajo,Bajo
Leitza (Navarra),Moderado,Alto,Muy bajo,Muy bajo,Muy bajo,Bajo,Moderado
Leiva (La Rioja),Muy bajo,Bajo,Bajo,Muy bajo,Bajo,Bajo,Bajo
Lekeitio (Vizcaya),Muy bajo,Muy bajo,Muy bajo,Muy bajo,Muy bajo,Muy bajo,Muy bajo
Lekunberri (Navarra),Moderado,Alto,Muy bajo,Muy bajo,Muy bajo,Bajo,Bajo
Lemoa (Vizcaya),Muy bajo,Moderado,Muy bajo,Muy bajo,Muy bajo,Muy bajo,Bajo
Lemoiz (Vizcaya),Bajo,Bajo,Muy bajo,Muy bajo,Muy bajo,Bajo,Bajo
Lena (Asturias),Muy bajo,Bajo,Muy bajo,Muy bajo,Muy bajo,Muy bajo,Bajo
Lentegí (Granada),Muy bajo,Muy bajo,Muy bajo,Muy bajo,Muy bajo,Muy bajo,Muy bajo
Leoz/Leotz (Navarra),Muy bajo,Bajo,Muy bajo,Muy bajo,Muy bajo,Muy bajo,Bajo
Lepe (Huelva),Muy bajo,Muy bajo,Muy bajo,Muy bajo,Moderado,Bajo,Bajo
Lerga (Navarra),Muy bajo,Bajo,Muy bajo,Muy bajo,Muy bajo,Muy bajo,Bajo
Lerma (Burgos),Bajo,Bajo,Muy bajo,Bajo,Bajo,Bajo,Bajo
Lerín (Navarra),Bajo,Bajo,Muy bajo,Muy bajo,Muy bajo,Muy bajo,Bajo
Les (Lleida),Bajo,Bajo,Muy bajo,Muy bajo,Muy bajo,Bajo,Moderado
Les Borges del Camp (Tarragona),Muy bajo,Muy bajo,Muy bajo,Muy bajo,Muy bajo,Muy bajo,Muy bajo
Les Cabanyes (Barcelona),Muy bajo,Muy bajo,Muy bajo,Muy bajo,Muy bajo,Muy bajo,Muy bajo
Les Franqueses del Vallès (Barcelona),Muy bajo,Muy bajo,Muy bajo,Muy bajo,Muy bajo,Muy bajo,Muy bajo
Les Masies de Roda (Barcelona),Muy bajo,Muy bajo,Muy bajo,Muy bajo,Muy bajo,Muy bajo,Bajo
Les Masies de Voltregà (Barcelona),Muy bajo,Muy bajo,Muy bajo,Muy bajo,Muy bajo,Muy bajo,Bajo
Les Piles (Tarragona),Muy bajo,Muy bajo,Muy bajo,Muy bajo,Muy bajo,Muy bajo,Bajo
Les Planes d'Hostoles (Girona),Muy bajo,Muy bajo,Muy bajo,Muy bajo,Muy bajo,Muy bajo,Bajo
Les Preses (Girona),Muy bajo,Muy bajo,Muy bajo,Muy bajo,Muy bajo,Muy bajo,Bajo
Lesaka (Navarra),Bajo,Moderado,Muy bajo,Muy bajo,Muy bajo,Bajo,Moderado
Letur (Albacete),Muy bajo,Muy bajo,Muy bajo,Muy bajo,Muy bajo,Muy bajo,Muy bajo
Letux (Zaragoza),Muy bajo,Muy bajo,Muy bajo,Muy bajo,Muy bajo,Muy bajo,Muy bajo
Leza (Álava),Muy bajo,Bajo,Muy bajo,Muy bajo,Muy bajo,Muy bajo,Bajo
Leza de Río Leza (La Rioja),Bajo,Bajo,Muy bajo,Muy bajo,Muy bajo,Muy bajo,Bajo
Lezama (Vizcaya),Muy bajo,Bajo,Muy bajo,Muy bajo,Muy bajo,Muy bajo,Bajo
Lezaun (Navarra),Bajo,Bajo,Muy bajo,Muy bajo,Muy bajo,Muy bajo,Bajo
Lezo (Guipúzcoa),Bajo,Moderado,Muy bajo,Muy bajo,Muy bajo,Bajo,Moderado
Lezuza (Albacete),Muy bajo,Bajo,Bajo,Bajo,Bajo,Bajo,Bajo
León (León),Muy bajo,Muy bajo,Muy bajo,Muy bajo,Muy bajo,Muy bajo,Muy bajo
Librilla (Murcia),Muy bajo,Muy bajo,Muy bajo,Muy bajo,Muy bajo,Muy bajo,Muy bajo
Libros (Teruel),Muy bajo,Muy bajo,Muy bajo,Muy bajo,Muy bajo,Muy bajo,Muy bajo
Liceras (Soria),Muy bajo,Bajo,Muy bajo,Bajo,Bajo,Bajo,Bajo
Lidón (Teruel),Muy bajo,Muy bajo,Muy bajo,Muy bajo,Muy bajo,Muy bajo,Bajo
Liendo (Cantabria),Muy bajo,Bajo,Muy bajo,Muy bajo,Muy bajo,Bajo,Bajo
Lillo (Toledo),Muy bajo,Muy bajo,Muy bajo,Muy bajo,Muy bajo,Muy bajo,Muy bajo
Limpias (Cantabria),Muy bajo,Muy bajo,Muy bajo,Muy bajo,Muy bajo,Bajo,Bajo
Linares (Jaén),Muy bajo,Muy bajo,Muy bajo,Muy bajo,Muy bajo,Muy bajo,Muy bajo
Linares de Mora (Teruel),Muy bajo,Muy bajo,Muy bajo,Muy bajo,Muy bajo,Muy bajo,Bajo
Linares de Riofrío (Salamanca),Muy bajo,Muy bajo,Muy bajo,Muy bajo,Bajo,Bajo,Bajo
Linares de la Sierra (Huelva),Muy bajo,Muy bajo,Muy bajo,Muy bajo,Bajo,Bajo,Bajo
Linyola (Lleida),Muy bajo,Muy bajo,Muy bajo,Muy bajo,Muy bajo,Muy bajo,Muy bajo
Litago (Zaragoza),Muy bajo,Muy bajo,Muy bajo,Muy bajo,Muy bajo,Muy bajo,Bajo
Lituénigo (Zaragoza),Muy bajo,Muy bajo,Muy bajo,Muy bajo,Muy bajo,Muy bajo,Bajo
Lizartza (Guipúzcoa),Moderado,Alto,Muy bajo,Muy bajo,Muy bajo,Bajo,Moderado
Lizoain-Arriasgoiti/Lizoainibar-Arriasgoiti (Navarra),Muy bajo,Bajo,Muy bajo,Muy bajo,Muy bajo,Muy bajo,Bajo
Liédena (Navarra),Muy bajo,Muy bajo,Muy bajo,Muy bajo,Muy bajo,Muy bajo,Bajo
Liérganes (Cantabria),Muy bajo,Muy bajo,Muy bajo,Muy bajo,Muy bajo,Bajo,Bajo
Liétor (Albacete),Muy bajo,Muy bajo,Muy bajo,Muy bajo,Muy bajo,Muy bajo,Muy bajo
Lladorre (Lleida),Bajo,Bajo,Bajo,Muy bajo,Muy bajo,Bajo,Moderado
Lladurs (Lleida),Muy bajo,Muy bajo,Muy bajo,Muy bajo,Muy bajo,Muy bajo,Bajo
Lladó (Girona),Muy bajo,Muy bajo,Muy bajo,Muy bajo,Muy bajo,Muy bajo,Muy bajo
Llagostera (Girona),Muy bajo,Muy bajo,Muy bajo,Muy bajo,Muy bajo,Muy bajo,Muy bajo
Llamas de la Ribera (León),Muy bajo,Muy bajo,Muy bajo,Muy bajo,Muy bajo,Bajo,Bajo
Llambilles (Girona),Muy bajo,Muy bajo,Muy bajo,Muy bajo,Muy bajo,Muy bajo,Muy bajo
Llanars (Girona),Muy bajo,Muy bajo,Muy bajo,Muy bajo,Muy bajo,Bajo,Bajo
Llanera (Asturias),Muy bajo,Muy bajo,Muy bajo,Muy bajo,Muy bajo,Bajo,Bajo
Llanera de Ranes (Valencia),Muy bajo,Muy bajo,Muy bajo,Muy bajo,Muy bajo,Muy bajo,Muy bajo
Llanes (Asturias),Muy bajo,Muy bajo,Muy bajo,Muy bajo,Muy bajo,Bajo,Bajo
Llano de Bureba (Burgos),Muy bajo,Bajo,Bajo,Muy bajo,Muy bajo,Bajo,Moderado
Llano de Olmedo (Valladolid),Muy bajo,Muy bajo,Muy bajo,Muy bajo,Muy bajo,Muy bajo,Bajo
Llanos del Caudillo (Ciudad Real),Muy bajo,Muy bajo,Muy bajo,Muy bajo,Muy bajo,Muy bajo,Muy bajo
Llançà (Girona),Muy bajo,Muy bajo,Muy bajo,Muy bajo,Muy bajo,Muy bajo,Muy bajo
Llardecans (Lleida),Muy bajo,Muy bajo,Muy bajo,Muy bajo,Muy bajo,Muy bajo,Muy bajo
Llaurí (Valencia),Muy bajo,Muy bajo,Muy bajo,Muy bajo,Muy bajo,Muy bajo,Muy bajo
Llavorsí (Lleida),Muy bajo,Muy bajo,Muy bajo,Muy bajo,Bajo,Moderado,Moderado
Lledó (Teruel),Muy bajo,Muy bajo,Muy bajo,Muy bajo,Muy bajo,Muy bajo,Muy bajo
Lleida (Lleida),Muy bajo,Muy bajo,Muy bajo,Muy bajo,Muy bajo,Muy bajo,Muy bajo
Llera (Badajoz),Muy bajo,Muy bajo,Muy bajo,Muy bajo,Muy bajo,Muy bajo,Muy bajo
Llerena (Badajoz),Muy bajo,Muy bajo,Muy bajo,Muy bajo,Bajo,Muy bajo,Muy bajo
Llers (Girona),Muy bajo,Muy bajo,Muy bajo,Muy bajo,Muy bajo,Muy bajo,Muy bajo
Lles de Cerdanya (Lleida),Muy bajo,Bajo,Muy bajo,Muy bajo,Bajo,Bajo,Moderado
Llimiana (Lleida),Muy bajo,Muy bajo,Muy bajo,Muy bajo,Muy bajo,Bajo,Bajo
Llinars del Vallès (Barcelona),Muy bajo,Muy bajo,Muy bajo,Muy bajo,Muy bajo,Muy bajo,Muy bajo
Lliçà d'Amunt (Barcelona),Muy bajo,Muy bajo,Muy bajo,Muy bajo,Muy bajo,Muy bajo,Muy bajo
Lliçà de Vall (Barcelona),Muy bajo,Muy bajo,Muy bajo,Muy bajo,Muy bajo,Muy bajo,Muy bajo
Llobera (Lleida),Muy bajo,Muy bajo,Muy bajo,Muy bajo,Muy bajo,Muy bajo,Bajo
Llocnou d'En Fenollet (Valencia),Muy bajo,Muy bajo,Muy bajo,Muy bajo,Muy bajo,Muy bajo,Muy bajo
Llocnou de Sant Jeroni (Valencia),Muy bajo,Muy bajo,Muy bajo,Muy bajo,Muy bajo,Muy bajo,Muy bajo
Llocnou de la Corona (Valencia),Muy bajo,Muy bajo,Muy bajo,Muy bajo,Muy bajo,Muy bajo,Muy bajo
Llombai (Valencia),Muy bajo,Muy bajo,Muy bajo,Muy bajo,Muy bajo,Muy bajo,Muy bajo
Llorac (Tarragona),Muy bajo,Muy bajo,Muy bajo,Muy bajo,Muy bajo,Muy bajo,Muy bajo
Llorenç del Penedès (Tarragona),Muy bajo,Muy bajo,Muy bajo,Muy bajo,Muy bajo,Muy bajo,Muy bajo
Lloret de Mar (Girona),Muy bajo,Muy bajo,Muy bajo,Muy bajo,Muy bajo,Muy bajo,Muy bajo
Lloret de Vistalegre (Baleares),Muy bajo,Muy bajo,Muy bajo,Muy bajo,Muy bajo,Muy bajo,Muy bajo
Lloseta (Baleares),Muy bajo,Muy bajo,Muy bajo,Muy bajo,Muy bajo,Muy bajo,Muy bajo
Llubí (Baleares),Muy bajo,Muy bajo,Muy bajo,Muy bajo,Muy bajo,Muy bajo,Muy bajo
Llucena/Lucena del Cid (Castellón),Muy bajo,Muy bajo,Muy bajo,Muy bajo,Bajo,Muy bajo,Muy bajo
Llucmajor (Baleares),Muy bajo,Muy bajo,Bajo,Muy bajo,Muy bajo,Muy bajo,Bajo
Llutxent (Valencia),Muy bajo,Muy bajo,Muy bajo,Muy bajo,Muy bajo,Muy bajo,Muy bajo
Lluçà (Barcelona),Muy bajo,Muy bajo,Muy bajo,Muy bajo,Muy bajo,Muy bajo,Bajo
Llíber (Alicante),Muy bajo,Muy bajo,Muy bajo,Muy bajo,Muy bajo,Muy bajo,Muy bajo
Llíria (Valencia),Muy bajo,Muy bajo,Muy bajo,Muy bajo,Muy bajo,Muy bajo,Muy bajo
Llívia (Girona),Muy bajo,Bajo,Bajo,Muy bajo,Bajo,Bajo,Moderado
Loarre (Huesca),Muy bajo,Muy bajo,Muy bajo,Muy bajo,Muy bajo,Muy bajo,Bajo
Lobeira (Ourense),Moderado,Bajo,Muy bajo,Muy bajo,Muy bajo,Bajo,Moderado
Lobera de Onsella (Zaragoza),Muy bajo,Bajo,Muy bajo,Muy bajo,Muy bajo,Muy bajo,Bajo
Lobios (Ourense),Bajo,Muy bajo,Muy bajo,Bajo,Bajo,Bajo,Moderado
Lobras (Granada),Muy bajo,Muy bajo,Muy bajo,Muy bajo,Muy bajo,Muy bajo,Muy bajo
Lobón (Badajoz),Muy bajo,Muy bajo,Muy bajo,Muy bajo,Muy bajo,Muy bajo,Muy bajo
Lodosa (Navarra),Bajo,Moderado,Muy bajo,Muy bajo,Bajo,Bajo,Bajo
Loeches (Madrid),Muy bajo,Muy bajo,Muy bajo,Muy bajo,Muy bajo,Muy bajo,Muy bajo
Logrosán (Cáceres),Muy bajo,Muy bajo,Muy bajo,Muy bajo,Muy bajo,Bajo,Bajo
Logroño (La Rioja),Muy bajo,Bajo,Muy bajo,Muy bajo,Muy bajo,Muy bajo,Bajo
Loiu (Vizcaya),Muy bajo,Bajo,Muy bajo,Muy bajo,Muy bajo,Muy bajo,Bajo
Loja (Granada),Bajo,Muy bajo,Muy bajo,Muy bajo,Muy bajo,Muy bajo,Muy bajo
Loma de Ucieza (Palencia),Muy bajo,Bajo,Bajo,Muy bajo,Bajo,Bajo,Bajo
Lomas (Palencia),Muy bajo,Bajo,Bajo,Bajo,Bajo,Bajo,Bajo
Lominchar (Toledo),Muy bajo,Muy bajo,Muy bajo,Muy bajo,Muy bajo,Muy bajo,Muy bajo
Lomoviejo (Valladolid),Muy bajo,Muy bajo,Muy bajo,Muy bajo,Muy bajo,Muy bajo,Bajo
Longares (Zaragoza),Muy bajo,Muy bajo,Muy bajo,Muy bajo,Bajo,Bajo,Bajo
Longás (Zaragoza),Muy bajo,Bajo,Muy bajo,Muy bajo,Muy bajo,Muy bajo,Bajo
Lopera (Jaén),Muy bajo,Muy bajo,Muy bajo,Muy bajo,Bajo,Muy bajo,Muy bajo
Loporzano (Huesca),Muy bajo,Muy bajo,Muy bajo,Muy bajo,Muy bajo,Muy bajo,Bajo
Lora de Estepa (Sevilla),Bajo,Muy bajo,Muy bajo,Muy bajo,Muy bajo,Muy bajo,Muy bajo
Lora del Río (Sevilla),Muy bajo,Muy bajo,Muy bajo,Muy bajo,Bajo,Bajo,Bajo
Loranca de Tajuña (Guadalajara),Muy bajo,Muy bajo,Muy bajo,Muy bajo,Muy bajo,Muy bajo,Muy bajo
Lorca (Murcia),Muy bajo,Muy bajo,Muy bajo,Muy bajo,Muy bajo,Muy bajo,Muy bajo
Loriguilla (Valencia),Muy bajo,Muy bajo,Muy bajo,Muy bajo,Muy bajo,Muy bajo,Muy bajo
Lorquí (Murcia),Muy bajo,Muy bajo,Muy bajo,Muy bajo,Muy bajo,Muy bajo,Muy bajo
Los Alcázares (Murcia),Muy bajo,Muy bajo,Muy bajo,Muy bajo,Muy bajo,Muy bajo,Muy bajo
Los Altos (Burgos),Muy bajo,Bajo,Muy bajo,Muy bajo,Muy bajo,Muy bajo,Moderado
Los Arcos (Navarra),Bajo,Bajo,Muy bajo,Muy bajo,Muy bajo,Bajo,Bajo
Los Ausines (Burgos),Bajo,Bajo,Muy bajo,Muy bajo,Bajo,Bajo,Bajo
Los Balbases (Burgos),Muy bajo,Bajo,Bajo,Bajo,Bajo,Bajo,Moderado
Los Baldios (nan),Muy bajo,Muy bajo,Muy bajo,Muy bajo,Muy bajo,Bajo,Bajo
Los Barrios (Cádiz),Muy bajo,Muy bajo,Muy bajo,Muy bajo,Muy bajo,Muy bajo,Muy bajo
Los Barrios de Bureba (Burgos),Muy bajo,Bajo,Bajo,Muy bajo,Muy bajo,Muy bajo,Moderado
Los Barrios de Luna (León),Muy bajo,Muy bajo,Muy bajo,Muy bajo,Muy bajo,Muy bajo,Bajo
Los Blázquez (Córdoba),Muy bajo,Muy bajo,Muy bajo,Muy bajo,Muy bajo,Muy bajo,Muy bajo
Los Cerralbos (Toledo),Muy bajo,Muy bajo,Muy bajo,Muy bajo,Muy bajo,Muy bajo,Muy bajo
Los Corrales (Sevilla),Bajo,Muy bajo,Muy bajo,Muy bajo,Muy bajo,Bajo,Bajo
Los Corrales de Buelna (Cantabria),Muy bajo,Muy bajo,Muy bajo,Muy bajo,Muy bajo,Muy bajo,Bajo
Los Cortijos (Ciudad Real),Muy bajo,Muy bajo,Muy bajo,Muy bajo,Muy bajo,Bajo,Muy bajo
Los Fayos (Zaragoza),Muy bajo,Muy bajo,Muy bajo,Muy bajo,Muy bajo,Muy bajo,Bajo
Los Gallardos (Almería),Muy bajo,Muy bajo,Muy bajo,Muy bajo,Muy bajo,Muy bajo,Muy bajo
Los Guájares (Granada),Muy bajo,Muy bajo,Muy bajo,Muy bajo,Muy bajo,Muy bajo,Muy bajo
Los Hinojosos (Cuenca),Muy bajo,Muy bajo,Muy bajo,Muy bajo,Muy bajo,Muy bajo,Muy bajo
Los Huertos (Segovia),Muy bajo,Muy bajo,Muy bajo,Muy bajo,Muy bajo,Bajo,Bajo
Los Llanos de Aridane (Tenerife),Muy bajo,Bajo,Muy bajo,Muy bajo,Muy bajo,Muy bajo,Muy bajo
Los Llanos de Tormes (Ávila),Muy bajo,Muy bajo,Muy bajo,Muy bajo,Bajo,Bajo,Bajo
Los Marines (Huelva),Muy bajo,Muy bajo,Muy bajo,Muy bajo,Bajo,Bajo,Bajo
Los Molares (Sevilla),Moderado,Muy bajo,Muy bajo,Muy bajo,Bajo,Muy bajo,Bajo
Los Molinos (Madrid),Muy bajo,Muy bajo,Muy bajo,Muy bajo,Muy bajo,Bajo,Bajo
Los Montesinos (Alicante),Muy bajo,Muy bajo,Muy bajo,Muy bajo,Muy bajo,Muy bajo,Muy bajo
Los Navalmorales (Toledo),Muy bajo,Muy bajo,Muy bajo,Muy bajo,Muy bajo,Muy bajo,Muy bajo
Los Navalucillos (Toledo),Muy bajo,Muy bajo,Muy bajo,Muy bajo,Muy bajo,Muy bajo,Muy bajo
Los Olmos (Teruel),Muy bajo,Muy bajo,Muy bajo,Muy bajo,Muy bajo,Muy bajo,Muy bajo
Los Palacios y Villafranca (Sevilla),Bajo,Muy bajo,Muy bajo,Bajo,Moderado,Bajo,Bajo
Los Pintanos (Zaragoza),Muy bajo,Bajo,Muy bajo,Muy bajo,Muy bajo,Muy bajo,Bajo
Los Pozuelos de Calatrava (Ciudad Real),Muy bajo,Muy bajo,Muy bajo,Muy bajo,Muy bajo,Muy bajo,Muy bajo
Los Realejos (Tenerife),Muy bajo,Muy bajo,Muy bajo,Muy bajo,Muy bajo,Muy bajo,Muy bajo
Los Rábanos (Soria),Muy bajo,Muy bajo,Muy bajo,Muy bajo,Muy bajo,Bajo,Bajo
Los Santos (Salamanca),Muy bajo,Muy bajo,Muy bajo,Bajo,Bajo,Bajo,Bajo
Los Santos de Maimona (Badajoz),Muy bajo,Muy bajo,Muy bajo,Muy bajo,Muy bajo,Muy bajo,Muy bajo
Los Santos de la Humosa (Madrid),Muy bajo,Muy bajo,Muy bajo,Muy bajo,Muy bajo,Muy bajo,Muy bajo
Los Silos (Tenerife),Bajo,Bajo,Muy bajo,Bajo,Bajo,Moderado,Bajo
Los Tojos (Cantabria),Muy bajo,Muy bajo,Muy bajo,Muy bajo,Muy bajo,Muy bajo,Bajo
Los Valdecolmenas (Cuenca),Muy bajo,Muy bajo,Muy bajo,Muy bajo,Muy bajo,Muy bajo,Muy bajo
Los Villares (Jaén),Muy bajo,Muy bajo,Muy bajo,Muy bajo,Muy bajo,Muy bajo,Muy bajo
Los Villares de Soria (Soria),Muy bajo,Muy bajo,Muy bajo,Muy bajo,Muy bajo,Bajo,Bajo
Los Yébenes (Toledo),Muy bajo,Muy bajo,Muy bajo,Muy bajo,Muy bajo,Muy bajo,Muy bajo
Losa del Obispo (Valencia),Muy bajo,Muy bajo,Muy bajo,Muy bajo,Muy bajo,Muy bajo,Muy bajo
Losacino (Zamora),Muy bajo,Muy bajo,Muy bajo,Muy bajo,Muy bajo,Bajo,Bajo
Losacio (Zamora),Muy bajo,Muy bajo,Muy bajo,Muy bajo,Muy bajo,Bajo,Bajo
Losar de la Vera (Cáceres),Muy bajo,Muy bajo,Muy bajo,Muy bajo,Muy bajo,Muy bajo,Bajo
Loscorrales (Huesca),Muy bajo,Muy bajo,Muy bajo,Muy bajo,Muy bajo,Muy bajo,Bajo
Loscos (Teruel),Muy bajo,Muy bajo,Muy bajo,Muy bajo,Muy bajo,Muy bajo,Muy bajo
Lourenzá (Lugo),Muy bajo,Muy bajo,Muy bajo,Muy bajo,Muy bajo,Bajo,Bajo
Lousame (A Coruña),Bajo,Muy bajo,Muy bajo,Bajo,Bajo,Bajo,Bajo
Lozoya (Madrid),Muy bajo,Muy bajo,Muy bajo,Muy bajo,Muy bajo,Bajo,Bajo
Lozoyuela-Navas-Sieteiglesias (Madrid),Muy bajo,Muy bajo,Muy bajo,Muy bajo,Muy bajo,Bajo,Bajo
Lubián (Zamora),Bajo,Muy bajo,Muy bajo,Muy bajo,Muy bajo,Bajo,Bajo
Lubrín (Almería),Muy bajo,Muy bajo,Muy bajo,Muy bajo,Muy bajo,Muy bajo,Muy bajo
Lucainena de las Torres (Almería),Muy bajo,Muy bajo,Muy bajo,Muy bajo,Muy bajo,Muy bajo,Muy bajo
Lucena (Córdoba),Muy bajo,Muy bajo,Muy bajo,Muy bajo,Muy bajo,Muy bajo,Muy bajo
Lucena de Jalón (Zaragoza),Muy bajo,Muy bajo,Muy bajo,Muy bajo,Bajo,Bajo,Bajo
Lucena del Puerto (Huelva),Muy bajo,Muy bajo,Muy bajo,Bajo,Moderado,Bajo,Bajo
Luceni (Zaragoza),Muy bajo,Muy bajo,Muy bajo,Muy bajo,Bajo,Muy bajo,Muy bajo
Luciana (Ciudad Real),Muy bajo,Muy bajo,Muy bajo,Muy bajo,Muy bajo,Muy bajo,Muy bajo
Lucillo (León),Muy bajo,Muy bajo,Muy bajo,Muy bajo,Muy bajo,Bajo,Bajo
Lucillos (Toledo),Muy bajo,Muy bajo,Muy bajo,Muy bajo,Muy bajo,Muy bajo,Muy bajo
Ludiente (Castellón),Muy bajo,Muy bajo,Muy bajo,Muy bajo,Muy bajo,Muy bajo,Muy bajo
Luelmo (Zamora),Muy bajo,Muy bajo,Muy bajo,Muy bajo,Muy bajo,Bajo,Bajo
Luena (Cantabria),Bajo,Moderado,Muy bajo,Muy bajo,Muy bajo,Muy bajo,Bajo
Luesia (Zaragoza),Muy bajo,Bajo,Muy bajo,Muy bajo,Muy bajo,Muy bajo,Bajo
Luesma (Zaragoza),Muy bajo,Muy bajo,Muy bajo,Muy bajo,Muy bajo,Muy bajo,Muy bajo
Lugo (Lugo),Bajo,Muy bajo,Muy bajo,Muy bajo,Muy bajo,Bajo,Bajo
Lugros (Granada),Muy bajo,Muy bajo,Muy bajo,Muy bajo,Muy bajo,Muy bajo,Muy bajo
Lumbier (Navarra),Muy bajo,Bajo,Muy bajo,Muy bajo,Muy bajo,Muy bajo,Bajo
Lumbrales (Salamanca),Bajo,Muy bajo,Muy bajo,Muy bajo,Bajo,Bajo,Bajo
Lumbreras de Cameros (La Rioja),Bajo,Bajo,Muy bajo,Muy bajo,Muy bajo,Muy bajo,Bajo
Lumpiaque (Zaragoza),Muy bajo,Muy bajo,Muy bajo,Muy bajo,Bajo,Muy bajo,Bajo
Luna (Zaragoza),Muy bajo,Muy bajo,Muy bajo,Muy bajo,Muy bajo,Muy bajo,Bajo
Lupiana (Guadalajara),Muy bajo,Muy bajo,Muy bajo,Muy bajo,Muy bajo,Muy bajo,Muy bajo
Lupiñén-Ortilla (Huesca),Muy bajo,Muy bajo,Muy bajo,Muy bajo,Muy bajo,Muy bajo,Bajo
Lupión (Jaén),Muy bajo,Muy bajo,Muy bajo,Muy bajo,Muy bajo,Muy bajo,Muy bajo
Luque (Córdoba),Muy bajo,Muy bajo,Muy bajo,Muy bajo,Muy bajo,Muy bajo,Muy bajo
Luquin (Navarra),Bajo,Bajo,Muy bajo,Muy bajo,Muy bajo,Bajo,Bajo
Luyego (León),Muy bajo,Muy bajo,Muy bajo,Muy bajo,Muy bajo,Bajo,Bajo
Luzaga (Guadalajara),Muy bajo,Muy bajo,Muy bajo,Muy bajo,Muy bajo,Bajo,Bajo
Luzaide/Valcarlos (Navarra),Muy bajo,Bajo,Muy bajo,Muy bajo,Muy bajo,Muy bajo,Moderado
Luzón (Guadalajara),Muy bajo,Muy bajo,Muy bajo,Muy bajo,Muy bajo,Bajo,Bajo
Láchar (Granada),Moderado,Muy bajo,Muy bajo,Muy bajo,Muy bajo,Muy bajo,Muy bajo
Láncara (Lugo),Bajo,Muy bajo,Muy bajo,Muy bajo,Muy bajo,Bajo,Moderado
Lécera (Zaragoza),Muy bajo,Muy bajo,Muy bajo,Muy bajo,Muy bajo,Muy bajo,Muy bajo
Líjar (Almería),Muy bajo,Muy bajo,Muy bajo,Muy bajo,Muy bajo,Muy bajo,Muy bajo
Lónguida/Longida (Navarra),Muy bajo,Bajo,Muy bajo,Muy bajo,Muy bajo,Muy bajo,Bajo
Lúcar (Almería),Muy bajo,Muy bajo,Muy bajo,Muy bajo,Muy bajo,Muy bajo,Muy bajo
Lújar (Granada),Muy bajo,Muy bajo,Muy bajo,Muy bajo,Muy bajo,Muy bajo,Muy bajo
Macael (Almería),Muy bajo,Muy bajo,Muy bajo,Muy bajo,Muy bajo,Muy bajo,Muy bajo
Macastre (Valencia),Muy bajo,Muy bajo,Muy bajo,Muy bajo,Muy bajo,Muy bajo,Muy bajo
Maceda (Ourense),Bajo,Muy bajo,Muy bajo,Muy bajo,Muy bajo,Bajo,Bajo
Machacón (Salamanca),Muy bajo,Muy bajo,Muy bajo,Muy bajo,Muy bajo,Muy bajo,Bajo
Macharaviaya (Málaga),Muy bajo,Muy bajo,Muy bajo,Muy bajo,Muy bajo,Muy bajo,Muy bajo
Macotera (Salamanca),Muy bajo,Muy bajo,Muy bajo,Muy bajo,Muy bajo,Muy bajo,Bajo
Madarcos (Madrid),Muy bajo,Muy bajo,Muy bajo,Muy bajo,Muy bajo,Bajo,Bajo
Maderuelo (Segovia),Muy bajo,Muy bajo,Muy bajo,Muy bajo,Muy bajo,Bajo,Bajo
Madremanya (Girona),Muy bajo,Muy bajo,Muy bajo,Muy bajo,Muy bajo,Muy bajo,Muy bajo
Madrid (Madrid),Muy bajo,Muy bajo,Muy bajo,Muy bajo,Muy bajo,Muy bajo,Muy bajo
Madridanos (Zamora),Muy bajo,Muy bajo,Muy bajo,Muy bajo,Muy bajo,Muy bajo,Muy bajo
Madridejos (Toledo),Muy bajo,Muy bajo,Muy bajo,Muy bajo,Muy bajo,Muy bajo,Muy bajo
Madrigal de la Vera (Cáceres),Muy bajo,Muy bajo,Muy bajo,Muy bajo,Muy bajo,Muy bajo,Bajo
Madrigal de las Altas Torres (Ávila),Muy bajo,Muy bajo,Muy bajo,Muy bajo,Muy bajo,Muy bajo,Bajo
Madrigal del Monte (Burgos),Bajo,Bajo,Muy bajo,Muy bajo,Bajo,Bajo,Bajo
Madrigalejo (Cáceres),Muy bajo,Muy bajo,Muy bajo,Muy bajo,Muy bajo,Muy bajo,Muy bajo
Madrigalejo del Monte (Burgos),Bajo,Bajo,Muy bajo,Muy bajo,Bajo,Bajo,Bajo
Madrigueras (Albacete),Muy bajo,Muy bajo,Muy bajo,Muy bajo,Muy bajo,Muy bajo,Muy bajo
Madroñal (Salamanca),Muy bajo,Muy bajo,Muy bajo,Muy bajo,Muy bajo,Bajo,Bajo
Madroñera (Cáceres),Muy bajo,Muy bajo,Muy bajo,Muy bajo,Muy bajo,Muy bajo,Muy bajo
Maella (Zaragoza),Muy bajo,Muy bajo,Muy bajo,Bajo,Bajo,Muy bajo,Muy bajo
Maello (Ávila),Muy bajo,Muy bajo,Muy bajo,Muy bajo,Muy bajo,Bajo,Bajo
Magacela (Badajoz),Muy bajo,Muy bajo,Muy bajo,Muy bajo,Muy bajo,Muy bajo,Muy bajo
Magallón (Zaragoza),Muy bajo,Bajo,Muy bajo,Muy bajo,Bajo,Muy bajo,Bajo
Magaz de Cepeda (León),Bajo,Muy bajo,Muy bajo,Muy bajo,Muy bajo,Bajo,Bajo
Magaz de Pisuerga (Palencia),Muy bajo,Muy bajo,Muy bajo,Muy bajo,Bajo,Bajo,Moderado
Magaña (Soria),Muy bajo,Muy bajo,Muy bajo,Muy bajo,Muy bajo,Muy bajo,Bajo
Maguilla (Badajoz),Muy bajo,Muy bajo,Muy bajo,Muy bajo,Bajo,Muy bajo,Muy bajo
Magán (Toledo),Muy bajo,Muy bajo,Muy bajo,Muy bajo,Muy bajo,Muy bajo,Muy bajo
Mahamud (Burgos),Bajo,Bajo,Bajo,Bajo,Bajo,Bajo,Bajo
Mahide (Zamora),Muy bajo,Muy bajo,Muy bajo,Muy bajo,Muy bajo,Bajo,Bajo
Mahora (Albacete),Muy bajo,Muy bajo,Muy bajo,Muy bajo,Muy bajo,Muy bajo,Muy bajo
Maials (Lleida),Muy bajo,Muy bajo,Muy bajo,Muy bajo,Muy bajo,Muy bajo,Muy bajo
Maicas (Teruel),Muy bajo,Muy bajo,Muy bajo,Muy bajo,Muy bajo,Muy bajo,Bajo
Mainar (Zaragoza),Muy bajo,Muy bajo,Muy bajo,Muy bajo,Muy bajo,Muy bajo,Muy bajo
Maire de Castroponce (Zamora),Muy bajo,Bajo,Muy bajo,Muy bajo,Muy bajo,Bajo,Bajo
Mairena del Alcor (Sevilla),Muy bajo,Muy bajo,Muy bajo,Muy bajo,Bajo,Bajo,Bajo
Mairena del Aljarafe (Sevilla),Muy bajo,Muy bajo,Muy bajo,Muy bajo,Muy bajo,Muy bajo,Muy bajo
Maià de Montcal (Girona),Muy bajo,Muy bajo,Muy bajo,Muy bajo,Muy bajo,Muy bajo,Muy bajo
Majadahonda (Madrid),Muy bajo,Muy bajo,Muy bajo,Muy bajo,Muy bajo,Muy bajo,Muy bajo
Majadas (Cáceres),Muy bajo,Muy bajo,Muy bajo,Muy bajo,Muy bajo,Bajo,Bajo
Majaelrayo (Guadalajara),Muy bajo,Muy bajo,Muy bajo,Muy bajo,Muy bajo,Bajo,Bajo
Maján (Soria),Muy bajo,Muy bajo,Muy bajo,Muy bajo,Bajo,Bajo,Bajo
Malaguilla (Guadalajara),Muy bajo,Muy bajo,Muy bajo,Muy bajo,Muy bajo,Muy bajo,Muy bajo
Malagón (Ciudad Real),Muy bajo,Muy bajo,Muy bajo,Muy bajo,Muy bajo,Muy bajo,Muy bajo
Malanquilla (Zaragoza),Muy bajo,Muy bajo,Muy bajo,Muy bajo,Muy bajo,Bajo,Bajo
Malcocinado (Badajoz),Muy bajo,Muy bajo,Muy bajo,Muy bajo,Bajo,Muy bajo,Bajo
Maldà (Lleida),Muy bajo,Muy bajo,Muy bajo,Muy bajo,Muy bajo,Muy bajo,Muy bajo
Maleján (Zaragoza),Muy bajo,Muy bajo,Muy bajo,Muy bajo,Muy bajo,Muy bajo,Muy bajo
Malgrat de Mar (Barcelona),Muy bajo,Muy bajo,Muy bajo,Muy bajo,Muy bajo,Muy bajo,Muy bajo
Malla (Barcelona),Muy bajo,Muy bajo,Muy bajo,Muy bajo,Muy bajo,Muy bajo,Bajo
Mallabia (Vizcaya),Bajo,Moderado,Muy bajo,Muy bajo,Muy bajo,Muy bajo,Bajo
Mallén (Zaragoza),Muy bajo,Bajo,Muy bajo,Muy bajo,Bajo,Muy bajo,Bajo
Malpartida (Salamanca),Muy bajo,Muy bajo,Muy bajo,Muy bajo,Muy bajo,Bajo,Bajo
Malpartida de Corneja (Ávila),Muy bajo,Muy bajo,Muy bajo,Muy bajo,Bajo,Bajo,Bajo
Malpartida de Cáceres (Cáceres),Muy bajo,Muy bajo,Muy bajo,Muy bajo,Muy bajo,Muy bajo,Muy bajo
Malpartida de Plasencia (Cáceres),Muy bajo,Muy bajo,Muy bajo,Muy bajo,Muy bajo,Bajo,Bajo
Malpartida de la Serena (Badajoz),Muy bajo,Muy bajo,Muy bajo,Muy bajo,Muy bajo,Muy bajo,Muy bajo
Malpica de Bergantiños (A Coruña),Bajo,Muy bajo,Muy bajo,Muy bajo,Muy bajo,Bajo,Muy bajo
Malpica de Tajo (Toledo),Muy bajo,Muy bajo,Muy bajo,Muy bajo,Muy bajo,Muy bajo,Muy bajo
Maluenda (Zaragoza),Muy bajo,Muy bajo,Muy bajo,Muy bajo,Muy bajo,Muy bajo,Muy bajo
Malva (Zamora),Muy bajo,Muy bajo,Muy bajo,Muy bajo,Muy bajo,Bajo,Bajo
Malón (Zaragoza),Muy bajo,Bajo,Muy bajo,Muy bajo,Bajo,Muy bajo,Bajo
Mamblas (Ávila),Muy bajo,Muy bajo,Muy bajo,Muy bajo,Muy bajo,Muy bajo,Bajo
Mambrilla de Castrejón (Burgos),Bajo,Bajo,Muy bajo,Muy bajo,Bajo,Bajo,Bajo
Mambrillas de Lara (Burgos),Bajo,Bajo,Muy bajo,Bajo,Bajo,Bajo,Moderado
Mamolar (Burgos),Bajo,Bajo,Muy bajo,Muy bajo,Muy bajo,Bajo,Bajo
Manacor (Baleares),Muy bajo,Muy bajo,Bajo,Muy bajo,Muy bajo,Muy bajo,Muy bajo
Mancera de Abajo (Salamanca),Muy bajo,Muy bajo,Muy bajo,Muy bajo,Muy bajo,Muy bajo,Bajo
Mancera de Arriba (Ávila),Muy bajo,Muy bajo,Muy bajo,Muy bajo,Muy bajo,Muy bajo,Bajo
Mancha Real (Jaén),Muy bajo,Muy bajo,Muy bajo,Muy bajo,Muy bajo,Muy bajo,Muy bajo
Manchita (Badajoz),Muy bajo,Muy bajo,Muy bajo,Muy bajo,Muy bajo,Muy bajo,Muy bajo
Manchones (Zaragoza),Muy bajo,Muy bajo,Muy bajo,Muy bajo,Muy bajo,Muy bajo,Muy bajo
Manciles (Burgos),Muy bajo,Bajo,Muy bajo,Muy bajo,Bajo,Bajo,Moderado
Mancomunidad de Amezketa y Ordizia (nan),Moderado,Muy alto,Muy bajo,Muy bajo,Muy bajo,Bajo,Moderado
Mancomunidad de Beunza y Juarbe (nan),Bajo,Moderado,Muy bajo,Muy bajo,Muy bajo,Muy bajo,Bajo
"Mancomunidad de Nalda, Sorzano y Viguera (nan)",Bajo,Bajo,Muy bajo,Muy bajo,Muy bajo,Muy bajo,Bajo
Mancomunidad de Villagatón y Quintana del Castillo (nan),Bajo,Muy bajo,Muy bajo,Muy bajo,Muy bajo,Bajo,Bajo
Mancor de la Vall (Baleares),Muy bajo,Muy bajo,Muy bajo,Muy bajo,Muy bajo,Muy bajo,Muy bajo
Mandayona (Guadalajara),Muy bajo,Muy bajo,Muy bajo,Muy bajo,Muy bajo,Muy bajo,Muy bajo
Manganeses de la Lampreana (Zamora),Muy bajo,Muy bajo,Muy bajo,Muy bajo,Muy bajo,Bajo,Bajo
Manganeses de la Polvorosa (Zamora),Muy bajo,Bajo,Muy bajo,Bajo,Bajo,Bajo,Bajo
Manilva (Málaga),Muy bajo,Muy bajo,Muy bajo,Muy bajo,Muy bajo,Muy bajo,Muy bajo
Manises (Valencia),Muy bajo,Muy bajo,Muy bajo,Muy bajo,Muy bajo,Muy bajo,Muy bajo
Manjabálago y Ortigosa de Rioalmar (Ávila),Muy bajo,Muy bajo,Muy bajo,Muy bajo,Muy bajo,Bajo,Bajo
Manjarrés (La Rioja),Bajo,Bajo,Muy bajo,Muy bajo,Muy bajo,Muy bajo,Bajo
Manlleu (Barcelona),Muy bajo,Muy bajo,Muy bajo,Muy bajo,Muy bajo,Muy bajo,Bajo
Manquillos (Palencia),Muy bajo,Bajo,Bajo,Bajo,Bajo,Moderado,Moderado
Manresa (Barcelona),Muy bajo,Muy bajo,Muy bajo,Muy bajo,Muy bajo,Muy bajo,Muy bajo
Mansilla Mayor (León),Muy bajo,Muy bajo,Muy bajo,Muy bajo,Muy bajo,Muy bajo,Muy bajo
Mansilla de la Sierra (La Rioja),Bajo,Bajo,Muy bajo,Muy bajo,Muy bajo,Bajo,Moderado
Mansilla de las Mulas (León),Muy bajo,Muy bajo,Muy bajo,Muy bajo,Muy bajo,Muy bajo,Bajo
Mantiel (Guadalajara),Muy bajo,Muy bajo,Muy bajo,Muy bajo,Muy bajo,Muy bajo,Muy bajo
Mantinos (Palencia),Muy bajo,Muy bajo,Muy bajo,Muy bajo,Muy bajo,Muy bajo,Bajo
Manuel (Valencia),Muy bajo,Muy bajo,Muy bajo,Muy bajo,Muy bajo,Muy bajo,Muy bajo
Manzanal de Arriba (Zamora),Bajo,Muy bajo,Muy bajo,Muy bajo,Bajo,Bajo,Bajo
Manzanal de los Infantes (Zamora),Muy bajo,Muy bajo,Muy bajo,Muy bajo,Muy bajo,Bajo,Bajo
Manzanal del Barco (Zamora),Muy bajo,Muy bajo,Muy bajo,Muy bajo,Muy bajo,Muy bajo,Muy bajo
Manzanares (Ciudad Real),Muy bajo,Muy bajo,Muy bajo,Muy bajo,Muy bajo,Muy bajo,Muy bajo
Manzanares de Rioja (La Rioja),Muy bajo,Muy bajo,Muy bajo,Muy bajo,Muy bajo,Muy bajo,Bajo
Manzanares el Real (Madrid),Muy bajo,Muy bajo,Muy bajo,Muy bajo,Muy bajo,Bajo,Bajo
Manzaneda (Ourense),Bajo,Muy bajo,Muy bajo,Muy bajo,Muy bajo,Bajo,Bajo
Manzaneque (Toledo),Muy bajo,Muy bajo,Muy bajo,Muy bajo,Muy bajo,Muy bajo,Muy bajo
Manzanera (Teruel),Muy bajo,Muy bajo,Muy bajo,Muy bajo,Muy bajo,Muy bajo,Muy bajo
Manzanilla (Huelva),Bajo,Bajo,Bajo,Bajo,Muy alto,Moderado,Bajo
Manzanillo (Valladolid),Muy bajo,Muy bajo,Muy bajo,Muy bajo,Muy bajo,Bajo,Bajo
Maqueda (Toledo),Muy bajo,Muy bajo,Muy bajo,Muy bajo,Muy bajo,Muy bajo,Muy bajo
Mara (Zaragoza),Muy bajo,Muy bajo,Muy bajo,Muy bajo,Muy bajo,Muy bajo,Muy bajo
Maracena (Granada),Muy bajo,Muy bajo,Muy bajo,Muy bajo,Muy bajo,Muy bajo,Muy bajo
Maranchón (Guadalajara),Muy bajo,Muy bajo,Muy bajo,Muy bajo,Muy bajo,Bajo,Bajo
Marazoleja (Segovia),Muy bajo,Muy bajo,Muy bajo,Muy bajo,Muy bajo,Bajo,Bajo
Marazuela (Segovia),Muy bajo,Muy bajo,Muy bajo,Muy bajo,Muy bajo,Bajo,Bajo
Maraña (León),Muy bajo,Muy bajo,Muy bajo,Muy bajo,Muy bajo,Muy bajo,Bajo
Marañón (Navarra),Bajo,Bajo,Muy bajo,Muy bajo,Muy bajo,Muy bajo,Bajo
Marbella (Málaga),Muy bajo,Muy bajo,Muy bajo,Muy bajo,Muy bajo,Muy bajo,Muy bajo
Marchagaz (Cáceres),Muy bajo,Muy bajo,Muy bajo,Muy bajo,Muy bajo,Muy bajo,Muy bajo
Marchal (Granada),Muy bajo,Muy bajo,Muy bajo,Muy bajo,Muy bajo,Muy bajo,Muy bajo
Marchamalo (Guadalajara),Muy bajo,Muy bajo,Muy bajo,Muy bajo,Muy bajo,Muy bajo,Muy bajo
Marchena (Sevilla),Bajo,Muy bajo,Muy bajo,Muy bajo,Bajo,Bajo,Bajo
Marcilla (Navarra),Muy bajo,Bajo,Muy bajo,Muy bajo,Muy bajo,Muy bajo,Bajo
Marcilla de Campos (Palencia),Muy bajo,Bajo,Muy bajo,Muy bajo,Bajo,Bajo,Bajo
Margalef (Tarragona),Muy bajo,Muy bajo,Muy bajo,Muy bajo,Muy bajo,Muy bajo,Muy bajo
Marganell (Barcelona),Muy bajo,Muy bajo,Muy bajo,Muy bajo,Muy bajo,Muy bajo,Muy bajo
Maria de la Salut (Baleares),Muy bajo,Muy bajo,Bajo,Muy bajo,Muy bajo,Muy bajo,Muy bajo
Mariana (Cuenca),Muy bajo,Muy bajo,Muy bajo,Muy bajo,Muy bajo,Bajo,Bajo
Marina de Cudeyo (Cantabria),Muy bajo,Muy bajo,Muy bajo,Muy bajo,Muy bajo,Bajo,Bajo
Marinaleda (Sevilla),Muy bajo,Muy bajo,Muy bajo,Muy bajo,Muy bajo,Muy bajo,Muy bajo
Marines (Valencia),Muy bajo,Muy bajo,Muy bajo,Muy bajo,Muy bajo,Muy bajo,Muy bajo
Marjaliza (Toledo),Muy bajo,Muy bajo,Muy bajo,Muy bajo,Muy bajo,Muy bajo,Muy bajo
Markina-Xemein (Vizcaya),Bajo,Moderado,Muy bajo,Muy bajo,Muy bajo,Bajo,Bajo
Marlín (Ávila),Muy bajo,Muy bajo,Muy bajo,Muy bajo,Muy bajo,Bajo,Bajo
Marmolejo (Jaén),Muy bajo,Muy bajo,Muy bajo,Muy bajo,Muy bajo,Bajo,Muy bajo
Marracos (Zaragoza),Muy bajo,Muy bajo,Muy bajo,Muy bajo,Muy bajo,Muy bajo,Bajo
Marratxí (Baleares),Muy bajo,Muy bajo,Muy bajo,Muy bajo,Muy bajo,Muy bajo,Muy bajo
Marrupe (Toledo),Muy bajo,Muy bajo,Muy bajo,Muy bajo,Muy bajo,Muy bajo,Muy bajo
Martiago (Salamanca),Muy bajo,Muy bajo,Muy bajo,Muy bajo,Muy bajo,Bajo,Bajo
Martiherrero (Ávila),Muy bajo,Muy bajo,Muy bajo,Muy bajo,Muy bajo,Bajo,Bajo
Martinamor (Salamanca),Muy bajo,Muy bajo,Muy bajo,Muy bajo,Muy bajo,Bajo,Bajo
Martorell (Barcelona),Muy bajo,Muy bajo,Muy bajo,Muy bajo,Muy bajo,Muy bajo,Muy bajo
Martorelles (Barcelona),Muy bajo,Muy bajo,Muy bajo,Muy bajo,Muy bajo,Muy bajo,Muy bajo
Martos (Jaén),Muy bajo,Muy bajo,Muy bajo,Muy bajo,Muy bajo,Muy bajo,Muy bajo
Martín Miguel (Segovia),Muy bajo,Bajo,Muy bajo,Muy bajo,Muy bajo,Bajo,Bajo
Martín Muñoz de la Dehesa (Segovia),Muy bajo,Muy bajo,Muy bajo,Muy bajo,Muy bajo,Muy bajo,Bajo
Martín Muñoz de las Posadas (Segovia),Muy bajo,Muy bajo,Muy bajo,Muy bajo,Muy bajo,Muy bajo,Bajo
Martín de Yeltes (Salamanca),Muy bajo,Muy bajo,Muy bajo,Muy bajo,Bajo,Bajo,Bajo
Martín de la Jara (Sevilla),Bajo,Muy bajo,Muy bajo,Muy bajo,Muy bajo,Bajo,Bajo
Martín del Río (Teruel),Muy bajo,Muy bajo,Muy bajo,Muy bajo,Muy bajo,Muy bajo,Bajo
Martínez (Ávila),Muy bajo,Muy bajo,Muy bajo,Muy bajo,Bajo,Bajo,Bajo
Marugán (Segovia),Muy bajo,Muy bajo,Muy bajo,Muy bajo,Muy bajo,Bajo,Bajo
Maruri-Jatabe (Vizcaya),Bajo,Bajo,Muy bajo,Muy bajo,Muy bajo,Bajo,Bajo
Marzales (Valladolid),Muy bajo,Muy bajo,Muy bajo,Muy bajo,Muy bajo,Bajo,Bajo
Marçà (Tarragona),Muy bajo,Muy bajo,Muy bajo,Muy bajo,Muy bajo,Muy bajo,Muy bajo
María (Almería),Muy bajo,Muy bajo,Muy bajo,Muy bajo,Muy bajo,Muy bajo,Muy bajo
María de Huerva (Zaragoza),Muy bajo,Muy bajo,Muy bajo,Muy bajo,Bajo,Muy bajo,Bajo
Marín (Pontevedra),Moderado,Muy bajo,Muy bajo,Bajo,Bajo,Bajo,Moderado
Mas de Barberans (Tarragona),Muy bajo,Muy bajo,Muy bajo,Muy bajo,Muy bajo,Muy bajo,Muy bajo
Mas de las Matas (Teruel),Muy bajo,Muy bajo,Muy bajo,Muy bajo,Muy bajo,Muy bajo,Muy bajo
Masarac i Vilarnadal (Girona),Muy bajo,Muy bajo,Muy bajo,Muy bajo,Muy bajo,Muy bajo,Muy bajo
Mascaraque (Toledo),Muy bajo,Muy bajo,Muy bajo,Muy bajo,Muy bajo,Muy bajo,Muy bajo
Masdenverge (Tarragona),Muy bajo,Muy bajo,Muy bajo,Muy bajo,Muy bajo,Muy bajo,Muy bajo
Masegosa (Cuenca),Muy bajo,Muy bajo,Muy bajo,Muy bajo,Muy bajo,Bajo,Bajo
Masegoso (Albacete),Muy bajo,Muy bajo,Muy bajo,Muy bajo,Muy bajo,Bajo,Muy bajo
Masegoso de Tajuña (Guadalajara),Muy bajo,Muy bajo,Muy bajo,Muy bajo,Muy bajo,Bajo,Bajo
Maside (Ourense),Bajo,Muy bajo,Muy bajo,Bajo,Bajo,Bajo,Bajo
Masllorenç (Tarragona),Muy bajo,Muy bajo,Muy bajo,Muy bajo,Muy bajo,Muy bajo,Muy bajo
Maspujols (Tarragona),Muy bajo,Muy bajo,Muy bajo,Muy bajo,Muy bajo,Muy bajo,Muy bajo
Masquefa (Barcelona),Muy bajo,Muy bajo,Muy bajo,Muy bajo,Muy bajo,Muy bajo,Muy bajo
Massalavés (Valencia),Muy bajo,Muy bajo,Muy bajo,Muy bajo,Muy bajo,Muy bajo,Muy bajo
Massalcoreig (Lleida),Muy bajo,Muy bajo,Muy bajo,Bajo,Muy bajo,Muy bajo,Muy bajo
Massalfassar (Valencia),Muy bajo,Muy bajo,Muy bajo,Muy bajo,Muy bajo,Muy bajo,Muy bajo
Massamagrell (Valencia),Muy bajo,Muy bajo,Muy bajo,Muy bajo,Muy bajo,Muy bajo,Muy bajo
Massanassa (Valencia),Muy bajo,Muy bajo,Muy bajo,Muy bajo,Muy bajo,Muy bajo,Muy bajo
Massanes (Girona),Muy bajo,Muy bajo,Muy bajo,Muy bajo,Muy bajo,Muy bajo,Muy bajo
Massoteres (Lleida),Muy bajo,Muy bajo,Muy bajo,Muy bajo,Muy bajo,Muy bajo,Muy bajo
Masueco (Salamanca),Bajo,Muy bajo,Muy bajo,Muy bajo,Bajo,Bajo,Bajo
Mata de Alcántara (Cáceres),Muy bajo,Muy bajo,Muy bajo,Muy bajo,Muy bajo,Bajo,Bajo
Mata de Cuéllar (Segovia),Muy bajo,Muy bajo,Muy bajo,Muy bajo,Muy bajo,Muy bajo,Bajo
Matabuena (Segovia),Bajo,Muy bajo,Muy bajo,Muy bajo,Muy bajo,Bajo,Bajo
Matadepera (Barcelona),Muy bajo,Muy bajo,Muy bajo,Muy bajo,Muy bajo,Muy bajo,Muy bajo
Matadeón de los Oteros (León),Muy bajo,Muy bajo,Muy bajo,Muy bajo,Muy bajo,Bajo,Bajo
Matalebreras (Soria),Muy bajo,Muy bajo,Muy bajo,Muy bajo,Muy bajo,Muy bajo,Bajo
Matallana de Torío (León),Muy bajo,Muy bajo,Muy bajo,Muy bajo,Muy bajo,Muy bajo,Bajo
Matamala de Almazán (Soria),Muy bajo,Muy bajo,Muy bajo,Muy bajo,Muy bajo,Bajo,Bajo
Matanza (León),Muy bajo,Bajo,Muy bajo,Bajo,Muy bajo,Bajo,Bajo
Matapozuelos (Valladolid),Muy bajo,Muy bajo,Muy bajo,Muy bajo,Muy bajo,Muy bajo,Bajo
Matarrubia (Guadalajara),Muy bajo,Muy bajo,Muy bajo,Muy bajo,Muy bajo,Muy bajo,Muy bajo
Mataró (Barcelona),Muy bajo,Muy bajo,Muy bajo,Muy bajo,Muy bajo,Muy bajo,Muy bajo
Matet (Castellón),Muy bajo,Muy bajo,Muy bajo,Muy bajo,Muy bajo,Muy bajo,Muy bajo
Matilla de Arzón (Zamora),Muy bajo,Bajo,Muy bajo,Muy bajo,Muy bajo,Bajo,Bajo
Matilla de los Caños (Valladolid),Muy bajo,Muy bajo,Muy bajo,Muy bajo,Bajo,Bajo,Bajo
Matilla de los Caños del Río (Salamanca),Muy bajo,Muy bajo,Muy bajo,Muy bajo,Bajo,Bajo,Bajo
Matilla la Seca (Zamora),Muy bajo,Muy bajo,Muy bajo,Muy bajo,Muy bajo,Bajo,Muy bajo
Matillas (Guadalajara),Muy bajo,Muy bajo,Muy bajo,Muy bajo,Muy bajo,Muy bajo,Muy bajo
Matute (La Rioja),Muy bajo,Bajo,Muy bajo,Muy bajo,Muy bajo,Muy bajo,Bajo
Mayalde (Zamora),Muy bajo,Muy bajo,Muy bajo,Muy bajo,Muy bajo,Bajo,Bajo
Mayorga (Valladolid),Muy bajo,Bajo,Muy bajo,Bajo,Bajo,Bajo,Bajo
Mazaleón (Teruel),Muy bajo,Muy bajo,Muy bajo,Muy bajo,Muy bajo,Muy bajo,Muy bajo
Mazarambroz (Toledo),Muy bajo,Muy bajo,Muy bajo,Muy bajo,Muy bajo,Muy bajo,Muy bajo
Mazarete (Guadalajara),Muy bajo,Muy bajo,Muy bajo,Muy bajo,Muy bajo,Bajo,Bajo
Mazaricos (A Coruña),Bajo,Muy bajo,Muy bajo,Bajo,Bajo,Bajo,Bajo
Mazariegos (Palencia),Muy bajo,Muy bajo,Bajo,Muy bajo,Bajo,Bajo,Bajo
Mazarrón (Murcia),Muy bajo,Muy bajo,Muy bajo,Muy bajo,Muy bajo,Muy bajo,Muy bajo
Mazcuerras (Cantabria),Muy bajo,Muy bajo,Muy bajo,Muy bajo,Muy bajo,Muy bajo,Bajo
Mazuecos (Guadalajara),Muy bajo,Muy bajo,Muy bajo,Muy bajo,Muy bajo,Muy bajo,Muy bajo
Mazuecos de Valdeginate (Palencia),Muy bajo,Bajo,Bajo,Muy bajo,Bajo,Bajo,Bajo
Mazuela (Burgos),Bajo,Bajo,Bajo,Bajo,Bajo,Bajo,Moderado
Maçanet de Cabrenys (Girona),Muy bajo,Muy bajo,Muy bajo,Muy bajo,Muy bajo,Muy bajo,Bajo
Maçanet de la Selva (Girona),Muy bajo,Muy bajo,Muy bajo,Muy bajo,Muy bajo,Muy bajo,Muy bajo
Mañaria (Vizcaya),Bajo,Moderado,Muy bajo,Muy bajo,Muy bajo,Muy bajo,Bajo
Mañeru (Navarra),Muy bajo,Bajo,Muy bajo,Muy bajo,Muy bajo,Muy bajo,Bajo
Mañón (A Coruña),Muy bajo,Muy bajo,Muy bajo,Muy bajo,Muy bajo,Bajo,Bajo
Maó (Baleares),Muy bajo,Muy bajo,Moderado,Bajo,Moderado,Moderado,Moderado
Meaño (Pontevedra),Bajo,Muy bajo,Muy bajo,Bajo,Bajo,Bajo,Bajo
Mecerreyes (Burgos),Bajo,Bajo,Muy bajo,Bajo,Bajo,Bajo,Bajo
Meco (Madrid),Muy bajo,Muy bajo,Muy bajo,Muy bajo,Muy bajo,Muy bajo,Muy bajo
Medellín (Badajoz),Muy bajo,Muy bajo,Muy bajo,Muy bajo,Muy bajo,Muy bajo,Muy bajo
Mediana de Aragón (Zaragoza),Muy bajo,Muy bajo,Muy bajo,Muy bajo,Bajo,Muy bajo,Muy bajo
Mediana de Voltoya (Ávila),Bajo,Muy bajo,Muy bajo,Bajo,Bajo,Bajo,Bajo
Medina Sidonia (Cádiz),Moderado,Muy bajo,Muy bajo,Muy bajo,Bajo,Bajo,Moderado
Medina de Pomar (Burgos),Muy bajo,Bajo,Muy bajo,Muy bajo,Muy bajo,Muy bajo,Bajo
Medina de Rioseco (Valladolid),Muy bajo,Muy bajo,Bajo,Muy bajo,Bajo,Bajo,Bajo
Medina de las Torres (Badajoz),Muy bajo,Muy bajo,Muy bajo,Muy bajo,Muy bajo,Muy bajo,Muy bajo
Medina del Campo (Valladolid),Muy bajo,Muy bajo,Muy bajo,Muy bajo,Muy bajo,Muy bajo,Bajo
Medinaceli (Soria),Muy bajo,Muy bajo,Muy bajo,Muy bajo,Muy bajo,Muy bajo,Bajo
Medinilla (Ávila),Muy bajo,Muy bajo,Muy bajo,Muy bajo,Bajo,Bajo,Bajo
Medio Cudeyo (Cantabria),Muy bajo,Muy bajo,Muy bajo,Muy bajo,Muy bajo,Bajo,Bajo
Mediona (Barcelona),Muy bajo,Muy bajo,Muy bajo,Muy bajo,Muy bajo,Muy bajo,Muy bajo
Medranda (Guadalajara),Muy bajo,Muy bajo,Muy bajo,Muy bajo,Muy bajo,Muy bajo,Muy bajo
Medrano (La Rioja),Bajo,Bajo,Muy bajo,Muy bajo,Muy bajo,Bajo,Bajo
Megeces (Valladolid),Muy bajo,Muy bajo,Muy bajo,Muy bajo,Muy bajo,Muy bajo,Bajo
Megina (Guadalajara),Muy bajo,Muy bajo,Muy bajo,Muy bajo,Muy bajo,Bajo,Bajo
Meira (Lugo),Muy bajo,Muy bajo,Muy bajo,Muy bajo,Muy bajo,Muy bajo,Bajo
Meis (Pontevedra),Bajo,Muy bajo,Muy bajo,Bajo,Bajo,Bajo,Bajo
Mejorada (Toledo),Muy bajo,Muy bajo,Muy bajo,Muy bajo,Muy bajo,Bajo,Bajo
Mejorada del Campo (Madrid),Muy bajo,Muy bajo,Muy bajo,Muy bajo,Muy bajo,Muy bajo,Muy bajo
Melgar de Abajo (Valladolid),Muy bajo,Bajo,Muy bajo,Bajo,Bajo,Bajo,Bajo
Melgar de Arriba (Valladolid),Muy bajo,Bajo,Muy bajo,Bajo,Bajo,Bajo,Bajo
Melgar de Fernamental (Burgos),Muy bajo,Bajo,Muy bajo,Muy bajo,Muy bajo,Bajo,Bajo
Melgar de Tera (Zamora),Muy bajo,Muy bajo,Muy bajo,Muy bajo,Muy bajo,Bajo,Bajo
Melgar de Yuso (Palencia),Muy bajo,Bajo,Bajo,Muy bajo,Bajo,Bajo,Bajo
Meliana (Valencia),Muy bajo,Muy bajo,Muy bajo,Muy bajo,Muy bajo,Muy bajo,Muy bajo
Melide (A Coruña),Moderado,Muy bajo,Muy bajo,Bajo,Bajo,Bajo,Moderado
Melilla (Melilla),Muy bajo,Muy bajo,Muy bajo,Muy bajo,Muy bajo,Muy bajo,Muy bajo
Melque de Cercos (Segovia),Muy bajo,Muy bajo,Muy bajo,Muy bajo,Muy bajo,Muy bajo,Bajo
Melón (Ourense),Bajo,Muy bajo,Muy bajo,Bajo,Bajo,Bajo,Bajo
Membibre de la Hoz (Segovia),Bajo,Muy bajo,Muy bajo,Muy bajo,Muy bajo,Bajo,Bajo
Membribe de la Sierra (Salamanca),Muy bajo,Muy bajo,Muy bajo,Muy bajo,Bajo,Bajo,Bajo
Membrilla (Ciudad Real),Muy bajo,Muy bajo,Muy bajo,Muy bajo,Muy bajo,Muy bajo,Muy bajo
Membrillera (Guadalajara),Muy bajo,Muy bajo,Muy bajo,Muy bajo,Muy bajo,Muy bajo,Muy bajo
Membrío (Cáceres),Muy bajo,Muy bajo,Muy bajo,Muy bajo,Bajo,Bajo,Bajo
Menasalbas (Toledo),Muy bajo,Muy bajo,Muy bajo,Muy bajo,Muy bajo,Muy bajo,Muy bajo
Mendaro (Guipúzcoa),Bajo,Moderado,Muy bajo,Muy bajo,Muy bajo,Bajo,Moderado
Mendata (Vizcaya),Bajo,Moderado,Muy bajo,Muy bajo,Muy bajo,Bajo,Bajo
Mendavia (Navarra),Bajo,Moderado,Muy bajo,Muy bajo,Muy bajo,Bajo,Bajo
Mendaza (Navarra),Muy bajo,Bajo,Muy bajo,Muy bajo,Muy bajo,Bajo,Bajo
Mendexa (Vizcaya),Muy bajo,Bajo,Muy bajo,Muy bajo,Muy bajo,Muy bajo,Bajo
Mendigorria (Navarra),Muy bajo,Bajo,Muy bajo,Muy bajo,Muy bajo,Muy bajo,Bajo
Meneses de Campos (Palencia),Muy bajo,Muy bajo,Bajo,Muy bajo,Muy bajo,Bajo,Bajo
Mengabril (Badajoz),Muy bajo,Muy bajo,Muy bajo,Muy bajo,Muy bajo,Muy bajo,Muy bajo
Mengamuñoz (Ávila),Muy bajo,Muy bajo,Muy bajo,Muy bajo,Bajo,Bajo,Bajo
Mengíbar (Jaén),Muy bajo,Muy bajo,Muy bajo,Muy bajo,Muy bajo,Muy bajo,Muy bajo
Menàrguens (Lleida),Muy bajo,Muy bajo,Muy bajo,Muy bajo,Muy bajo,Muy bajo,Muy bajo
Mequinenza (Zaragoza),Muy bajo,Muy bajo,Muy bajo,Bajo,Bajo,Muy bajo,Muy bajo
Meranges (Girona),Muy bajo,Bajo,Bajo,Muy bajo,Bajo,Bajo,Moderado
Merindad de Cuesta-Urria (Burgos),Muy bajo,Bajo,Muy bajo,Muy bajo,Muy bajo,Muy bajo,Bajo
Merindad de Montija (Burgos),Muy bajo,Bajo,Muy bajo,Muy bajo,Muy bajo,Muy bajo,Bajo
Merindad de Río Ubierna (Burgos),Muy bajo,Bajo,Bajo,Muy bajo,Bajo,Bajo,Moderado
Merindad de Sotoscueva (Burgos),Muy bajo,Bajo,Muy bajo,Muy bajo,Muy bajo,Muy bajo,Bajo
Merindad de Valdeporres (Burgos),Muy bajo,Bajo,Muy bajo,Muy bajo,Muy bajo,Muy bajo,Bajo
Merindad de Valdivielso (Burgos),Muy bajo,Bajo,Muy bajo,Muy bajo,Muy bajo,Muy bajo,Bajo
Meruelo (Cantabria),Muy bajo,Muy bajo,Muy bajo,Muy bajo,Muy bajo,Bajo,Bajo
Mesas de Ibor (Cáceres),Muy bajo,Muy bajo,Muy bajo,Muy bajo,Muy bajo,Muy bajo,Muy bajo
Mesegar de Corneja (Ávila),Muy bajo,Muy bajo,Muy bajo,Muy bajo,Bajo,Bajo,Bajo
Mesegar de Tajo (Toledo),Muy bajo,Muy bajo,Muy bajo,Muy bajo,Muy bajo,Muy bajo,Muy bajo
Mesones de Isuela (Zaragoza),Muy bajo,Muy bajo,Muy bajo,Muy bajo,Muy bajo,Muy bajo,Muy bajo
Mestanza (Ciudad Real),Muy bajo,Muy bajo,Muy bajo,Muy bajo,Muy bajo,Bajo,Bajo
Mesía (A Coruña),Bajo,Muy bajo,Muy bajo,Muy bajo,Bajo,Bajo,Bajo
Metauten (Navarra),Bajo,Bajo,Muy bajo,Muy bajo,Muy bajo,Bajo,Bajo
Mezalocha (Zaragoza),Muy bajo,Muy bajo,Muy bajo,Muy bajo,Bajo,Bajo,Bajo
Mezquita de Jarque (Teruel),Muy bajo,Muy bajo,Muy bajo,Muy bajo,Muy bajo,Muy bajo,Bajo
Meñaka (Vizcaya),Muy bajo,Bajo,Muy bajo,Muy bajo,Muy bajo,Bajo,Bajo
Miajadas (Cáceres),Muy bajo,Muy bajo,Muy bajo,Muy bajo,Muy bajo,Bajo,Muy bajo
Mianos (Zaragoza),Muy bajo,Bajo,Muy bajo,Muy bajo,Muy bajo,Bajo,Bajo
Micereces de Tera (Zamora),Muy bajo,Bajo,Muy bajo,Muy bajo,Bajo,Bajo,Bajo
Micieces de Ojeda (Palencia),Muy bajo,Bajo,Muy bajo,Muy bajo,Muy bajo,Bajo,Bajo
Miedes de Aragón (Zaragoza),Muy bajo,Muy bajo,Muy bajo,Muy bajo,Muy bajo,Muy bajo,Muy bajo
Miedes de Atienza (Guadalajara),Muy bajo,Muy bajo,Muy bajo,Muy bajo,Bajo,Bajo,Bajo
Miengo (Cantabria),Muy bajo,Muy bajo,Muy bajo,Muy bajo,Muy bajo,Bajo,Bajo
Miera (Cantabria),Muy bajo,Bajo,Muy bajo,Muy bajo,Muy bajo,Bajo,Bajo
Mieres (Asturias),Bajo,Bajo,Muy bajo,Muy bajo,Muy bajo,Bajo,Moderado
Mieres (Girona),Muy bajo,Muy bajo,Muy bajo,Muy bajo,Muy bajo,Muy bajo,Muy bajo
Mieza (Salamanca),Bajo,Muy bajo,Muy bajo,Bajo,Bajo,Bajo,Bajo
Miguel Esteban (Toledo),Muy bajo,Muy bajo,Muy bajo,Muy bajo,Muy bajo,Muy bajo,Muy bajo
Miguelturra (Ciudad Real),Muy bajo,Muy bajo,Muy bajo,Muy bajo,Muy bajo,Muy bajo,Muy bajo
Migueláñez (Segovia),Muy bajo,Muy bajo,Muy bajo,Muy bajo,Muy bajo,Muy bajo,Bajo
Mijares (Ávila),Muy bajo,Muy bajo,Muy bajo,Muy bajo,Muy bajo,Bajo,Bajo
Mijas (Málaga),Muy bajo,Muy bajo,Muy bajo,Muy bajo,Muy bajo,Muy bajo,Muy bajo
Milagro (Navarra),Muy bajo,Moderado,Muy bajo,Muy bajo,Bajo,Muy bajo,Bajo
Milagros (Burgos),Muy bajo,Muy bajo,Muy bajo,Muy bajo,Muy bajo,Muy bajo,Muy bajo
Millana (Guadalajara),Muy bajo,Muy bajo,Muy bajo,Muy bajo,Muy bajo,Muy bajo,Bajo
Millanes (Cáceres),Muy bajo,Muy bajo,Muy bajo,Muy bajo,Muy bajo,Bajo,Bajo
Millares (Valencia),Muy bajo,Muy bajo,Muy bajo,Muy bajo,Muy bajo,Muy bajo,Muy bajo
Millena (Alicante),Muy bajo,Muy bajo,Muy bajo,Muy bajo,Muy bajo,Muy bajo,Muy bajo
Milles de la Polvorosa (Zamora),Muy bajo,Muy bajo,Muy bajo,Bajo,Bajo,Bajo,Bajo
Milmarcos (Guadalajara),Muy bajo,Muy bajo,Muy bajo,Muy bajo,Muy bajo,Bajo,Bajo
Minas de Riotinto (Huelva),Muy bajo,Muy bajo,Muy bajo,Muy bajo,Bajo,Bajo,Bajo
Minaya (Albacete),Muy bajo,Muy bajo,Muy bajo,Muy bajo,Muy bajo,Bajo,Bajo
Minglanilla (Cuenca),Muy bajo,Muy bajo,Muy bajo,Muy bajo,Muy bajo,Muy bajo,Muy bajo
Mingorría (Ávila),Bajo,Muy bajo,Muy bajo,Muy bajo,Muy bajo,Bajo,Bajo
Mira (Cuenca),Muy bajo,Muy bajo,Muy bajo,Muy bajo,Muy bajo,Muy bajo,Muy bajo
Mirabel (Cáceres),Muy bajo,Muy bajo,Muy bajo,Muy bajo,Muy bajo,Muy bajo,Muy bajo
Mirabueno (Guadalajara),Muy bajo,Muy bajo,Muy bajo,Muy bajo,Muy bajo,Muy bajo,Bajo
Miraflores de la Sierra (Madrid),Muy bajo,Muy bajo,Muy bajo,Muy bajo,Muy bajo,Bajo,Bajo
Mirafuentes (Navarra),Muy bajo,Bajo,Muy bajo,Muy bajo,Muy bajo,Muy bajo,Bajo
Miralcamp (Lleida),Muy bajo,Muy bajo,Muy bajo,Muy bajo,Muy bajo,Muy bajo,Muy bajo
Miralrío (Guadalajara),Muy bajo,Muy bajo,Muy bajo,Muy bajo,Muy bajo,Muy bajo,Muy bajo
Miramar (Valencia),Muy bajo,Muy bajo,Muy bajo,Muy bajo,Muy bajo,Muy bajo,Muy bajo
Mirambel (Teruel),Muy bajo,Muy bajo,Muy bajo,Muy bajo,Muy bajo,Muy bajo,Bajo
Miranda de Arga (Navarra),Muy bajo,Bajo,Muy bajo,Muy bajo,Muy bajo,Muy bajo,Bajo
Miranda de Azán (Salamanca),Muy bajo,Muy bajo,Muy bajo,Muy bajo,Bajo,Bajo,Bajo
Miranda de Ebro (Burgos),Muy bajo,Bajo,Muy bajo,Muy bajo,Muy bajo,Bajo,Bajo
Miranda del Castañar (Salamanca),Muy bajo,Muy bajo,Muy bajo,Muy bajo,Bajo,Bajo,Bajo
Mirandilla (Badajoz),Muy bajo,Muy bajo,Muy bajo,Muy bajo,Bajo,Bajo,Bajo
Miraveche (Burgos),Muy bajo,Bajo,Muy bajo,Muy bajo,Muy bajo,Muy bajo,Bajo
Miravet (Tarragona),Muy bajo,Muy bajo,Muy bajo,Muy bajo,Muy bajo,Muy bajo,Muy bajo
Miravete de la Sierra (Teruel),Muy bajo,Muy bajo,Muy bajo,Muy bajo,Muy bajo,Muy bajo,Bajo
Mironcillo (Ávila),Muy bajo,Muy bajo,Muy bajo,Bajo,Bajo,Bajo,Bajo
Mirueña de los Infanzones (Ávila),Muy bajo,Muy bajo,Muy bajo,Muy bajo,Muy bajo,Bajo,Bajo
Mislata (Valencia),Muy bajo,Muy bajo,Muy bajo,Muy bajo,Muy bajo,Muy bajo,Muy bajo
Miño (A Coruña),Bajo,Muy bajo,Muy bajo,Bajo,Bajo,Bajo,Bajo
Miño de Medinaceli (Soria),Muy bajo,Muy bajo,Muy bajo,Muy bajo,Muy bajo,Muy bajo,Muy bajo
Miño de San Esteban (Soria),Muy bajo,Muy bajo,Muy bajo,Muy bajo,Muy bajo,Bajo,Bajo
Moaña (Pontevedra),Moderado,Muy bajo,Muy bajo,Bajo,Bajo,Bajo,Muy bajo
Mocejón (Toledo),Muy bajo,Muy bajo,Muy bajo,Muy bajo,Muy bajo,Muy bajo,Muy bajo
Mochales (Guadalajara),Muy bajo,Muy bajo,Muy bajo,Muy bajo,Muy bajo,Muy bajo,Muy bajo
Moclinejo (Málaga),Muy bajo,Muy bajo,Muy bajo,Muy bajo,Muy bajo,Muy bajo,Muy bajo
Moclín (Granada),Muy bajo,Muy bajo,Muy bajo,Muy bajo,Muy bajo,Muy bajo,Muy bajo
Modúbar de la Emparedada (Burgos),Bajo,Bajo,Bajo,Muy bajo,Bajo,Bajo,Moderado
Moeche (A Coruña),Bajo,Muy bajo,Muy bajo,Muy bajo,Bajo,Bajo,Bajo
Mogarraz (Salamanca),Muy bajo,Muy bajo,Muy bajo,Muy bajo,Bajo,Bajo,Bajo
Moguer (Huelva),Muy bajo,Muy bajo,Muy bajo,Bajo,Muy alto,Bajo,Bajo
Mogán (Las Palmas),Bajo,Muy bajo,Muy bajo,Muy bajo,Muy bajo,Muy bajo,Muy bajo
Mohedas de Granadilla (Cáceres),Muy bajo,Muy bajo,Muy bajo,Muy bajo,Muy bajo,Muy bajo,Bajo
Mohedas de la Jara (Toledo),Muy bajo,Muy bajo,Muy bajo,Muy bajo,Muy bajo,Muy bajo,Muy bajo
Mohernando (Guadalajara),Muy bajo,Muy bajo,Muy bajo,Muy bajo,Muy bajo,Muy bajo,Muy bajo
Moixent/Mogente (Valencia),Muy bajo,Muy bajo,Muy bajo,Muy bajo,Muy bajo,Muy bajo,Muy bajo
Moià (Barcelona),Muy bajo,Muy bajo,Muy bajo,Muy bajo,Muy bajo,Muy bajo,Bajo
Mojados (Valladolid),Muy bajo,Muy bajo,Muy bajo,Muy bajo,Muy bajo,Muy bajo,Bajo
Mojácar (Almería),Muy bajo,Muy bajo,Muy bajo,Muy bajo,Muy bajo,Muy bajo,Muy bajo
Molacillos (Zamora),Muy bajo,Muy bajo,Muy bajo,Muy bajo,Muy bajo,Bajo,Muy bajo
Molezuelas de la Carballeda (Zamora),Bajo,Muy bajo,Muy bajo,Muy bajo,Muy bajo,Bajo,Bajo
Molina de Aragón (Guadalajara),Muy bajo,Muy bajo,Muy bajo,Muy bajo,Muy bajo,Bajo,Bajo
Molina de Segura (Murcia),Muy bajo,Muy bajo,Muy bajo,Muy bajo,Muy bajo,Muy bajo,Muy bajo
Molinaseca (León),Muy bajo,Muy bajo,Muy bajo,Muy bajo,Muy bajo,Muy bajo,Bajo
Molinicos (Albacete),Muy bajo,Muy bajo,Muy bajo,Muy bajo,Muy bajo,Muy bajo,Muy bajo
Molinillo (Salamanca),Muy bajo,Muy bajo,Muy bajo,Muy bajo,Bajo,Bajo,Bajo
Molinos (Teruel),Muy bajo,Muy bajo,Muy bajo,Muy bajo,Muy bajo,Muy bajo,Muy bajo
Molinos de Duero (Soria),Muy bajo,Muy bajo,Muy bajo,Muy bajo,Muy bajo,Bajo,Bajo
Molins de Rei (Barcelona),Muy bajo,Muy bajo,Muy bajo,Muy bajo,Muy bajo,Muy bajo,Muy bajo
Molledo (Cantabria),Muy bajo,Bajo,Muy bajo,Muy bajo,Muy bajo,Muy bajo,Bajo
Mollerussa (Lleida),Muy bajo,Muy bajo,Muy bajo,Muy bajo,Muy bajo,Muy bajo,Muy bajo
Mollet de Peralada (Girona),Muy bajo,Muy bajo,Muy bajo,Muy bajo,Muy bajo,Muy bajo,Muy bajo
Mollet del Vallès (Barcelona),Muy bajo,Muy bajo,Muy bajo,Muy bajo,Muy bajo,Muy bajo,Muy bajo
Mollina (Málaga),Bajo,Muy bajo,Muy bajo,Muy bajo,Muy bajo,Muy bajo,Muy bajo
Molló (Girona),Muy bajo,Muy bajo,Muy bajo,Muy bajo,Muy bajo,Bajo,Bajo
Molvízar (Granada),Muy bajo,Muy bajo,Muy bajo,Muy bajo,Muy bajo,Muy bajo,Muy bajo
Mombeltrán (Ávila),Muy bajo,Muy bajo,Muy bajo,Muy bajo,Muy bajo,Muy bajo,Muy bajo
Momblona (Soria),Muy bajo,Muy bajo,Muy bajo,Muy bajo,Bajo,Bajo,Bajo
Mombuey (Zamora),Bajo,Muy bajo,Muy bajo,Muy bajo,Muy bajo,Bajo,Bajo
Monachil (Granada),Muy bajo,Muy bajo,Muy bajo,Muy bajo,Muy bajo,Muy bajo,Muy bajo
Monasterio (Guadalajara),Muy bajo,Muy bajo,Muy bajo,Muy bajo,Muy bajo,Muy bajo,Muy bajo
Monasterio de Rodilla (Burgos),Muy bajo,Bajo,Bajo,Muy bajo,Muy bajo,Bajo,Moderado
Monasterio de Vega (Valladolid),Muy bajo,Bajo,Muy bajo,Bajo,Bajo,Bajo,Bajo
Monasterio de la Sierra (Burgos),Bajo,Bajo,Muy bajo,Bajo,Bajo,Bajo,Moderado
Moncalvillo (Burgos),Bajo,Bajo,Muy bajo,Muy bajo,Bajo,Bajo,Moderado
Moncofa (Castellón),Muy bajo,Muy bajo,Muy bajo,Muy bajo,Muy bajo,Muy bajo,Muy bajo
Monda (Málaga),Muy bajo,Muy bajo,Muy bajo,Muy bajo,Muy bajo,Muy bajo,Muy bajo
Mondariz (Pontevedra),Bajo,Muy bajo,Muy bajo,Bajo,Bajo,Bajo,Bajo
Mondariz-Balneario (Pontevedra),Bajo,Muy bajo,Muy bajo,Bajo,Bajo,Bajo,Bajo
Mondoñedo (Lugo),Muy bajo,Muy bajo,Muy bajo,Muy bajo,Muy bajo,Bajo,Bajo
Mondéjar (Guadalajara),Muy bajo,Muy bajo,Muy bajo,Muy bajo,Muy bajo,Muy bajo,Muy bajo
Monegrillo (Zaragoza),Muy bajo,Muy bajo,Muy bajo,Bajo,Bajo,Muy bajo,Bajo
Monesma y Cajigar (Huesca),Muy bajo,Muy bajo,Muy bajo,Muy bajo,Muy bajo,Bajo,Bajo
Monesterio (Badajoz),Muy bajo,Muy bajo,Muy bajo,Muy bajo,Bajo,Muy bajo,Bajo
Moneva (Zaragoza),Muy bajo,Muy bajo,Muy bajo,Muy bajo,Muy bajo,Muy bajo,Muy bajo
Monfarracinos (Zamora),Muy bajo,Muy bajo,Muy bajo,Muy bajo,Muy bajo,Bajo,Muy bajo
Monfero (A Coruña),Bajo,Muy bajo,Muy bajo,Bajo,Bajo,Bajo,Moderado
Monflorite-Lascasas (Huesca),Muy bajo,Muy bajo,Muy bajo,Muy bajo,Muy bajo,Muy bajo,Bajo
Monforte de Lemos (Lugo),Bajo,Muy bajo,Muy bajo,Muy bajo,Bajo,Bajo,Bajo
Monforte de Moyuela (Teruel),Muy bajo,Muy bajo,Muy bajo,Muy bajo,Muy bajo,Muy bajo,Bajo
Monforte de la Sierra (Salamanca),Muy bajo,Muy bajo,Muy bajo,Muy bajo,Muy bajo,Bajo,Bajo
Monforte del Cid (Alicante),Muy bajo,Muy bajo,Muy bajo,Muy bajo,Muy bajo,Muy bajo,Muy bajo
Monistrol de Calders (Barcelona),Muy bajo,Muy bajo,Muy bajo,Muy bajo,Muy bajo,Muy bajo,Bajo
Monistrol de Montserrat (Barcelona),Muy bajo,Muy bajo,Muy bajo,Muy bajo,Muy bajo,Muy bajo,Muy bajo
Monleras (Salamanca),Muy bajo,Muy bajo,Muy bajo,Muy bajo,Bajo,Bajo,Bajo
Monleón (Salamanca),Muy bajo,Muy bajo,Muy bajo,Muy bajo,Bajo,Bajo,Bajo
Monreal de Ariza (Zaragoza),Muy bajo,Muy bajo,Muy bajo,Muy bajo,Muy bajo,Bajo,Bajo
Monreal del Campo (Teruel),Muy bajo,Muy bajo,Muy bajo,Muy bajo,Muy bajo,Muy bajo,Muy bajo
Monreal del Llano (Cuenca),Muy bajo,Muy bajo,Muy bajo,Muy bajo,Muy bajo,Muy bajo,Muy bajo
Monreal/Elo (Navarra),Muy bajo,Bajo,Muy bajo,Muy bajo,Muy bajo,Muy bajo,Bajo
Monroy (Cáceres),Muy bajo,Muy bajo,Muy bajo,Muy bajo,Muy bajo,Muy bajo,Bajo
Monroyo (Teruel),Muy bajo,Muy bajo,Muy bajo,Muy bajo,Muy bajo,Muy bajo,Muy bajo
Monsagro (Salamanca),Muy bajo,Muy bajo,Muy bajo,Muy bajo,Muy bajo,Bajo,Bajo
Monsalupe (Ávila),Muy bajo,Muy bajo,Muy bajo,Muy bajo,Muy bajo,Bajo,Bajo
Mont-ral (Tarragona),Muy bajo,Muy bajo,Muy bajo,Muy bajo,Muy bajo,Muy bajo,Muy bajo
Mont-ras (Girona),Muy bajo,Muy bajo,Muy bajo,Muy bajo,Muy bajo,Muy bajo,Muy bajo
Mont-roig del Camp (Tarragona),Muy bajo,Muy bajo,Muy bajo,Muy bajo,Muy bajo,Muy bajo,Muy bajo
Montagut i Oix (Girona),Muy bajo,Muy bajo,Muy bajo,Muy bajo,Muy bajo,Muy bajo,Muy bajo
Montalbanejo (Cuenca),Muy bajo,Muy bajo,Muy bajo,Muy bajo,Muy bajo,Bajo,Muy bajo
Montalbo (Cuenca),Muy bajo,Muy bajo,Muy bajo,Muy bajo,Muy bajo,Muy bajo,Muy bajo
Montalbán (Teruel),Muy bajo,Muy bajo,Muy bajo,Muy bajo,Muy bajo,Muy bajo,Bajo
Montalbán de Córdoba (Córdoba),Muy bajo,Muy bajo,Muy bajo,Muy bajo,Muy bajo,Muy bajo,Muy bajo
Montalvos (Albacete),Muy bajo,Muy bajo,Muy bajo,Muy bajo,Muy bajo,Bajo,Bajo
Montamarta (Zamora),Muy bajo,Muy bajo,Muy bajo,Muy bajo,Muy bajo,Bajo,Muy bajo
Montanejos (Castellón),Muy bajo,Muy bajo,Muy bajo,Muy bajo,Muy bajo,Muy bajo,Muy bajo
Montanuy (Huesca),Muy bajo,Muy bajo,Muy bajo,Muy bajo,Muy bajo,Bajo,Moderado
Montarrón (Guadalajara),Muy bajo,Muy bajo,Muy bajo,Muy bajo,Muy bajo,Muy bajo,Muy bajo
Montaverner (Valencia),Muy bajo,Muy bajo,Muy bajo,Muy bajo,Muy bajo,Muy bajo,Muy bajo
Montblanc (Tarragona),Muy bajo,Muy bajo,Muy bajo,Muy bajo,Muy bajo,Muy bajo,Muy bajo
Montbrió del Camp (Tarragona),Muy bajo,Muy bajo,Muy bajo,Muy bajo,Muy bajo,Muy bajo,Muy bajo
Montcada i Reixac (Barcelona),Muy bajo,Muy bajo,Muy bajo,Muy bajo,Muy bajo,Muy bajo,Muy bajo
Montcada/Moncada (Valencia),Muy bajo,Muy bajo,Muy bajo,Muy bajo,Muy bajo,Muy bajo,Muy bajo
Montclar (Barcelona),Muy bajo,Muy bajo,Muy bajo,Muy bajo,Muy bajo,Muy bajo,Bajo
Monte Comunal de las Limitaciones de las Améscoas (nan),Bajo,Bajo,Muy bajo,Muy bajo,Muy bajo,Muy bajo,Bajo
Monte Revenga (nan),Bajo,Bajo,Muy bajo,Muy bajo,Muy bajo,Bajo,Moderado
Monte de la Mata (nan),Muy bajo,Muy bajo,Muy bajo,Muy bajo,Muy bajo,Muy bajo,Muy bajo
Monteagudo (Navarra),Muy bajo,Bajo,Muy bajo,Muy bajo,Bajo,Bajo,Bajo
Monteagudo de las Salinas (Cuenca),Muy bajo,Muy bajo,Muy bajo,Muy bajo,Muy bajo,Bajo,Muy bajo
Monteagudo de las Vicarías (Soria),Muy bajo,Muy bajo,Muy bajo,Muy bajo,Bajo,Bajo,Bajo
Monteagudo del Castillo (Teruel),Muy bajo,Muy bajo,Muy bajo,Muy bajo,Muy bajo,Muy bajo,Bajo
Montealegre de Campos (Valladolid),Muy bajo,Muy bajo,Bajo,Muy bajo,Muy bajo,Bajo,Bajo
Montealegre del Castillo (Albacete),Muy bajo,Muy bajo,Muy bajo,Muy bajo,Muy bajo,Muy bajo,Muy bajo
Montearagón (Toledo),Muy bajo,Muy bajo,Muy bajo,Muy bajo,Muy bajo,Muy bajo,Muy bajo
Montecorto (Málaga),Moderado,Muy bajo,Muy bajo,Muy bajo,Bajo,Bajo,Bajo
Montederramo (Ourense),Bajo,Muy bajo,Muy bajo,Muy bajo,Muy bajo,Bajo,Bajo
Montefrío (Granada),Muy bajo,Muy bajo,Muy bajo,Muy bajo,Muy bajo,Muy bajo,Muy bajo
Montehermoso (Cáceres),Muy bajo,Muy bajo,Muy bajo,Muy bajo,Muy bajo,Muy bajo,Muy bajo
Montejaque (Málaga),Bajo,Muy bajo,Muy bajo,Muy bajo,Bajo,Bajo,Bajo
Montejo (Salamanca),Muy bajo,Muy bajo,Muy bajo,Muy bajo,Bajo,Bajo,Bajo
Montejo de Arévalo (Segovia),Muy bajo,Muy bajo,Muy bajo,Muy bajo,Muy bajo,Muy bajo,Bajo
Montejo de Tiermes (Soria),Bajo,Bajo,Muy bajo,Bajo,Bajo,Bajo,Bajo
Montejo de la Sierra (Madrid),Muy bajo,Muy bajo,Muy bajo,Muy bajo,Muy bajo,Bajo,Bajo
Montejo de la Vega de la Serrezuela (Segovia),Muy bajo,Muy bajo,Muy bajo,Muy bajo,Muy bajo,Muy bajo,Bajo
Montejícar (Granada),Muy bajo,Muy bajo,Muy bajo,Muy bajo,Muy bajo,Muy bajo,Muy bajo
Montellano (Sevilla),Moderado,Muy bajo,Muy bajo,Bajo,Bajo,Bajo,Bajo
Montellà i Martinet (Lleida),Muy bajo,Muy bajo,Muy bajo,Muy bajo,Muy bajo,Bajo,Moderado
Montemayor (Córdoba),Muy bajo,Muy bajo,Muy bajo,Muy bajo,Muy bajo,Muy bajo,Muy bajo
Montemayor de Pililla (Valladolid),Muy bajo,Muy bajo,Muy bajo,Muy bajo,Muy bajo,Muy bajo,Bajo
Montemayor del Río (Salamanca),Muy bajo,Muy bajo,Muy bajo,Muy bajo,Muy bajo,Bajo,Bajo
Montemolín (Badajoz),Muy bajo,Muy bajo,Muy bajo,Muy bajo,Bajo,Muy bajo,Bajo
Montenegro de Cameros (Soria),Bajo,Bajo,Muy bajo,Muy bajo,Muy bajo,Bajo,Bajo
Monterde (Zaragoza),Muy bajo,Muy bajo,Muy bajo,Muy bajo,Muy bajo,Muy bajo,Muy bajo
Monterde de Albarracín (Teruel),Muy bajo,Muy bajo,Muy bajo,Muy bajo,Muy bajo,Bajo,Bajo
Monterrei (Ourense),Bajo,Muy bajo,Muy bajo,Muy bajo,Bajo,Bajo,Bajo
Monterroso (Lugo),Bajo,Muy bajo,Muy bajo,Muy bajo,Muy bajo,Bajo,Bajo
Monterrubio (Segovia),Bajo,Muy bajo,Muy bajo,Muy bajo,Muy bajo,Bajo,Bajo
Monterrubio de Armuña (Salamanca),Muy bajo,Muy bajo,Muy bajo,Muy bajo,Muy bajo,Bajo,Bajo
Monterrubio de la Demanda (Burgos),Bajo,Bajo,Muy bajo,Muy bajo,Muy bajo,Bajo,Moderado
Monterrubio de la Serena (Badajoz),Muy bajo,Muy bajo,Muy bajo,Muy bajo,Muy bajo,Muy bajo,Muy bajo
Monterrubio de la Sierra (Salamanca),Muy bajo,Muy bajo,Muy bajo,Muy bajo,Bajo,Bajo,Bajo
Montesa (Valencia),Muy bajo,Muy bajo,Muy bajo,Muy bajo,Muy bajo,Muy bajo,Muy bajo
Montesclaros (Toledo),Muy bajo,Muy bajo,Muy bajo,Muy bajo,Muy bajo,Bajo,Muy bajo
Montesquiu (Barcelona),Muy bajo,Muy bajo,Muy bajo,Muy bajo,Muy bajo,Muy bajo,Bajo
Montferrer i Castellbò (Lleida),Muy bajo,Muy bajo,Muy bajo,Muy bajo,Bajo,Moderado,Moderado
Montferri (Tarragona),Muy bajo,Muy bajo,Muy bajo,Muy bajo,Muy bajo,Muy bajo,Muy bajo
Montgai (Lleida),Muy bajo,Muy bajo,Muy bajo,Muy bajo,Muy bajo,Muy bajo,Muy bajo
Montgat (Barcelona),Muy bajo,Muy bajo,Muy bajo,Muy bajo,Muy bajo,Muy bajo,Muy bajo
Montiel (Ciudad Real),Muy bajo,Muy bajo,Muy bajo,Muy bajo,Bajo,Bajo,Bajo
Montijo (Badajoz),Muy bajo,Muy bajo,Muy bajo,Muy bajo,Muy bajo,Bajo,Bajo
Montilla (Córdoba),Muy bajo,Muy bajo,Muy bajo,Muy bajo,Muy bajo,Muy bajo,Muy bajo
Montillana (Granada),Muy bajo,Muy bajo,Muy bajo,Muy bajo,Muy bajo,Muy bajo,Muy bajo
Montitxelvo/Montichelvo (Valencia),Muy bajo,Muy bajo,Muy bajo,Muy bajo,Muy bajo,Muy bajo,Muy bajo
Montizón (Jaén),Muy bajo,Muy bajo,Muy bajo,Muy bajo,Muy bajo,Bajo,Bajo
Montmajor (Barcelona),Muy bajo,Muy bajo,Muy bajo,Muy bajo,Muy bajo,Muy bajo,Bajo
Montmaneu (Barcelona),Muy bajo,Muy bajo,Muy bajo,Muy bajo,Muy bajo,Muy bajo,Bajo
Montmeló (Barcelona),Muy bajo,Muy bajo,Muy bajo,Muy bajo,Muy bajo,Muy bajo,Muy bajo
Montoliu de Lleida (Lleida),Muy bajo,Muy bajo,Muy bajo,Muy bajo,Muy bajo,Muy bajo,Muy bajo
Montoliu de Segarra (Lleida),Muy bajo,Muy bajo,Muy bajo,Muy bajo,Muy bajo,Muy bajo,Muy bajo
Montorio (Burgos),Muy bajo,Bajo,Bajo,Muy bajo,Muy bajo,Bajo,Moderado
Montornès de Segarra (Lleida),Muy bajo,Muy bajo,Muy bajo,Muy bajo,Muy bajo,Muy bajo,Muy bajo
Montornès del Vallès (Barcelona),Muy bajo,Muy bajo,Muy bajo,Muy bajo,Muy bajo,Muy bajo,Muy bajo
Montoro (Córdoba),Muy bajo,Muy bajo,Muy bajo,Muy bajo,Muy bajo,Muy bajo,Muy bajo
Montroi/Montroy (Valencia),Muy bajo,Muy bajo,Muy bajo,Muy bajo,Muy bajo,Muy bajo,Muy bajo
Montseny (Barcelona),Muy bajo,Muy bajo,Muy bajo,Muy bajo,Muy bajo,Muy bajo,Bajo
Montserrat (Valencia),Muy bajo,Muy bajo,Muy bajo,Muy bajo,Muy bajo,Muy bajo,Muy bajo
Monturque (Córdoba),Muy bajo,Muy bajo,Muy bajo,Muy bajo,Muy bajo,Muy bajo,Muy bajo
Montuïri (Baleares),Muy bajo,Muy bajo,Bajo,Muy bajo,Muy bajo,Muy bajo,Muy bajo
Montán (Castellón),Muy bajo,Muy bajo,Muy bajo,Muy bajo,Muy bajo,Muy bajo,Muy bajo
Montánchez (Cáceres),Muy bajo,Muy bajo,Muy bajo,Muy bajo,Muy bajo,Bajo,Bajo
Montón (Zaragoza),Muy bajo,Muy bajo,Muy bajo,Muy bajo,Muy bajo,Muy bajo,Muy bajo
Monzón (Huesca),Muy bajo,Muy bajo,Muy bajo,Muy bajo,Muy bajo,Muy bajo,Muy bajo
Monzón de Campos (Palencia),Muy bajo,Muy bajo,Muy bajo,Muy bajo,Bajo,Bajo,Moderado
Monòver/Monóvar (Alicante),Muy bajo,Muy bajo,Muy bajo,Muy bajo,Muy bajo,Muy bajo,Muy bajo
Mora (Toledo),Muy bajo,Muy bajo,Muy bajo,Muy bajo,Muy bajo,Muy bajo,Muy bajo
Mora de Rubielos (Teruel),Muy bajo,Muy bajo,Muy bajo,Muy bajo,Muy bajo,Muy bajo,Muy bajo
Moradillo de Roa (Burgos),Muy bajo,Muy bajo,Muy bajo,Muy bajo,Muy bajo,Muy bajo,Bajo
Moral de Calatrava (Ciudad Real),Muy bajo,Muy bajo,Muy bajo,Muy bajo,Bajo,Bajo,Bajo
Moral de Hornuez (Segovia),Muy bajo,Muy bajo,Muy bajo,Muy bajo,Muy bajo,Muy bajo,Bajo
Moral de Sayago (Zamora),Muy bajo,Muy bajo,Muy bajo,Muy bajo,Muy bajo,Bajo,Muy bajo
Moral de la Reina (Valladolid),Muy bajo,Muy bajo,Muy bajo,Bajo,Bajo,Bajo,Bajo
Moraleda de Zafayona (Granada),Moderado,Muy bajo,Muy bajo,Muy bajo,Muy bajo,Muy bajo,Muy bajo
Moraleja (Cáceres),Muy bajo,Muy bajo,Muy bajo,Muy bajo,Muy bajo,Muy bajo,Bajo
Moraleja de Enmedio (Madrid),Muy bajo,Muy bajo,Muy bajo,Muy bajo,Muy bajo,Muy bajo,Muy bajo
Moraleja de Matacabras (Ávila),Muy bajo,Muy bajo,Muy bajo,Muy bajo,Muy bajo,Muy bajo,Bajo
Moraleja de Sayago (Zamora),Muy bajo,Muy bajo,Muy bajo,Muy bajo,Muy bajo,Bajo,Bajo
Moraleja de las Panaderas (Valladolid),Muy bajo,Muy bajo,Muy bajo,Muy bajo,Muy bajo,Muy bajo,Bajo
Moraleja del Vino (Zamora),Muy bajo,Muy bajo,Muy bajo,Muy bajo,Muy bajo,Muy bajo,Muy bajo
Morales de Campos (Valladolid),Muy bajo,Muy bajo,Muy bajo,Bajo,Bajo,Bajo,Bajo
Morales de Rey (Zamora),Muy bajo,Bajo,Muy bajo,Bajo,Bajo,Bajo,Bajo
Morales de Toro (Zamora),Muy bajo,Muy bajo,Muy bajo,Muy bajo,Muy bajo,Muy bajo,Muy bajo
Morales de Valverde (Zamora),Muy bajo,Bajo,Bajo,Muy bajo,Muy bajo,Bajo,Bajo
Morales del Vino (Zamora),Muy bajo,Muy bajo,Muy bajo,Muy bajo,Muy bajo,Bajo,Muy bajo
Moralina (Zamora),Muy bajo,Muy bajo,Muy bajo,Muy bajo,Muy bajo,Bajo,Bajo
Moralzarzal (Madrid),Muy bajo,Muy bajo,Muy bajo,Muy bajo,Muy bajo,Bajo,Bajo
Morasverdes (Salamanca),Muy bajo,Muy bajo,Muy bajo,Muy bajo,Bajo,Bajo,Bajo
Morata de Jalón (Zaragoza),Muy bajo,Muy bajo,Muy bajo,Muy bajo,Muy bajo,Muy bajo,Muy bajo
Morata de Jiloca (Zaragoza),Muy bajo,Muy bajo,Muy bajo,Muy bajo,Muy bajo,Muy bajo,Muy bajo
Morata de Tajuña (Madrid),Muy bajo,Muy bajo,Muy bajo,Muy bajo,Muy bajo,Muy bajo,Muy bajo
Moratalla (Murcia),Muy bajo,Muy bajo,Muy bajo,Muy bajo,Muy bajo,Muy bajo,Muy bajo
Moratilla de los Meleros (Guadalajara),Muy bajo,Muy bajo,Muy bajo,Muy bajo,Muy bajo,Muy bajo,Muy bajo
Moratinos (Palencia),Muy bajo,Muy bajo,Muy bajo,Muy bajo,Muy bajo,Bajo,Bajo
Moraña (Pontevedra),Moderado,Muy bajo,Muy bajo,Bajo,Bajo,Bajo,Moderado
Morcillo (Cáceres),Muy bajo,Muy bajo,Muy bajo,Muy bajo,Muy bajo,Muy bajo,Muy bajo
Morcín (Asturias),Muy bajo,Bajo,Muy bajo,Muy bajo,Muy bajo,Bajo,Moderado
Moreda de Álava/Moreda Araba (Álava),Muy bajo,Bajo,Muy bajo,Muy bajo,Muy bajo,Muy bajo,Bajo
Morella (Castellón),Muy bajo,Muy bajo,Muy bajo,Muy bajo,Muy bajo,Muy bajo,Muy bajo
Morelábor (Granada),Muy bajo,Muy bajo,Muy bajo,Muy bajo,Muy bajo,Muy bajo,Muy bajo
Morenilla (Guadalajara),Muy bajo,Muy bajo,Muy bajo,Muy bajo,Muy bajo,Bajo,Bajo
Morentin (Navarra),Bajo,Bajo,Muy bajo,Muy bajo,Muy bajo,Muy bajo,Bajo
Moreruela de Tábara (Zamora),Muy bajo,Muy bajo,Muy bajo,Muy bajo,Bajo,Bajo,Bajo
Moreruela de los Infanzones (Zamora),Muy bajo,Muy bajo,Muy bajo,Muy bajo,Muy bajo,Bajo,Muy bajo
Morga (Vizcaya),Muy bajo,Bajo,Muy bajo,Muy bajo,Muy bajo,Bajo,Bajo
Moriles (Córdoba),Muy bajo,Muy bajo,Muy bajo,Muy bajo,Muy bajo,Muy bajo,Muy bajo
Morille (Salamanca),Muy bajo,Muy bajo,Muy bajo,Muy bajo,Bajo,Bajo,Bajo
Moriscos (Salamanca),Muy bajo,Muy bajo,Muy bajo,Muy bajo,Muy bajo,Muy bajo,Bajo
Moronta (Salamanca),Bajo,Muy bajo,Muy bajo,Bajo,Bajo,Bajo,Bajo
Moros (Zaragoza),Muy bajo,Muy bajo,Muy bajo,Muy bajo,Muy bajo,Muy bajo,Bajo
Morés (Zaragoza),Muy bajo,Muy bajo,Muy bajo,Muy bajo,Muy bajo,Muy bajo,Muy bajo
Moríñigo (Salamanca),Muy bajo,Muy bajo,Muy bajo,Muy bajo,Muy bajo,Muy bajo,Bajo
Morón de Almazán (Soria),Muy bajo,Muy bajo,Muy bajo,Muy bajo,Muy bajo,Bajo,Bajo
Morón de la Frontera (Sevilla),Bajo,Muy bajo,Muy bajo,Muy bajo,Bajo,Bajo,Bajo
Mos (Pontevedra),Bajo,Muy bajo,Muy bajo,Bajo,Bajo,Bajo,Bajo
Moscardón (Teruel),Muy bajo,Muy bajo,Muy bajo,Muy bajo,Muy bajo,Bajo,Bajo
Mosqueruela (Teruel),Muy bajo,Muy bajo,Muy bajo,Muy bajo,Muy bajo,Muy bajo,Bajo
Mota de Altarejos (Cuenca),Muy bajo,Muy bajo,Muy bajo,Muy bajo,Muy bajo,Bajo,Bajo
Mota del Cuervo (Cuenca),Muy bajo,Muy bajo,Muy bajo,Muy bajo,Muy bajo,Muy bajo,Muy bajo
Mota del Marqués (Valladolid),Muy bajo,Muy bajo,Muy bajo,Muy bajo,Bajo,Bajo,Bajo
Motilla del Palancar (Cuenca),Muy bajo,Muy bajo,Muy bajo,Muy bajo,Muy bajo,Bajo,Bajo
Motilleja (Albacete),Muy bajo,Muy bajo,Muy bajo,Muy bajo,Muy bajo,Muy bajo,Muy bajo
Motril (Granada),Muy bajo,Muy bajo,Muy bajo,Muy bajo,Muy bajo,Muy bajo,Muy bajo
Moya (Cuenca),Muy bajo,Muy bajo,Muy bajo,Muy bajo,Muy bajo,Bajo,Muy bajo
Moya (Las Palmas),Bajo,Muy bajo,Muy bajo,Muy bajo,Muy bajo,Muy bajo,Muy bajo
Moyuela (Zaragoza),Muy bajo,Muy bajo,Muy bajo,Muy bajo,Muy bajo,Muy bajo,Bajo
Mozoncillo (Segovia),Muy bajo,Muy bajo,Muy bajo,Muy bajo,Muy bajo,Bajo,Bajo
Mozota (Zaragoza),Muy bajo,Muy bajo,Muy bajo,Muy bajo,Bajo,Muy bajo,Bajo
Mozárbez (Salamanca),Muy bajo,Muy bajo,Muy bajo,Muy bajo,Bajo,Bajo,Bajo
Mucientes (Valladolid),Muy bajo,Muy bajo,Muy bajo,Muy bajo,Muy bajo,Bajo,Bajo
Muduex (Guadalajara),Muy bajo,Muy bajo,Muy bajo,Muy bajo,Muy bajo,Muy bajo,Muy bajo
Mudá (Palencia),Muy bajo,Bajo,Muy bajo,Muy bajo,Muy bajo,Muy bajo,Bajo
Muel (Zaragoza),Muy bajo,Muy bajo,Muy bajo,Muy bajo,Bajo,Muy bajo,Bajo
Muelas de los Caballeros (Zamora),Muy bajo,Muy bajo,Muy bajo,Muy bajo,Muy bajo,Bajo,Bajo
Muelas del Pan (Zamora),Muy bajo,Muy bajo,Muy bajo,Muy bajo,Muy bajo,Muy bajo,Muy bajo
Mues (Navarra),Bajo,Bajo,Muy bajo,Muy bajo,Muy bajo,Bajo,Bajo
Muga de Sayago (Zamora),Muy bajo,Muy bajo,Muy bajo,Muy bajo,Muy bajo,Bajo,Bajo
Mugardos (A Coruña),Bajo,Muy bajo,Muy bajo,Muy bajo,Bajo,Bajo,Bajo
Mula (Murcia),Muy bajo,Muy bajo,Muy bajo,Muy bajo,Muy bajo,Muy bajo,Muy bajo
Mundaka (Vizcaya),Muy bajo,Muy bajo,Muy bajo,Muy bajo,Muy bajo,Muy bajo,Muy bajo
Munera (Albacete),Muy bajo,Muy bajo,Muy bajo,Muy bajo,Muy bajo,Muy bajo,Muy bajo
Mungia (Vizcaya),Muy bajo,Bajo,Muy bajo,Muy bajo,Muy bajo,Muy bajo,Bajo
Muniesa (Teruel),Muy bajo,Muy bajo,Muy bajo,Muy bajo,Muy bajo,Muy bajo,Bajo
Munilla (La Rioja),Bajo,Bajo,Muy bajo,Muy bajo,Muy bajo,Muy bajo,Bajo
Munitibar-Arbatzegi Gerrikaitz (Vizcaya),Bajo,Moderado,Muy bajo,Muy bajo,Muy bajo,Muy bajo,Bajo
Muntanyola (Barcelona),Muy bajo,Muy bajo,Muy bajo,Muy bajo,Muy bajo,Muy bajo,Bajo
Munébrega (Zaragoza),Muy bajo,Muy bajo,Muy bajo,Muy bajo,Muy bajo,Muy bajo,Muy bajo
Mura (Barcelona),Muy bajo,Muy bajo,Muy bajo,Muy bajo,Muy bajo,Muy bajo,Muy bajo
Muras (Lugo),Muy bajo,Muy bajo,Muy bajo,Muy bajo,Muy bajo,Bajo,Bajo
Murchante (Navarra),Muy bajo,Bajo,Muy bajo,Muy bajo,Bajo,Bajo,Bajo
Murcia (Murcia),Muy bajo,Muy bajo,Muy bajo,Muy bajo,Muy bajo,Muy bajo,Muy bajo
Murero (Zaragoza),Muy bajo,Muy bajo,Muy bajo,Muy bajo,Muy bajo,Muy bajo,Muy bajo
Murias de Paredes (León),Muy bajo,Muy bajo,Muy bajo,Muy bajo,Muy bajo,Bajo,Bajo
Muriel (Valladolid),Muy bajo,Muy bajo,Muy bajo,Muy bajo,Muy bajo,Muy bajo,Bajo
Muriel Viejo (Soria),Muy bajo,Muy bajo,Muy bajo,Muy bajo,Muy bajo,Bajo,Bajo
Muriel de la Fuente (Soria),Muy bajo,Muy bajo,Muy bajo,Muy bajo,Muy bajo,Bajo,Bajo
Murieta (Navarra),Muy bajo,Bajo,Muy bajo,Muy bajo,Muy bajo,Bajo,Bajo
Murillo de Gállego (Zaragoza),Muy bajo,Muy bajo,Muy bajo,Muy bajo,Muy bajo,Muy bajo,Bajo
Murillo de Río Leza (La Rioja),Bajo,Bajo,Muy bajo,Muy bajo,Muy bajo,Bajo,Bajo
Murillo el Cuende (Navarra),Muy bajo,Muy bajo,Muy bajo,Muy bajo,Muy bajo,Muy bajo,Bajo
Murillo el Fruto (Navarra),Muy bajo,Muy bajo,Muy bajo,Muy bajo,Muy bajo,Muy bajo,Bajo
Murla (Alicante),Muy bajo,Muy bajo,Muy bajo,Muy bajo,Muy bajo,Muy bajo,Muy bajo
Muro (Baleares),Muy bajo,Muy bajo,Muy bajo,Muy bajo,Muy bajo,Muy bajo,Muy bajo
Muro de Aguas (La Rioja),Muy bajo,Bajo,Muy bajo,Muy bajo,Muy bajo,Bajo,Bajo
Muro de Alcoy (Alicante),Muy bajo,Muy bajo,Muy bajo,Muy bajo,Muy bajo,Muy bajo,Muy bajo
Muro en Cameros (La Rioja),Bajo,Bajo,Muy bajo,Muy bajo,Muy bajo,Muy bajo,Bajo
Muros (A Coruña),Bajo,Muy bajo,Muy bajo,Bajo,Bajo,Moderado,Bajo
Muros de Nalón (Asturias),Muy bajo,Muy bajo,Muy bajo,Muy bajo,Muy bajo,Muy bajo,Muy bajo
Murtas (Granada),Muy bajo,Muy bajo,Muy bajo,Muy bajo,Muy bajo,Muy bajo,Muy bajo
Murueta (Vizcaya),Muy bajo,Bajo,Muy bajo,Muy bajo,Muy bajo,Muy bajo,Bajo
Muruzábal (Navarra),Muy bajo,Bajo,Muy bajo,Muy bajo,Muy bajo,Bajo,Bajo
Museros (Valencia),Muy bajo,Muy bajo,Muy bajo,Muy bajo,Muy bajo,Muy bajo,Muy bajo
Muskiz (Vizcaya),Muy bajo,Bajo,Muy bajo,Muy bajo,Muy bajo,Muy bajo,Bajo
Mutiloa (Guipúzcoa),Moderado,Alto,Muy bajo,Muy bajo,Muy bajo,Muy bajo,Bajo
Mutriku (Guipúzcoa),Bajo,Moderado,Muy bajo,Muy bajo,Muy bajo,Bajo,Bajo
Mutxamel (Alicante),Muy bajo,Muy bajo,Muy bajo,Muy bajo,Muy bajo,Muy bajo,Muy bajo
Muxika (Vizcaya),Muy bajo,Moderado,Muy bajo,Muy bajo,Muy bajo,Bajo,Bajo
Muxía (A Coruña),Bajo,Bajo,Muy bajo,Bajo,Bajo,Moderado,Bajo
Muíños (Ourense),Bajo,Bajo,Muy bajo,Muy bajo,Bajo,Bajo,Bajo
Muñana (Ávila),Muy bajo,Muy bajo,Muy bajo,Muy bajo,Muy bajo,Bajo,Bajo
Muñico (Ávila),Muy bajo,Muy bajo,Muy bajo,Muy bajo,Muy bajo,Bajo,Bajo
Muñogalindo (Ávila),Muy bajo,Muy bajo,Muy bajo,Muy bajo,Muy bajo,Bajo,Bajo
Muñogrande (Ávila),Muy bajo,Muy bajo,Muy bajo,Muy bajo,Muy bajo,Bajo,Bajo
Muñomer del Peco (Ávila),Muy bajo,Muy bajo,Muy bajo,Muy bajo,Muy bajo,Muy bajo,Bajo
Muñopedro (Segovia),Muy bajo,Muy bajo,Muy bajo,Muy bajo,Muy bajo,Bajo,Bajo
Muñopepe (Ávila),Muy bajo,Muy bajo,Muy bajo,Muy bajo,Muy bajo,Bajo,Bajo
Muñosancho (Ávila),Muy bajo,Muy bajo,Muy bajo,Muy bajo,Muy bajo,Muy bajo,Bajo
Muñotello (Ávila),Muy bajo,Muy bajo,Muy bajo,Muy bajo,Bajo,Bajo,Bajo
Muñoveros (Segovia),Muy bajo,Muy bajo,Muy bajo,Muy bajo,Muy bajo,Bajo,Bajo
Málaga (Málaga),Muy bajo,Muy bajo,Muy bajo,Muy bajo,Muy bajo,Muy bajo,Muy bajo
Málaga del Fresno (Guadalajara),Muy bajo,Muy bajo,Muy bajo,Muy bajo,Muy bajo,Muy bajo,Muy bajo
Mélida (Navarra),Muy bajo,Muy bajo,Muy bajo,Muy bajo,Muy bajo,Muy bajo,Muy bajo
Méntrida (Toledo),Muy bajo,Muy bajo,Muy bajo,Muy bajo,Muy bajo,Muy bajo,Muy bajo
Mérida (Badajoz),Muy bajo,Muy bajo,Muy bajo,Muy bajo,Bajo,Bajo,Bajo
Móra d'Ebre (Tarragona),Muy bajo,Muy bajo,Muy bajo,Muy bajo,Muy bajo,Muy bajo,Muy bajo
Móra la Nova (Tarragona),Muy bajo,Muy bajo,Muy bajo,Muy bajo,Muy bajo,Muy bajo,Muy bajo
Móstoles (Madrid),Muy bajo,Muy bajo,Muy bajo,Muy bajo,Muy bajo,Muy bajo,Muy bajo
Nabarniz (Vizcaya),Muy bajo,Moderado,Muy bajo,Muy bajo,Muy bajo,Muy bajo,Bajo
Nacimiento (Almería),Muy bajo,Muy bajo,Muy bajo,Muy bajo,Muy bajo,Muy bajo,Muy bajo
Nafría de Ucero (Soria),Muy bajo,Bajo,Muy bajo,Muy bajo,Muy bajo,Bajo,Bajo
Nalda (La Rioja),Bajo,Bajo,Muy bajo,Muy bajo,Muy bajo,Muy bajo,Bajo
Nalec (Lleida),Muy bajo,Muy bajo,Muy bajo,Muy bajo,Muy bajo,Muy bajo,Muy bajo
Nambroca (Toledo),Muy bajo,Muy bajo,Muy bajo,Muy bajo,Muy bajo,Muy bajo,Muy bajo
Narboneta (Cuenca),Muy bajo,Muy bajo,Muy bajo,Muy bajo,Muy bajo,Muy bajo,Muy bajo
Narrillos del Rebollar (Ávila),Muy bajo,Muy bajo,Muy bajo,Muy bajo,Muy bajo,Bajo,Bajo
Narrillos del Álamo (Ávila),Muy bajo,Muy bajo,Muy bajo,Muy bajo,Bajo,Bajo,Bajo
Narros (Soria),Muy bajo,Muy bajo,Muy bajo,Muy bajo,Muy bajo,Bajo,Bajo
Narros de Matalayegua (Salamanca),Muy bajo,Muy bajo,Muy bajo,Muy bajo,Bajo,Bajo,Bajo
Narros de Saldueña (Ávila),Muy bajo,Muy bajo,Muy bajo,Muy bajo,Muy bajo,Muy bajo,Bajo
Narros del Castillo (Ávila),Muy bajo,Muy bajo,Muy bajo,Muy bajo,Muy bajo,Bajo,Bajo
Narros del Puerto (Ávila),Muy bajo,Muy bajo,Muy bajo,Muy bajo,Bajo,Bajo,Bajo
Narón (A Coruña),Bajo,Muy bajo,Muy bajo,Muy bajo,Bajo,Bajo,Bajo
Naut Aran (Lleida),Muy bajo,Muy bajo,Muy bajo,Muy bajo,Muy bajo,Bajo,Moderado
Nava (Asturias),Muy bajo,Bajo,Muy bajo,Muy bajo,Muy bajo,Bajo,Moderado
Nava de Arévalo (Ávila),Muy bajo,Muy bajo,Muy bajo,Muy bajo,Muy bajo,Muy bajo,Bajo
Nava de Béjar (Salamanca),Muy bajo,Muy bajo,Muy bajo,Muy bajo,Bajo,Bajo,Bajo
Nava de Francia (Salamanca),Muy bajo,Muy bajo,Muy bajo,Muy bajo,Muy bajo,Bajo,Bajo
Nava de Roa (Burgos),Muy bajo,Muy bajo,Muy bajo,Muy bajo,Muy bajo,Muy bajo,Bajo
Nava de Sotrobal (Salamanca),Muy bajo,Muy bajo,Muy bajo,Muy bajo,Muy bajo,Muy bajo,Bajo
Nava de la Asunción (Segovia),Muy bajo,Muy bajo,Muy bajo,Muy bajo,Muy bajo,Muy bajo,Bajo
Nava del Barco (Ávila),Muy bajo,Muy bajo,Muy bajo,Muy bajo,Muy bajo,Bajo,Bajo
Nava del Rey (Valladolid),Muy bajo,Muy bajo,Muy bajo,Muy bajo,Muy bajo,Muy bajo,Bajo
Navacarros (Salamanca),Muy bajo,Muy bajo,Muy bajo,Muy bajo,Bajo,Bajo,Bajo
Navacepedilla de Corneja (Ávila),Muy bajo,Muy bajo,Muy bajo,Muy bajo,Muy bajo,Bajo,Bajo
Navacerrada (Madrid),Muy bajo,Muy bajo,Muy bajo,Muy bajo,Muy bajo,Bajo,Bajo
Navaconcejo (Cáceres),Muy bajo,Muy bajo,Muy bajo,Muy bajo,Muy bajo,Muy bajo,Bajo
Navadijos (Ávila),Muy bajo,Muy bajo,Muy bajo,Muy bajo,Bajo,Bajo,Bajo
Navaescurial (Ávila),Muy bajo,Muy bajo,Muy bajo,Muy bajo,Muy bajo,Bajo,Bajo
Navafría (Segovia),Muy bajo,Muy bajo,Muy bajo,Muy bajo,Muy bajo,Bajo,Bajo
Navahermosa (Toledo),Muy bajo,Muy bajo,Muy bajo,Muy bajo,Muy bajo,Muy bajo,Muy bajo
Navahondilla (Ávila),Muy bajo,Muy bajo,Muy bajo,Muy bajo,Muy bajo,Bajo,Muy bajo
Navajas (Castellón),Muy bajo,Muy bajo,Muy bajo,Muy bajo,Muy bajo,Muy bajo,Muy bajo
Navajún (La Rioja),Muy bajo,Muy bajo,Muy bajo,Muy bajo,Muy bajo,Muy bajo,Bajo
Naval (Huesca),Muy bajo,Muy bajo,Muy bajo,Muy bajo,Muy bajo,Bajo,Bajo
Navalacruz (Ávila),Muy bajo,Muy bajo,Muy bajo,Muy bajo,Bajo,Bajo,Bajo
Navalafuente (Madrid),Muy bajo,Muy bajo,Muy bajo,Muy bajo,Muy bajo,Bajo,Bajo
Navalagamella (Madrid),Muy bajo,Muy bajo,Muy bajo,Muy bajo,Muy bajo,Bajo,Bajo
Navalcarnero (Madrid),Muy bajo,Muy bajo,Muy bajo,Muy bajo,Muy bajo,Muy bajo,Muy bajo
Navalcán (Toledo),Muy bajo,Muy bajo,Muy bajo,Muy bajo,Muy bajo,Muy bajo,Bajo
Navaleno (Soria),Muy bajo,Bajo,Muy bajo,Muy bajo,Muy bajo,Bajo,Bajo
Navales (Salamanca),Muy bajo,Muy bajo,Muy bajo,Muy bajo,Bajo,Bajo,Bajo
Navalilla (Segovia),Muy bajo,Muy bajo,Muy bajo,Muy bajo,Muy bajo,Muy bajo,Bajo
Navalmanzano (Segovia),Muy bajo,Muy bajo,Muy bajo,Muy bajo,Muy bajo,Muy bajo,Bajo
Navalmoral (Ávila),Muy bajo,Muy bajo,Muy bajo,Bajo,Bajo,Bajo,Bajo
Navalmoral de Béjar (Salamanca),Muy bajo,Muy bajo,Muy bajo,Bajo,Bajo,Bajo,Bajo
Navalmoral de la Mata (Cáceres),Muy bajo,Muy bajo,Muy bajo,Muy bajo,Muy bajo,Bajo,Bajo
Navalmoralejo (Toledo),Muy bajo,Muy bajo,Muy bajo,Muy bajo,Muy bajo,Muy bajo,Muy bajo
Navalonguilla (Ávila),Muy bajo,Muy bajo,Muy bajo,Muy bajo,Muy bajo,Bajo,Bajo
Navalosa (Ávila),Muy bajo,Muy bajo,Muy bajo,Muy bajo,Bajo,Bajo,Bajo
Navalperal de Pinares (Ávila),Muy bajo,Muy bajo,Muy bajo,Bajo,Bajo,Bajo,Bajo
Navalperal de Tormes (Ávila),Muy bajo,Muy bajo,Muy bajo,Muy bajo,Muy bajo,Bajo,Bajo
Navalpino (Ciudad Real),Muy bajo,Muy bajo,Muy bajo,Muy bajo,Muy bajo,Muy bajo,Muy bajo
Navaluenga (Ávila),Muy bajo,Muy bajo,Muy bajo,Muy bajo,Muy bajo,Bajo,Bajo
Navalvillar de Ibor (Cáceres),Muy bajo,Muy bajo,Muy bajo,Muy bajo,Muy bajo,Muy bajo,Muy bajo
Navalvillar de Pela (Badajoz),Muy bajo,Muy bajo,Muy bajo,Muy bajo,Muy bajo,Muy bajo,Muy bajo
Navamorales (Salamanca),Muy bajo,Muy bajo,Muy bajo,Muy bajo,Bajo,Bajo,Bajo
Navamorcuende (Toledo),Muy bajo,Muy bajo,Muy bajo,Muy bajo,Muy bajo,Muy bajo,Muy bajo
Navaquesera (Ávila),Muy bajo,Muy bajo,Muy bajo,Muy bajo,Bajo,Bajo,Bajo
Navarcles (Barcelona),Muy bajo,Muy bajo,Muy bajo,Muy bajo,Muy bajo,Muy bajo,Muy bajo
Navardún (Zaragoza),Muy bajo,Muy bajo,Muy bajo,Muy bajo,Muy bajo,Muy bajo,Bajo
Navares de Ayuso (Segovia),Muy bajo,Muy bajo,Muy bajo,Muy bajo,Muy bajo,Bajo,Bajo
Navares de Enmedio (Segovia),Muy bajo,Muy bajo,Muy bajo,Muy bajo,Muy bajo,Bajo,Bajo
Navares de las Cuevas (Segovia),Muy bajo,Muy bajo,Muy bajo,Muy bajo,Muy bajo,Muy bajo,Bajo
Navaridas (Álava),Muy bajo,Bajo,Muy bajo,Muy bajo,Muy bajo,Muy bajo,Bajo
Navarredonda de Gredos (Ávila),Muy bajo,Muy bajo,Muy bajo,Muy bajo,Muy bajo,Bajo,Bajo
Navarredonda de la Rinconada (Salamanca),Muy bajo,Muy bajo,Muy bajo,Muy bajo,Muy bajo,Bajo,Bajo
Navarredonda y San Mamés (Madrid),Muy bajo,Muy bajo,Muy bajo,Muy bajo,Muy bajo,Bajo,Bajo
Navarredondilla (Ávila),Muy bajo,Muy bajo,Muy bajo,Bajo,Bajo,Bajo,Bajo
Navarrete (La Rioja),Bajo,Bajo,Muy bajo,Muy bajo,Muy bajo,Muy bajo,Bajo
Navarrevisca (Ávila),Muy bajo,Muy bajo,Muy bajo,Muy bajo,Muy bajo,Bajo,Bajo
Navarrés (Valencia),Muy bajo,Muy bajo,Muy bajo,Muy bajo,Muy bajo,Muy bajo,Muy bajo
Navas de Bureba (Burgos),Muy bajo,Bajo,Muy bajo,Muy bajo,Muy bajo,Muy bajo,Bajo
Navas de Estena (Ciudad Real),Muy bajo,Muy bajo,Muy bajo,Muy bajo,Muy bajo,Muy bajo,Muy bajo
Navas de Jorquera (Albacete),Muy bajo,Muy bajo,Muy bajo,Muy bajo,Muy bajo,Muy bajo,Muy bajo
Navas de Oro (Segovia),Muy bajo,Muy bajo,Muy bajo,Muy bajo,Muy bajo,Muy bajo,Muy bajo
Navas de Riofrío (Segovia),Muy bajo,Muy bajo,Muy bajo,Muy bajo,Muy bajo,Bajo,Bajo
Navas de San Antonio (Segovia),Bajo,Muy bajo,Muy bajo,Muy bajo,Muy bajo,Bajo,Bajo
Navas de San Juan (Jaén),Muy bajo,Muy bajo,Muy bajo,Muy bajo,Muy bajo,Muy bajo,Muy bajo
Navas del Madroño (Cáceres),Muy bajo,Muy bajo,Muy bajo,Muy bajo,Muy bajo,Bajo,Bajo
Navas del Rey (Madrid),Muy bajo,Muy bajo,Muy bajo,Muy bajo,Muy bajo,Bajo,Bajo
Navascués/Nabaskoze (Navarra),Muy bajo,Bajo,Muy bajo,Muy bajo,Muy bajo,Muy bajo,Bajo
Navasfrías (Salamanca),Muy bajo,Muy bajo,Muy bajo,Muy bajo,Muy bajo,Muy bajo,Bajo
Navata (Girona),Muy bajo,Muy bajo,Muy bajo,Muy bajo,Muy bajo,Muy bajo,Muy bajo
Navatalgordo (Ávila),Muy bajo,Muy bajo,Muy bajo,Bajo,Bajo,Bajo,Bajo
Navatejares (Ávila),Muy bajo,Muy bajo,Muy bajo,Muy bajo,Bajo,Bajo,Bajo
Navezuelas (Cáceres),Muy bajo,Muy bajo,Muy bajo,Muy bajo,Muy bajo,Bajo,Bajo
Navia (Asturias),Muy bajo,Muy bajo,Muy bajo,Muy bajo,Bajo,Bajo,Bajo
Navia de Suarna (Lugo),Bajo,Muy bajo,Muy bajo,Muy bajo,Muy bajo,Bajo,Bajo
Navianos de Valverde (Zamora),Muy bajo,Bajo,Bajo,Bajo,Bajo,Bajo,Bajo
Navàs (Barcelona),Muy bajo,Muy bajo,Muy bajo,Muy bajo,Muy bajo,Muy bajo,Bajo
Navès (Lleida),Muy bajo,Muy bajo,Muy bajo,Muy bajo,Muy bajo,Muy bajo,Bajo
Nazar (Navarra),Bajo,Bajo,Muy bajo,Muy bajo,Muy bajo,Bajo,Bajo
Nebreda (Burgos),Bajo,Bajo,Muy bajo,Bajo,Bajo,Bajo,Bajo
Neda (A Coruña),Bajo,Muy bajo,Muy bajo,Muy bajo,Bajo,Bajo,Bajo
Negredo (Guadalajara),Muy bajo,Muy bajo,Muy bajo,Muy bajo,Muy bajo,Muy bajo,Muy bajo
Negreira (A Coruña),Bajo,Muy bajo,Muy bajo,Bajo,Bajo,Bajo,Bajo
Negrilla de Palencia (Salamanca),Muy bajo,Muy bajo,Muy bajo,Muy bajo,Muy bajo,Muy bajo,Bajo
Negueira de Muñiz (Lugo),Bajo,Muy bajo,Muy bajo,Muy bajo,Muy bajo,Bajo,Bajo
Neila (Burgos),Bajo,Bajo,Muy bajo,Muy bajo,Muy bajo,Bajo,Moderado
Neila de San Miguel (Ávila),Muy bajo,Muy bajo,Muy bajo,Muy bajo,Bajo,Bajo,Bajo
Nepas (Soria),Muy bajo,Muy bajo,Muy bajo,Muy bajo,Bajo,Bajo,Bajo
Nerja (Málaga),Muy bajo,Muy bajo,Muy bajo,Muy bajo,Muy bajo,Muy bajo,Muy bajo
Nerpio (Albacete),Muy bajo,Muy bajo,Muy bajo,Muy bajo,Muy bajo,Muy bajo,Muy bajo
Nerva (Huelva),Muy bajo,Muy bajo,Muy bajo,Muy bajo,Bajo,Bajo,Bajo
Nestares (La Rioja),Bajo,Bajo,Muy bajo,Muy bajo,Muy bajo,Muy bajo,Bajo
Nevada (Granada),Muy bajo,Muy bajo,Muy bajo,Muy bajo,Muy bajo,Muy bajo,Muy bajo
Niebla (Huelva),Bajo,Muy bajo,Muy bajo,Bajo,Muy alto,Moderado,Bajo
Nieva (Segovia),Muy bajo,Muy bajo,Muy bajo,Muy bajo,Muy bajo,Muy bajo,Bajo
Nieva de Cameros (La Rioja),Muy bajo,Bajo,Muy bajo,Muy bajo,Muy bajo,Muy bajo,Bajo
Nigrán (Pontevedra),Muy bajo,Muy bajo,Muy bajo,Muy bajo,Muy bajo,Muy bajo,Muy bajo
Nigüelas (Granada),Muy bajo,Muy bajo,Muy bajo,Muy bajo,Muy bajo,Muy bajo,Muy bajo
Nigüella (Zaragoza),Muy bajo,Muy bajo,Muy bajo,Muy bajo,Muy bajo,Muy bajo,Muy bajo
Niharra (Ávila),Muy bajo,Muy bajo,Muy bajo,Bajo,Bajo,Bajo,Bajo
Noalejo (Jaén),Muy bajo,Muy bajo,Muy bajo,Muy bajo,Muy bajo,Muy bajo,Muy bajo
Noblejas (Toledo),Muy bajo,Muy bajo,Muy bajo,Muy bajo,Muy bajo,Muy bajo,Muy bajo
Noceda del Bierzo (León),Muy bajo,Muy bajo,Muy bajo,Muy bajo,Muy bajo,Bajo,Bajo
Noez (Toledo),Muy bajo,Muy bajo,Muy bajo,Muy bajo,Muy bajo,Muy bajo,Muy bajo
Nogal de las Huertas (Palencia),Muy bajo,Bajo,Bajo,Muy bajo,Bajo,Bajo,Bajo
Nogales (Badajoz),Muy bajo,Muy bajo,Muy bajo,Muy bajo,Muy bajo,Muy bajo,Muy bajo
Nogueira de Ramuín (Ourense),Bajo,Muy bajo,Muy bajo,Bajo,Muy bajo,Bajo,Bajo
Noguera de Albarracín (Teruel),Muy bajo,Muy bajo,Muy bajo,Muy bajo,Muy bajo,Bajo,Bajo
Nogueras (Teruel),Muy bajo,Muy bajo,Muy bajo,Muy bajo,Muy bajo,Muy bajo,Muy bajo
Nogueruelas (Teruel),Muy bajo,Muy bajo,Muy bajo,Muy bajo,Muy bajo,Muy bajo,Muy bajo
Noia (A Coruña),Bajo,Muy bajo,Muy bajo,Bajo,Bajo,Bajo,Bajo
Noja (Cantabria),Muy bajo,Muy bajo,Muy bajo,Muy bajo,Muy bajo,Muy bajo,Muy bajo
Nolay (Soria),Muy bajo,Muy bajo,Muy bajo,Muy bajo,Bajo,Bajo,Bajo
Nombela (Toledo),Muy bajo,Muy bajo,Muy bajo,Muy bajo,Muy bajo,Muy bajo,Muy bajo
Nombrevilla (Zaragoza),Muy bajo,Muy bajo,Muy bajo,Muy bajo,Muy bajo,Muy bajo,Muy bajo
Nonaspe (Zaragoza),Muy bajo,Muy bajo,Muy bajo,Muy bajo,Muy bajo,Muy bajo,Muy bajo
Noreña (Asturias),Muy bajo,Muy bajo,Muy bajo,Muy bajo,Muy bajo,Muy bajo,Muy bajo
Novales (Huesca),Muy bajo,Muy bajo,Muy bajo,Muy bajo,Muy bajo,Muy bajo,Bajo
Novallas (Zaragoza),Muy bajo,Bajo,Muy bajo,Muy bajo,Bajo,Bajo,Bajo
Novelda (Alicante),Muy bajo,Muy bajo,Muy bajo,Muy bajo,Muy bajo,Muy bajo,Muy bajo
Novetlè (Valencia),Muy bajo,Muy bajo,Muy bajo,Muy bajo,Muy bajo,Muy bajo,Muy bajo
Noviercas (Soria),Muy bajo,Bajo,Muy bajo,Muy bajo,Bajo,Bajo,Bajo
Novillas (Zaragoza),Muy bajo,Bajo,Muy bajo,Muy bajo,Bajo,Muy bajo,Muy bajo
Novés (Toledo),Muy bajo,Muy bajo,Muy bajo,Muy bajo,Muy bajo,Muy bajo,Muy bajo
Nueno (Huesca),Muy bajo,Muy bajo,Muy bajo,Muy bajo,Muy bajo,Muy bajo,Bajo
Nueva Carteya (Córdoba),Muy bajo,Muy bajo,Muy bajo,Muy bajo,Muy bajo,Muy bajo,Muy bajo
Nueva Villa de las Torres (Valladolid),Muy bajo,Muy bajo,Muy bajo,Muy bajo,Muy bajo,Muy bajo,Bajo
Nuevo Baztán (Madrid),Muy bajo,Muy bajo,Muy bajo,Muy bajo,Muy bajo,Bajo,Bajo
Nuez de Ebro (Zaragoza),Muy bajo,Muy bajo,Muy bajo,Bajo,Bajo,Muy bajo,Bajo
Nules (Castellón),Muy bajo,Muy bajo,Muy bajo,Muy bajo,Muy bajo,Muy bajo,Muy bajo
Nulles (Tarragona),Muy bajo,Muy bajo,Muy bajo,Muy bajo,Muy bajo,Muy bajo,Muy bajo
Numancia de la Sagra (Toledo),Muy bajo,Muy bajo,Muy bajo,Muy bajo,Muy bajo,Muy bajo,Muy bajo
Nuévalos (Zaragoza),Muy bajo,Muy bajo,Muy bajo,Muy bajo,Muy bajo,Muy bajo,Muy bajo
Nuño Gómez (Toledo),Muy bajo,Muy bajo,Muy bajo,Muy bajo,Muy bajo,Muy bajo,Muy bajo
Nuñomoral (Cáceres),Muy bajo,Muy bajo,Muy bajo,Muy bajo,Muy bajo,Bajo,Bajo
Nàquera/Náquera (Valencia),Muy bajo,Muy bajo,Muy bajo,Muy bajo,Muy bajo,Muy bajo,Muy bajo
Nájera (La Rioja),Muy bajo,Bajo,Muy bajo,Muy bajo,Muy bajo,Muy bajo,Bajo
Níjar (Almería),Muy bajo,Muy bajo,Muy bajo,Muy bajo,Muy bajo,Muy bajo,Muy bajo
Nívar (Granada),Bajo,Muy bajo,Muy bajo,Muy bajo,Muy bajo,Muy bajo,Muy bajo
O Barco de Valdeorras (Ourense),Bajo,Muy bajo,Muy bajo,Muy bajo,Bajo,Bajo,Bajo
O Bolo (Ourense),Bajo,Bajo,Muy bajo,Muy bajo,Muy bajo,Bajo,Bajo
O Carballiño (Ourense),Bajo,Muy bajo,Muy bajo,Bajo,Bajo,Bajo,Bajo
O Corgo (Lugo),Bajo,Muy bajo,Muy bajo,Muy bajo,Muy bajo,Bajo,Bajo
O Grove (Pontevedra),Muy bajo,Muy bajo,Muy bajo,Muy bajo,Muy bajo,Muy bajo,Muy bajo
O Incio (Lugo),Bajo,Muy bajo,Muy bajo,Muy bajo,Bajo,Bajo,Bajo
O Irixo (Ourense),Bajo,Muy bajo,Muy bajo,Bajo,Bajo,Bajo,Bajo
O Pereiro de Aguiar (Ourense),Bajo,Muy bajo,Muy bajo,Muy bajo,Muy bajo,Bajo,Bajo
O Pino (A Coruña),Moderado,Muy bajo,Muy bajo,Bajo,Bajo,Bajo,Bajo
O Porriño (Pontevedra),Bajo,Muy bajo,Muy bajo,Bajo,Bajo,Bajo,Bajo
O Páramo (Lugo),Bajo,Muy bajo,Muy bajo,Muy bajo,Muy bajo,Bajo,Bajo
O Rosal (Pontevedra),Bajo,Muy bajo,Bajo,Moderado,Bajo,Bajo,Muy bajo
O Saviñao (Lugo),Bajo,Muy bajo,Muy bajo,Bajo,Muy bajo,Bajo,Bajo
O Valadouro (Lugo),Muy bajo,Muy bajo,Muy bajo,Muy bajo,Muy bajo,Bajo,Bajo
O Vicedo (Lugo),Muy bajo,Muy bajo,Muy bajo,Muy bajo,Muy bajo,Bajo,Bajo
Obanos (Navarra),Muy bajo,Bajo,Muy bajo,Muy bajo,Muy bajo,Muy bajo,Bajo
Obejo (Córdoba),Muy bajo,Muy bajo,Muy bajo,Muy bajo,Bajo,Bajo,Bajo
Obón (Teruel),Muy bajo,Muy bajo,Muy bajo,Muy bajo,Muy bajo,Muy bajo,Bajo
Ocaña (Toledo),Muy bajo,Muy bajo,Muy bajo,Muy bajo,Muy bajo,Muy bajo,Muy bajo
Ocentejo (Guadalajara),Muy bajo,Muy bajo,Muy bajo,Muy bajo,Muy bajo,Bajo,Bajo
Ochagavía/Otsagabia (Navarra),Bajo,Bajo,Muy bajo,Muy bajo,Muy bajo,Muy bajo,Moderado
Ochánduri (La Rioja),Muy bajo,Bajo,Bajo,Muy bajo,Muy bajo,Bajo,Bajo
Oco (Navarra),Bajo,Bajo,Muy bajo,Muy bajo,Bajo,Bajo,Bajo
Ocón (La Rioja),Bajo,Bajo,Muy bajo,Muy bajo,Muy bajo,Bajo,Bajo
Odieta (Navarra),Bajo,Moderado,Muy bajo,Muy bajo,Muy bajo,Muy bajo,Bajo
Odèn (Lleida),Muy bajo,Muy bajo,Muy bajo,Muy bajo,Muy bajo,Bajo,Bajo
Odón (Teruel),Muy bajo,Muy bajo,Muy bajo,Muy bajo,Muy bajo,Bajo,Bajo
Oencia (León),Bajo,Muy bajo,Muy bajo,Muy bajo,Muy bajo,Bajo,Bajo
Ogassa (Girona),Muy bajo,Muy bajo,Muy bajo,Muy bajo,Muy bajo,Muy bajo,Bajo
Ogíjares (Granada),Muy bajo,Muy bajo,Muy bajo,Muy bajo,Muy bajo,Muy bajo,Muy bajo
Ohanes (Almería),Muy bajo,Muy bajo,Muy bajo,Muy bajo,Muy bajo,Muy bajo,Muy bajo
Oia (Pontevedra),Moderado,Muy bajo,Bajo,Moderado,Bajo,Bajo,Moderado
Oiartzun (Guipúzcoa),Bajo,Moderado,Muy bajo,Muy bajo,Muy bajo,Bajo,Moderado
Oiz (Navarra),Moderado,Moderado,Muy bajo,Muy bajo,Muy bajo,Bajo,Moderado
Ojacastro (La Rioja),Muy bajo,Muy bajo,Muy bajo,Muy bajo,Muy bajo,Muy bajo,Bajo
Ojos Negros (Teruel),Muy bajo,Muy bajo,Muy bajo,Muy bajo,Muy bajo,Muy bajo,Muy bajo
Ojos-Albos (Ávila),Bajo,Muy bajo,Muy bajo,Bajo,Bajo,Bajo,Bajo
Ojén (Málaga),Muy bajo,Muy bajo,Muy bajo,Muy bajo,Muy bajo,Muy bajo,Muy bajo
Ojós (Murcia),Muy bajo,Muy bajo,Muy bajo,Muy bajo,Muy bajo,Muy bajo,Muy bajo
Okondo (Álava),Bajo,Moderado,Muy bajo,Muy bajo,Muy bajo,Muy bajo,Bajo
Olaberria (Guipúzcoa),Moderado,Alto,Muy bajo,Muy bajo,Muy bajo,Bajo,Moderado
Olaibar (Navarra),Muy bajo,Bajo,Muy bajo,Muy bajo,Muy bajo,Muy bajo,Bajo
Olazti/Olazagutía (Navarra),Bajo,Moderado,Muy bajo,Muy bajo,Muy bajo,Muy bajo,Bajo
Olba (Teruel),Muy bajo,Muy bajo,Muy bajo,Muy bajo,Muy bajo,Muy bajo,Muy bajo
Olea de Boedo (Palencia),Muy bajo,Bajo,Bajo,Muy bajo,Muy bajo,Bajo,Bajo
Oleiros (A Coruña),Muy bajo,Muy bajo,Muy bajo,Muy bajo,Muy bajo,Muy bajo,Muy bajo
Olejua (Navarra),Bajo,Bajo,Muy bajo,Muy bajo,Muy bajo,Bajo,Bajo
Olesa de Bonesvalls (Barcelona),Muy bajo,Muy bajo,Muy bajo,Muy bajo,Muy bajo,Muy bajo,Muy bajo
Olesa de Montserrat (Barcelona),Muy bajo,Muy bajo,Muy bajo,Muy bajo,Muy bajo,Muy bajo,Muy bajo
Oliana (Lleida),Muy bajo,Muy bajo,Muy bajo,Muy bajo,Muy bajo,Muy bajo,Bajo
Oliete (Teruel),Muy bajo,Muy bajo,Muy bajo,Muy bajo,Muy bajo,Muy bajo,Bajo
Oliola (Lleida),Muy bajo,Muy bajo,Muy bajo,Muy bajo,Muy bajo,Muy bajo,Bajo
Olite/Erriberri (Navarra),Muy bajo,Bajo,Muy bajo,Muy bajo,Muy bajo,Muy bajo,Bajo
Olius (Lleida),Muy bajo,Muy bajo,Muy bajo,Muy bajo,Muy bajo,Muy bajo,Bajo
Oliva (Valencia),Muy bajo,Muy bajo,Muy bajo,Muy bajo,Muy bajo,Muy bajo,Muy bajo
Oliva de Mérida (Badajoz),Muy bajo,Muy bajo,Muy bajo,Muy bajo,Muy bajo,Muy bajo,Muy bajo
Oliva de Plasencia (Cáceres),Muy bajo,Muy bajo,Muy bajo,Muy bajo,Muy bajo,Muy bajo,Bajo
Oliva de la Frontera (Badajoz),Muy bajo,Muy bajo,Muy bajo,Muy bajo,Bajo,Muy bajo,Bajo
Olivares (Sevilla),Bajo,Bajo,Bajo,Bajo,Alto,Moderado,Bajo
Olivares de Duero (Valladolid),Muy bajo,Muy bajo,Muy bajo,Muy bajo,Bajo,Bajo,Bajo
Olivares de Júcar (Cuenca),Muy bajo,Muy bajo,Muy bajo,Muy bajo,Muy bajo,Bajo,Bajo
Olivella (Barcelona),Muy bajo,Muy bajo,Muy bajo,Muy bajo,Muy bajo,Muy bajo,Muy bajo
Olivenza (Badajoz),Muy bajo,Muy bajo,Muy bajo,Muy bajo,Muy bajo,Bajo,Bajo
Ollauri (La Rioja),Muy bajo,Bajo,Muy bajo,Muy bajo,Muy bajo,Muy bajo,Bajo
Olmeda de Cobeta (Guadalajara),Muy bajo,Muy bajo,Muy bajo,Muy bajo,Muy bajo,Bajo,Bajo
Olmeda de la Cuesta (Cuenca),Muy bajo,Muy bajo,Muy bajo,Muy bajo,Muy bajo,Muy bajo,Muy bajo
Olmeda de las Fuentes (Madrid),Muy bajo,Muy bajo,Muy bajo,Muy bajo,Muy bajo,Bajo,Bajo
Olmeda del Rey (Cuenca),Muy bajo,Muy bajo,Muy bajo,Muy bajo,Muy bajo,Bajo,Bajo
Olmedilla de Alarcón (Cuenca),Muy bajo,Muy bajo,Muy bajo,Muy bajo,Muy bajo,Bajo,Bajo
Olmedilla de Eliz (Cuenca),Muy bajo,Muy bajo,Muy bajo,Muy bajo,Muy bajo,Muy bajo,Muy bajo
Olmedillo de Roa (Burgos),Bajo,Bajo,Bajo,Bajo,Bajo,Bajo,Bajo
Olmedo (Valladolid),Muy bajo,Muy bajo,Muy bajo,Muy bajo,Muy bajo,Muy bajo,Bajo
Olmedo de Camaces (Salamanca),Bajo,Muy bajo,Muy bajo,Muy bajo,Bajo,Bajo,Bajo
Olmillos de Castro (Zamora),Muy bajo,Muy bajo,Muy bajo,Muy bajo,Muy bajo,Bajo,Bajo
Olmillos de Muñó (Burgos),Bajo,Bajo,Bajo,Bajo,Bajo,Bajo,Moderado
Olmos de Esgueva (Valladolid),Muy bajo,Muy bajo,Muy bajo,Bajo,Bajo,Bajo,Bajo
Olmos de Ojeda (Palencia),Muy bajo,Bajo,Muy bajo,Muy bajo,Muy bajo,Bajo,Bajo
Olmos de Peñafiel (Valladolid),Bajo,Muy bajo,Muy bajo,Muy bajo,Muy bajo,Bajo,Bajo
Olocau (Valencia),Muy bajo,Muy bajo,Muy bajo,Muy bajo,Muy bajo,Muy bajo,Muy bajo
Olocau del Rey (Castellón),Muy bajo,Muy bajo,Muy bajo,Muy bajo,Muy bajo,Muy bajo,Bajo
Olombrada (Segovia),Muy bajo,Muy bajo,Muy bajo,Muy bajo,Muy bajo,Bajo,Bajo
Olost (Barcelona),Muy bajo,Muy bajo,Muy bajo,Muy bajo,Muy bajo,Muy bajo,Bajo
Olot (Girona),Muy bajo,Muy bajo,Muy bajo,Muy bajo,Muy bajo,Muy bajo,Bajo
Olula de Castro (Almería),Muy bajo,Muy bajo,Muy bajo,Muy bajo,Muy bajo,Muy bajo,Muy bajo
Olula del Río (Almería),Muy bajo,Muy bajo,Muy bajo,Muy bajo,Muy bajo,Muy bajo,Muy bajo
Olvan (Barcelona),Muy bajo,Muy bajo,Muy bajo,Muy bajo,Muy bajo,Muy bajo,Bajo
Olvena (Huesca),Muy bajo,Muy bajo,Muy bajo,Muy bajo,Muy bajo,Bajo,Bajo
Olvera (Cádiz),Moderado,Muy bajo,Muy bajo,Muy bajo,Bajo,Bajo,Bajo
Olvés (Zaragoza),Muy bajo,Muy bajo,Muy bajo,Muy bajo,Muy bajo,Muy bajo,Muy bajo
Olèrdola (Barcelona),Muy bajo,Muy bajo,Muy bajo,Muy bajo,Muy bajo,Muy bajo,Muy bajo
Olías del Rey (Toledo),Muy bajo,Muy bajo,Muy bajo,Muy bajo,Muy bajo,Muy bajo,Muy bajo
Olóriz/Oloritz (Navarra),Muy bajo,Bajo,Muy bajo,Muy bajo,Muy bajo,Muy bajo,Bajo
Oncala (Soria),Muy bajo,Muy bajo,Muy bajo,Muy bajo,Muy bajo,Bajo,Bajo
Onda (Castellón),Muy bajo,Muy bajo,Muy bajo,Muy bajo,Muy bajo,Muy bajo,Muy bajo
Ondara (Alicante),Muy bajo,Muy bajo,Muy bajo,Muy bajo,Muy bajo,Muy bajo,Muy bajo
Ondarroa (Vizcaya),Muy bajo,Moderado,Muy bajo,Muy bajo,Muy bajo,Bajo,Bajo
Onil (Alicante),Muy bajo,Muy bajo,Muy bajo,Muy bajo,Muy bajo,Muy bajo,Muy bajo
Ontinyent (Valencia),Muy bajo,Muy bajo,Muy bajo,Muy bajo,Muy bajo,Muy bajo,Muy bajo
Ontiñena (Huesca),Muy bajo,Muy bajo,Muy bajo,Bajo,Bajo,Bajo,Bajo
Ontur (Albacete),Muy bajo,Muy bajo,Muy bajo,Muy bajo,Muy bajo,Muy bajo,Muy bajo
Ontígola (Toledo),Muy bajo,Muy bajo,Muy bajo,Muy bajo,Muy bajo,Muy bajo,Muy bajo
Onzonilla (León),Muy bajo,Muy bajo,Muy bajo,Muy bajo,Muy bajo,Muy bajo,Bajo
Onís (Asturias),Muy bajo,Muy bajo,Muy bajo,Muy bajo,Muy bajo,Bajo,Bajo
Oquillas (Burgos),Bajo,Bajo,Muy bajo,Bajo,Bajo,Bajo,Bajo
Orba (Alicante),Muy bajo,Muy bajo,Muy bajo,Muy bajo,Muy bajo,Muy bajo,Muy bajo
Orbaizeta (Navarra),Muy bajo,Bajo,Muy bajo,Muy bajo,Muy bajo,Muy bajo,Moderado
Orbaneja Riopico (Burgos),Muy bajo,Bajo,Bajo,Muy bajo,Bajo,Bajo,Moderado
Orbara (Navarra),Muy bajo,Bajo,Muy bajo,Muy bajo,Muy bajo,Muy bajo,Moderado
Orbita (Ávila),Muy bajo,Muy bajo,Muy bajo,Muy bajo,Muy bajo,Muy bajo,Bajo
Orcajo (Zaragoza),Muy bajo,Muy bajo,Muy bajo,Muy bajo,Muy bajo,Muy bajo,Muy bajo
Orce (Granada),Muy bajo,Muy bajo,Muy bajo,Muy bajo,Muy bajo,Muy bajo,Muy bajo
Orcera (Jaén),Muy bajo,Muy bajo,Muy bajo,Muy bajo,Muy bajo,Muy bajo,Muy bajo
Ordes (A Coruña),Bajo,Muy bajo,Muy bajo,Muy bajo,Muy bajo,Bajo,Bajo
Ordis (Girona),Muy bajo,Muy bajo,Muy bajo,Muy bajo,Muy bajo,Muy bajo,Muy bajo
Ordizia (Guipúzcoa),Bajo,Alto,Muy bajo,Muy bajo,Muy bajo,Bajo,Moderado
Orea (Guadalajara),Muy bajo,Muy bajo,Muy bajo,Muy bajo,Muy bajo,Bajo,Bajo
Orejana (Segovia),Bajo,Muy bajo,Muy bajo,Muy bajo,Muy bajo,Bajo,Bajo
Orellana de la Sierra (Badajoz),Muy bajo,Muy bajo,Muy bajo,Muy bajo,Muy bajo,Muy bajo,Muy bajo
Orellana la Vieja (Badajoz),Muy bajo,Muy bajo,Muy bajo,Muy bajo,Muy bajo,Muy bajo,Muy bajo
Orendain (Guipúzcoa),Bajo,Alto,Muy bajo,Muy bajo,Muy bajo,Bajo,Moderado
Orera (Zaragoza),Muy bajo,Muy bajo,Muy bajo,Muy bajo,Muy bajo,Muy bajo,Muy bajo
Orexa (Guipúzcoa),Moderado,Alto,Muy bajo,Muy bajo,Muy bajo,Bajo,Moderado
Organyà (Lleida),Muy bajo,Muy bajo,Muy bajo,Muy bajo,Muy bajo,Bajo,Bajo
Orgaz (Toledo),Muy bajo,Muy bajo,Muy bajo,Muy bajo,Muy bajo,Muy bajo,Muy bajo
Oria (Almería),Muy bajo,Muy bajo,Muy bajo,Muy bajo,Muy bajo,Muy bajo,Muy bajo
Orihuela (Alicante),Muy bajo,Muy bajo,Muy bajo,Muy bajo,Muy bajo,Muy bajo,Muy bajo
Orihuela del Tremedal (Teruel),Muy bajo,Muy bajo,Muy bajo,Muy bajo,Muy bajo,Bajo,Bajo
Orio (Guipúzcoa),Bajo,Moderado,Muy bajo,Muy bajo,Muy bajo,Bajo,Bajo
Oristà (Barcelona),Muy bajo,Muy bajo,Muy bajo,Muy bajo,Muy bajo,Muy bajo,Bajo
Orkoien (Navarra),Muy bajo,Muy bajo,Muy bajo,Muy bajo,Muy bajo,Muy bajo,Muy bajo
Ormaiztegi (Guipúzcoa),Moderado,Alto,Muy bajo,Muy bajo,Muy bajo,Muy bajo,Moderado
Oronz/Orontze (Navarra),Bajo,Muy bajo,Muy bajo,Muy bajo,Muy bajo,Muy bajo,Bajo
Oropesa (Toledo),Muy bajo,Muy bajo,Muy bajo,Muy bajo,Muy bajo,Bajo,Bajo
Oroso (A Coruña),Bajo,Muy bajo,Muy bajo,Bajo,Bajo,Bajo,Bajo
Oroz-Betelu/Orotz-Betelu (Navarra),Muy bajo,Bajo,Muy bajo,Muy bajo,Muy bajo,Muy bajo,Bajo
Orozko (Vizcaya),Bajo,Moderado,Muy bajo,Muy bajo,Muy bajo,Muy bajo,Bajo
Orpesa/Oropesa del Mar (Castellón),Muy bajo,Muy bajo,Muy bajo,Bajo,Bajo,Muy bajo,Muy bajo
Orpí (Barcelona),Muy bajo,Muy bajo,Muy bajo,Muy bajo,Muy bajo,Muy bajo,Muy bajo
Orreaga/Roncesvalles (Navarra),Muy bajo,Bajo,Muy bajo,Muy bajo,Muy bajo,Muy bajo,Moderado
Orrios (Teruel),Muy bajo,Muy bajo,Muy bajo,Muy bajo,Muy bajo,Muy bajo,Bajo
Ortigosa de Cameros (La Rioja),Bajo,Bajo,Muy bajo,Muy bajo,Muy bajo,Muy bajo,Bajo
Ortigosa de Pestaño (Segovia),Muy bajo,Muy bajo,Muy bajo,Muy bajo,Muy bajo,Muy bajo,Bajo
Ortigosa del Monte (Segovia),Muy bajo,Muy bajo,Muy bajo,Muy bajo,Muy bajo,Bajo,Bajo
Ortigueira (A Coruña),Muy bajo,Muy bajo,Muy bajo,Muy bajo,Muy bajo,Bajo,Bajo
Ortuella (Vizcaya),Muy bajo,Muy bajo,Muy bajo,Muy bajo,Muy bajo,Muy bajo,Muy bajo
Orusco de Tajuña (Madrid),Muy bajo,Muy bajo,Muy bajo,Muy bajo,Muy bajo,Bajo,Muy bajo
Orxeta (Alicante),Muy bajo,Muy bajo,Muy bajo,Muy bajo,Muy bajo,Muy bajo,Muy bajo
Orés (Zaragoza),Muy bajo,Muy bajo,Muy bajo,Muy bajo,Muy bajo,Muy bajo,Bajo
Orís (Barcelona),Muy bajo,Muy bajo,Muy bajo,Muy bajo,Muy bajo,Muy bajo,Bajo
Orísoain (Navarra),Muy bajo,Bajo,Muy bajo,Muy bajo,Muy bajo,Muy bajo,Bajo
Os Blancos (Ourense),Bajo,Muy bajo,Muy bajo,Muy bajo,Muy bajo,Bajo,Bajo
Os de Balaguer (Lleida),Muy bajo,Muy bajo,Muy bajo,Muy bajo,Muy bajo,Muy bajo,Bajo
Osa de la Vega (Cuenca),Muy bajo,Muy bajo,Muy bajo,Muy bajo,Muy bajo,Muy bajo,Muy bajo
Oseja (Zaragoza),Muy bajo,Muy bajo,Muy bajo,Muy bajo,Muy bajo,Muy bajo,Bajo
Oseja de Sajambre (León),Muy bajo,Muy bajo,Muy bajo,Muy bajo,Muy bajo,Muy bajo,Bajo
Osera de Ebro (Zaragoza),Muy bajo,Muy bajo,Muy bajo,Bajo,Bajo,Muy bajo,Muy bajo
Osor (Girona),Muy bajo,Muy bajo,Muy bajo,Muy bajo,Muy bajo,Muy bajo,Muy bajo
Osornillo (Palencia),Muy bajo,Bajo,Muy bajo,Muy bajo,Muy bajo,Bajo,Bajo
Osorno la Mayor (Palencia),Muy bajo,Bajo,Muy bajo,Muy bajo,Bajo,Bajo,Bajo
Ossa de Montiel (Albacete),Muy bajo,Muy bajo,Muy bajo,Muy bajo,Muy bajo,Muy bajo,Muy bajo
Osso de Cinca (Huesca),Muy bajo,Muy bajo,Muy bajo,Bajo,Muy bajo,Muy bajo,Muy bajo
Ossó de Sió (Lleida),Muy bajo,Muy bajo,Muy bajo,Muy bajo,Muy bajo,Muy bajo,Muy bajo
Osuna (Sevilla),Bajo,Muy bajo,Muy bajo,Muy bajo,Muy bajo,Bajo,Bajo
Oteiza (Navarra),Muy bajo,Bajo,Muy bajo,Muy bajo,Muy bajo,Muy bajo,Bajo
Otero (Toledo),Muy bajo,Muy bajo,Muy bajo,Muy bajo,Muy bajo,Muy bajo,Muy bajo
Otero de Bodas (Zamora),Muy bajo,Muy bajo,Muy bajo,Muy bajo,Muy bajo,Bajo,Bajo
Otero de Herreros (Segovia),Bajo,Muy bajo,Muy bajo,Muy bajo,Muy bajo,Bajo,Bajo
Otos (Valencia),Muy bajo,Muy bajo,Muy bajo,Muy bajo,Muy bajo,Muy bajo,Muy bajo
Otxandio (Vizcaya),Bajo,Moderado,Muy bajo,Muy bajo,Muy bajo,Muy bajo,Bajo
Otívar (Granada),Muy bajo,Muy bajo,Muy bajo,Muy bajo,Muy bajo,Muy bajo,Muy bajo
Ourense (Ourense),Bajo,Muy bajo,Muy bajo,Muy bajo,Bajo,Bajo,Bajo
Ourol (Lugo),Muy bajo,Muy bajo,Muy bajo,Muy bajo,Muy bajo,Bajo,Bajo
Outeiro de Rei (Lugo),Bajo,Muy bajo,Muy bajo,Muy bajo,Bajo,Bajo,Bajo
Outes (A Coruña),Bajo,Muy bajo,Muy bajo,Bajo,Bajo,Bajo,Bajo
Oviedo (Asturias),Muy bajo,Muy bajo,Muy bajo,Muy bajo,Muy bajo,Bajo,Bajo
Oyón-Oion (Álava),Muy bajo,Bajo,Muy bajo,Muy bajo,Muy bajo,Muy bajo,Bajo
Oza-Cesuras (A Coruña),Bajo,Bajo,Muy bajo,Muy bajo,Bajo,Bajo,Moderado
Oímbra (Ourense),Bajo,Muy bajo,Muy bajo,Muy bajo,Muy bajo,Bajo,Bajo
Oña (Burgos),Muy bajo,Bajo,Muy bajo,Muy bajo,Muy bajo,Muy bajo,Bajo
Oñati (Guipúzcoa),Bajo,Moderado,Muy bajo,Muy bajo,Muy bajo,Muy bajo,Bajo
Pacs del Penedès (Barcelona),Muy bajo,Muy bajo,Muy bajo,Muy bajo,Muy bajo,Muy bajo,Muy bajo
Paderne (A Coruña),Bajo,Bajo,Muy bajo,Bajo,Bajo,Bajo,Bajo
Paderne de Allariz (Ourense),Bajo,Muy bajo,Muy bajo,Muy bajo,Muy bajo,Bajo,Bajo
Padiernos (Ávila),Muy bajo,Muy bajo,Muy bajo,Muy bajo,Muy bajo,Bajo,Bajo
Padilla de Abajo (Burgos),Muy bajo,Bajo,Muy bajo,Muy bajo,Muy bajo,Bajo,Bajo
Padilla de Arriba (Burgos),Muy bajo,Bajo,Muy bajo,Muy bajo,Muy bajo,Bajo,Bajo
Padrenda (Ourense),Moderado,Muy bajo,Muy bajo,Muy bajo,Bajo,Bajo,Bajo
Padrones de Bureba (Burgos),Muy bajo,Bajo,Muy bajo,Muy bajo,Muy bajo,Muy bajo,Moderado
Padrón (A Coruña),Bajo,Muy bajo,Muy bajo,Bajo,Bajo,Bajo,Bajo
Padul (Granada),Muy bajo,Muy bajo,Muy bajo,Muy bajo,Muy bajo,Muy bajo,Muy bajo
Padules (Almería),Muy bajo,Muy bajo,Muy bajo,Muy bajo,Muy bajo,Muy bajo,Muy bajo
Paiporta (Valencia),Muy bajo,Muy bajo,Muy bajo,Muy bajo,Muy bajo,Muy bajo,Muy bajo
Pajarejos (Segovia),Muy bajo,Muy bajo,Muy bajo,Muy bajo,Muy bajo,Bajo,Bajo
Pajares de Adaja (Ávila),Muy bajo,Muy bajo,Muy bajo,Muy bajo,Muy bajo,Muy bajo,Bajo
Pajares de la Laguna (Salamanca),Muy bajo,Muy bajo,Muy bajo,Muy bajo,Muy bajo,Muy bajo,Muy bajo
Pajares de la Lampreana (Zamora),Muy bajo,Muy bajo,Muy bajo,Muy bajo,Muy bajo,Bajo,Bajo
Pajares de los Oteros (León),Muy bajo,Muy bajo,Muy bajo,Muy bajo,Muy bajo,Muy bajo,Bajo
Pajaroncillo (Cuenca),Muy bajo,Muy bajo,Muy bajo,Muy bajo,Muy bajo,Muy bajo,Muy bajo
Pajarón (Cuenca),Muy bajo,Muy bajo,Muy bajo,Muy bajo,Muy bajo,Bajo,Muy bajo
Palacios de Goda (Ávila),Muy bajo,Muy bajo,Muy bajo,Muy bajo,Muy bajo,Muy bajo,Bajo
Palacios de Riopisuerga (Burgos),Muy bajo,Bajo,Muy bajo,Muy bajo,Muy bajo,Bajo,Bajo
Palacios de Sanabria (Zamora),Muy bajo,Muy bajo,Muy bajo,Muy bajo,Muy bajo,Bajo,Bajo
Palacios de la Sierra (Burgos),Bajo,Bajo,Muy bajo,Bajo,Bajo,Bajo,Moderado
Palacios de la Valduerna (León),Muy bajo,Bajo,Muy bajo,Muy bajo,Muy bajo,Bajo,Bajo
Palacios del Arzobispo (Salamanca),Muy bajo,Muy bajo,Muy bajo,Muy bajo,Bajo,Bajo,Bajo
Palacios del Pan (Zamora),Muy bajo,Muy bajo,Muy bajo,Muy bajo,Muy bajo,Muy bajo,Muy bajo
Palacios del Sil (León),Bajo,Muy bajo,Muy bajo,Muy bajo,Muy bajo,Bajo,Bajo
Palaciosrubios (Salamanca),Muy bajo,Muy bajo,Muy bajo,Muy bajo,Muy bajo,Muy bajo,Bajo
Palafolls (Barcelona),Muy bajo,Muy bajo,Muy bajo,Muy bajo,Muy bajo,Muy bajo,Muy bajo
Palafrugell (Girona),Muy bajo,Muy bajo,Muy bajo,Muy bajo,Muy bajo,Muy bajo,Muy bajo
Palamós (Girona),Muy bajo,Muy bajo,Muy bajo,Muy bajo,Muy bajo,Muy bajo,Muy bajo
Palanques (Castellón),Muy bajo,Muy bajo,Muy bajo,Muy bajo,Muy bajo,Muy bajo,Muy bajo
Palas de Rei (Lugo),Bajo,Muy bajo,Muy bajo,Bajo,Bajo,Bajo,Moderado
Palau de Santa Eulàlia (Girona),Muy bajo,Muy bajo,Muy bajo,Muy bajo,Muy bajo,Muy bajo,Muy bajo
Palau-sator (Girona),Muy bajo,Muy bajo,Muy bajo,Muy bajo,Muy bajo,Muy bajo,Muy bajo
Palau-saverdera (Girona),Muy bajo,Muy bajo,Muy bajo,Muy bajo,Muy bajo,Muy bajo,Muy bajo
Palau-solità i Plegamans (Barcelona),Muy bajo,Muy bajo,Muy bajo,Muy bajo,Muy bajo,Muy bajo,Muy bajo
Palazuelo de Vedija (Valladolid),Muy bajo,Muy bajo,Muy bajo,Bajo,Bajo,Bajo,Bajo
Palazuelos de Eresma (Segovia),Muy bajo,Muy bajo,Muy bajo,Muy bajo,Muy bajo,Bajo,Bajo
Palazuelos de Muñó (Burgos),Bajo,Bajo,Bajo,Bajo,Bajo,Bajo,Moderado
Palazuelos de la Sierra (Burgos),Bajo,Bajo,Muy bajo,Muy bajo,Bajo,Bajo,Bajo
Palencia (Palencia),Muy bajo,Muy bajo,Muy bajo,Muy bajo,Bajo,Bajo,Bajo
Palencia de Negrilla (Salamanca),Muy bajo,Muy bajo,Muy bajo,Muy bajo,Muy bajo,Muy bajo,Bajo
Palenciana (Córdoba),Bajo,Muy bajo,Muy bajo,Muy bajo,Muy bajo,Muy bajo,Muy bajo
Palenzuela (Palencia),Bajo,Bajo,Bajo,Bajo,Bajo,Bajo,Moderado
Pallejà (Barcelona),Muy bajo,Muy bajo,Muy bajo,Muy bajo,Muy bajo,Muy bajo,Muy bajo
Palma (Baleares),Muy bajo,Muy bajo,Muy bajo,Muy bajo,Muy bajo,Muy bajo,Muy bajo
Palma de Gandía (Valencia),Muy bajo,Muy bajo,Muy bajo,Muy bajo,Muy bajo,Muy bajo,Muy bajo
Palma del Río (Córdoba),Muy bajo,Muy bajo,Muy bajo,Muy bajo,Bajo,Bajo,Bajo
Palmera (Valencia),Muy bajo,Muy bajo,Muy bajo,Muy bajo,Muy bajo,Muy bajo,Muy bajo
Palo (Huesca),Muy bajo,Muy bajo,Muy bajo,Muy bajo,Muy bajo,Bajo,Bajo
Palol de Revardit (Girona),Muy bajo,Muy bajo,Muy bajo,Muy bajo,Muy bajo,Muy bajo,Muy bajo
Palomar de Arroyos (Teruel),Muy bajo,Muy bajo,Muy bajo,Muy bajo,Muy bajo,Muy bajo,Muy bajo
Palomares del Campo (Cuenca),Muy bajo,Muy bajo,Muy bajo,Muy bajo,Muy bajo,Muy bajo,Muy bajo
Palomares del Río (Sevilla),Muy bajo,Muy bajo,Muy bajo,Bajo,Moderado,Bajo,Bajo
Palomas (Badajoz),Muy bajo,Muy bajo,Muy bajo,Muy bajo,Muy bajo,Bajo,Bajo
Palomeque (Toledo),Muy bajo,Muy bajo,Muy bajo,Muy bajo,Muy bajo,Muy bajo,Muy bajo
Palomera (Cuenca),Muy bajo,Muy bajo,Muy bajo,Muy bajo,Muy bajo,Bajo,Muy bajo
Palomero (Cáceres),Muy bajo,Muy bajo,Muy bajo,Muy bajo,Muy bajo,Muy bajo,Bajo
Palos de la Frontera (Huelva),Muy bajo,Muy bajo,Muy bajo,Muy bajo,Muy bajo,Muy bajo,Muy bajo
Pals (Girona),Muy bajo,Muy bajo,Muy bajo,Muy bajo,Muy bajo,Muy bajo,Muy bajo
Pampaneira (Granada),Muy bajo,Muy bajo,Muy bajo,Muy bajo,Muy bajo,Muy bajo,Muy bajo
Pampliega (Burgos),Bajo,Bajo,Bajo,Bajo,Bajo,Bajo,Moderado
Pamplona/Iruña (Navarra),Muy bajo,Muy bajo,Muy bajo,Muy bajo,Muy bajo,Muy bajo,Muy bajo
Pancorbo (Burgos),Muy bajo,Bajo,Muy bajo,Muy bajo,Muy bajo,Muy bajo,Bajo
Pancrudo (Teruel),Muy bajo,Muy bajo,Muy bajo,Muy bajo,Muy bajo,Muy bajo,Bajo
Paniza (Zaragoza),Muy bajo,Muy bajo,Muy bajo,Muy bajo,Muy bajo,Muy bajo,Bajo
Panticosa (Huesca),Muy bajo,Muy bajo,Muy bajo,Muy bajo,Muy bajo,Bajo,Moderado
Pantoja (Toledo),Muy bajo,Muy bajo,Muy bajo,Muy bajo,Muy bajo,Muy bajo,Muy bajo
Pantón (Lugo),Bajo,Muy bajo,Muy bajo,Bajo,Bajo,Bajo,Bajo
Papatrigo (Ávila),Muy bajo,Muy bajo,Muy bajo,Muy bajo,Muy bajo,Muy bajo,Bajo
Paracuellos (Cuenca),Muy bajo,Muy bajo,Muy bajo,Muy bajo,Muy bajo,Muy bajo,Muy bajo
Paracuellos de Jarama (Madrid),Muy bajo,Muy bajo,Muy bajo,Muy bajo,Muy bajo,Muy bajo,Muy bajo
Paracuellos de Jiloca (Zaragoza),Muy bajo,Muy bajo,Muy bajo,Muy bajo,Muy bajo,Muy bajo,Muy bajo
Paracuellos de la Ribera (Zaragoza),Muy bajo,Muy bajo,Muy bajo,Muy bajo,Muy bajo,Muy bajo,Muy bajo
Parada de Arriba (Salamanca),Muy bajo,Muy bajo,Muy bajo,Muy bajo,Muy bajo,Bajo,Bajo
Parada de Rubiales (Salamanca),Muy bajo,Muy bajo,Muy bajo,Muy bajo,Muy bajo,Muy bajo,Muy bajo
Parada de Sil (Ourense),Bajo,Muy bajo,Muy bajo,Muy bajo,Muy bajo,Bajo,Bajo
Paradas (Sevilla),Moderado,Muy bajo,Muy bajo,Muy bajo,Bajo,Bajo,Bajo
Paradela (Lugo),Bajo,Muy bajo,Muy bajo,Muy bajo,Muy bajo,Bajo,Bajo
Paradinas de San Juan (Salamanca),Muy bajo,Muy bajo,Muy bajo,Muy bajo,Muy bajo,Muy bajo,Bajo
Parauta (Málaga),Muy bajo,Muy bajo,Muy bajo,Muy bajo,Muy bajo,Muy bajo,Bajo
Parcent (Alicante),Muy bajo,Muy bajo,Muy bajo,Muy bajo,Muy bajo,Muy bajo,Muy bajo
Pardilla (Burgos),Muy bajo,Muy bajo,Muy bajo,Muy bajo,Muy bajo,Muy bajo,Muy bajo
Pardines (Girona),Muy bajo,Muy bajo,Muy bajo,Muy bajo,Muy bajo,Bajo,Bajo
Pardos (Guadalajara),Muy bajo,Muy bajo,Muy bajo,Muy bajo,Muy bajo,Bajo,Bajo
Paredes (Cuenca),Muy bajo,Muy bajo,Muy bajo,Muy bajo,Muy bajo,Muy bajo,Muy bajo
Paredes de Escalona (Toledo),Muy bajo,Muy bajo,Muy bajo,Muy bajo,Muy bajo,Bajo,Muy bajo
Paredes de Nava (Palencia),Muy bajo,Bajo,Bajo,Muy bajo,Bajo,Bajo,Bajo
Paredes de Sigüenza (Guadalajara),Muy bajo,Muy bajo,Muy bajo,Muy bajo,Muy bajo,Bajo,Bajo
Pareja (Guadalajara),Muy bajo,Muy bajo,Muy bajo,Muy bajo,Muy bajo,Muy bajo,Muy bajo
Parets del Vallès (Barcelona),Muy bajo,Muy bajo,Muy bajo,Muy bajo,Muy bajo,Muy bajo,Muy bajo
Parla (Madrid),Muy bajo,Muy bajo,Muy bajo,Muy bajo,Muy bajo,Muy bajo,Muy bajo
Parlavà (Girona),Muy bajo,Muy bajo,Muy bajo,Muy bajo,Muy bajo,Muy bajo,Muy bajo
Parres (Asturias),Muy bajo,Bajo,Muy bajo,Muy bajo,Muy bajo,Bajo,Moderado
Parrillas (Toledo),Muy bajo,Muy bajo,Muy bajo,Muy bajo,Muy bajo,Muy bajo,Bajo
Partaloa (Almería),Muy bajo,Muy bajo,Muy bajo,Muy bajo,Muy bajo,Muy bajo,Muy bajo
Partido de la Sierra en Tobalina (Burgos),Muy bajo,Bajo,Muy bajo,Muy bajo,Muy bajo,Muy bajo,Bajo
Parzoneria de Entzia (nan),Bajo,Moderado,Muy bajo,Muy bajo,Muy bajo,Muy bajo,Bajo
Parzonería general de Guipuzkoa y Araba/Álava (nan),Bajo,Moderado,Muy bajo,Muy bajo,Muy bajo,Muy bajo,Bajo
Pasaia (Guipúzcoa),Bajo,Moderado,Muy bajo,Muy bajo,Bajo,Bajo,Moderado
Pasarón de la Vera (Cáceres),Muy bajo,Muy bajo,Muy bajo,Muy bajo,Muy bajo,Muy bajo,Bajo
Pascualcobo (Ávila),Muy bajo,Muy bajo,Muy bajo,Muy bajo,Muy bajo,Bajo,Bajo
Passanant i Belltall (Tarragona),Muy bajo,Muy bajo,Muy bajo,Muy bajo,Muy bajo,Muy bajo,Muy bajo
Pastores (Salamanca),Muy bajo,Muy bajo,Muy bajo,Muy bajo,Bajo,Bajo,Bajo
Pastrana (Guadalajara),Muy bajo,Muy bajo,Muy bajo,Muy bajo,Muy bajo,Muy bajo,Muy bajo
Pastriz (Zaragoza),Muy bajo,Muy bajo,Muy bajo,Muy bajo,Bajo,Muy bajo,Muy bajo
Paterna (Valencia),Muy bajo,Muy bajo,Muy bajo,Muy bajo,Muy bajo,Muy bajo,Muy bajo
Paterna de Rivera (Cádiz),Alto,Muy bajo,Muy bajo,Bajo,Bajo,Bajo,Moderado
Paterna del Campo (Huelva),Bajo,Muy bajo,Bajo,Bajo,Alto,Moderado,Bajo
Paterna del Madera (Albacete),Muy bajo,Muy bajo,Muy bajo,Muy bajo,Muy bajo,Muy bajo,Muy bajo
Paterna del Río (Almería),Muy bajo,Muy bajo,Muy bajo,Muy bajo,Muy bajo,Muy bajo,Muy bajo
Patones (Madrid),Muy bajo,Muy bajo,Muy bajo,Muy bajo,Muy bajo,Muy bajo,Muy bajo
Pau (Girona),Muy bajo,Muy bajo,Muy bajo,Muy bajo,Muy bajo,Muy bajo,Muy bajo
Pavías (Castellón),Muy bajo,Muy bajo,Muy bajo,Muy bajo,Muy bajo,Muy bajo,Muy bajo
Paymogo (Huelva),Bajo,Muy bajo,Muy bajo,Muy bajo,Bajo,Bajo,Bajo
Payo de Ojeda (Palencia),Muy bajo,Bajo,Muy bajo,Muy bajo,Muy bajo,Bajo,Bajo
Pazos de Borbén (Pontevedra),Bajo,Muy bajo,Muy bajo,Bajo,Bajo,Bajo,Bajo
Pazuengos (La Rioja),Muy bajo,Muy bajo,Muy bajo,Muy bajo,Muy bajo,Muy bajo,Bajo
Paüls (Tarragona),Muy bajo,Muy bajo,Muy bajo,Muy bajo,Muy bajo,Muy bajo,Muy bajo
Peal de Becerro (Jaén),Muy bajo,Muy bajo,Muy bajo,Muy bajo,Muy bajo,Muy bajo,Muy bajo
Pechina (Almería),Muy bajo,Muy bajo,Muy bajo,Muy bajo,Muy bajo,Muy bajo,Muy bajo
Pedrafita do Cebreiro (Lugo),Bajo,Bajo,Muy bajo,Muy bajo,Muy bajo,Bajo,Moderado
Pedrajas de San Esteban (Valladolid),Muy bajo,Muy bajo,Muy bajo,Muy bajo,Muy bajo,Muy bajo,Bajo
Pedralba (Valencia),Muy bajo,Muy bajo,Muy bajo,Muy bajo,Muy bajo,Muy bajo,Muy bajo
Pedralba de la Pradería (Zamora),Muy bajo,Muy bajo,Muy bajo,Muy bajo,Bajo,Bajo,Bajo
Pedraza (Segovia),Bajo,Muy bajo,Muy bajo,Muy bajo,Muy bajo,Bajo,Bajo
Pedraza de Alba (Salamanca),Muy bajo,Muy bajo,Muy bajo,Muy bajo,Bajo,Bajo,Bajo
Pedraza de Campos (Palencia),Muy bajo,Muy bajo,Bajo,Muy bajo,Bajo,Bajo,Bajo
Pedreguer (Alicante),Muy bajo,Muy bajo,Muy bajo,Muy bajo,Muy bajo,Muy bajo,Muy bajo
Pedrera (Sevilla),Bajo,Muy bajo,Muy bajo,Muy bajo,Muy bajo,Bajo,Muy bajo
Pedret i Marzà (Girona),Muy bajo,Muy bajo,Muy bajo,Muy bajo,Muy bajo,Muy bajo,Muy bajo
Pedrezuela (Madrid),Muy bajo,Muy bajo,Muy bajo,Muy bajo,Muy bajo,Muy bajo,Muy bajo
Pedro Abad (Córdoba),Muy bajo,Muy bajo,Muy bajo,Muy bajo,Bajo,Muy bajo,Muy bajo
Pedro Bernardo (Ávila),Muy bajo,Muy bajo,Muy bajo,Muy bajo,Muy bajo,Muy bajo,Bajo
Pedro Martínez (Granada),Muy bajo,Muy bajo,Muy bajo,Muy bajo,Muy bajo,Muy bajo,Muy bajo
Pedro Muñoz (Ciudad Real),Muy bajo,Muy bajo,Muy bajo,Muy bajo,Muy bajo,Muy bajo,Muy bajo
Pedro-Rodríguez (Ávila),Muy bajo,Muy bajo,Muy bajo,Muy bajo,Muy bajo,Muy bajo,Bajo
Pedroche (Córdoba),Muy bajo,Muy bajo,Muy bajo,Muy bajo,Muy bajo,Muy bajo,Bajo
Pedrola (Zaragoza),Muy bajo,Muy bajo,Muy bajo,Muy bajo,Bajo,Muy bajo,Bajo
Pedrosa de Duero (Burgos),Bajo,Bajo,Muy bajo,Muy bajo,Bajo,Bajo,Bajo
Pedrosa de Río Úrbel (Burgos),Bajo,Bajo,Bajo,Bajo,Bajo,Bajo,Moderado
Pedrosa de la Vega (Palencia),Muy bajo,Muy bajo,Muy bajo,Muy bajo,Muy bajo,Bajo,Bajo
Pedrosa del Príncipe (Burgos),Muy bajo,Bajo,Bajo,Muy bajo,Bajo,Bajo,Moderado
Pedrosa del Páramo (Burgos),Muy bajo,Bajo,Muy bajo,Muy bajo,Bajo,Bajo,Bajo
Pedrosa del Rey (Valladolid),Muy bajo,Muy bajo,Muy bajo,Muy bajo,Muy bajo,Muy bajo,Bajo
Pedrosillo de Alba (Salamanca),Muy bajo,Muy bajo,Muy bajo,Muy bajo,Bajo,Bajo,Bajo
Pedrosillo de los Aires (Salamanca),Muy bajo,Muy bajo,Muy bajo,Muy bajo,Bajo,Bajo,Bajo
Pedrosillo el Ralo (Salamanca),Muy bajo,Muy bajo,Muy bajo,Muy bajo,Muy bajo,Muy bajo,Bajo
Pedroso (La Rioja),Bajo,Bajo,Muy bajo,Muy bajo,Muy bajo,Muy bajo,Bajo
Pedroso de Acim (Cáceres),Muy bajo,Muy bajo,Muy bajo,Muy bajo,Muy bajo,Bajo,Bajo
Pegalajar (Jaén),Muy bajo,Muy bajo,Muy bajo,Muy bajo,Muy bajo,Muy bajo,Muy bajo
Pego (Alicante),Muy bajo,Muy bajo,Muy bajo,Muy bajo,Muy bajo,Muy bajo,Muy bajo
Peguerinos (Ávila),Muy bajo,Muy bajo,Muy bajo,Muy bajo,Muy bajo,Bajo,Bajo
Pelabravo (Salamanca),Muy bajo,Muy bajo,Muy bajo,Muy bajo,Muy bajo,Bajo,Bajo
Pelahustán (Toledo),Muy bajo,Muy bajo,Muy bajo,Muy bajo,Muy bajo,Muy bajo,Muy bajo
Pelarrodríguez (Salamanca),Muy bajo,Muy bajo,Muy bajo,Muy bajo,Bajo,Bajo,Bajo
Pelayos (Salamanca),Muy bajo,Muy bajo,Muy bajo,Muy bajo,Bajo,Bajo,Bajo
Pelayos de la Presa (Madrid),Muy bajo,Muy bajo,Muy bajo,Muy bajo,Muy bajo,Muy bajo,Muy bajo
Pelayos del Arroyo (Segovia),Muy bajo,Muy bajo,Muy bajo,Muy bajo,Muy bajo,Bajo,Bajo
Peleagonzalo (Zamora),Muy bajo,Muy bajo,Muy bajo,Muy bajo,Muy bajo,Muy bajo,Muy bajo
Peleas de Abajo (Zamora),Muy bajo,Muy bajo,Muy bajo,Muy bajo,Muy bajo,Muy bajo,Muy bajo
Peligros (Granada),Bajo,Muy bajo,Muy bajo,Muy bajo,Muy bajo,Muy bajo,Muy bajo
Penagos (Cantabria),Muy bajo,Muy bajo,Muy bajo,Muy bajo,Muy bajo,Bajo,Bajo
Penelles (Lleida),Muy bajo,Muy bajo,Muy bajo,Muy bajo,Muy bajo,Muy bajo,Muy bajo
Penàguila (Alicante),Muy bajo,Muy bajo,Muy bajo,Muy bajo,Muy bajo,Muy bajo,Muy bajo
Peníscola/Peñíscola (Castellón),Muy bajo,Muy bajo,Muy bajo,Muy bajo,Muy bajo,Muy bajo,Muy bajo
Pepino (Toledo),Muy bajo,Muy bajo,Muy bajo,Muy bajo,Muy bajo,Bajo,Bajo
Peque (Zamora),Muy bajo,Muy bajo,Muy bajo,Muy bajo,Muy bajo,Bajo,Bajo
Peracense (Teruel),Muy bajo,Muy bajo,Muy bajo,Muy bajo,Muy bajo,Muy bajo,Bajo
Perafita (Barcelona),Muy bajo,Muy bajo,Muy bajo,Muy bajo,Muy bajo,Muy bajo,Bajo
Perafort (Tarragona),Muy bajo,Muy bajo,Muy bajo,Muy bajo,Muy bajo,Muy bajo,Muy bajo
Peral de Arlanza (Burgos),Bajo,Bajo,Bajo,Bajo,Bajo,Bajo,Moderado
Peralada (Girona),Muy bajo,Muy bajo,Muy bajo,Muy bajo,Muy bajo,Muy bajo,Muy bajo
Peraleda de San Román (Cáceres),Muy bajo,Muy bajo,Muy bajo,Muy bajo,Muy bajo,Muy bajo,Muy bajo
Peraleda de la Mata (Cáceres),Muy bajo,Muy bajo,Muy bajo,Muy bajo,Muy bajo,Bajo,Bajo
Peraleda del Zaucejo (Badajoz),Muy bajo,Muy bajo,Muy bajo,Muy bajo,Muy bajo,Muy bajo,Muy bajo
Peralejos (Teruel),Muy bajo,Muy bajo,Muy bajo,Muy bajo,Muy bajo,Muy bajo,Bajo
Peralejos de Abajo (Salamanca),Muy bajo,Muy bajo,Muy bajo,Bajo,Bajo,Bajo,Bajo
Peralejos de Arriba (Salamanca),Muy bajo,Muy bajo,Muy bajo,Bajo,Bajo,Bajo,Bajo
Peralejos de las Truchas (Guadalajara),Muy bajo,Muy bajo,Muy bajo,Muy bajo,Muy bajo,Bajo,Bajo
Perales (Palencia),Muy bajo,Muy bajo,Bajo,Bajo,Bajo,Bajo,Moderado
Perales de Tajuña (Madrid),Muy bajo,Muy bajo,Muy bajo,Muy bajo,Muy bajo,Muy bajo,Muy bajo
Perales del Alfambra (Teruel),Muy bajo,Muy bajo,Muy bajo,Muy bajo,Muy bajo,Muy bajo,Bajo
Perales del Puerto (Cáceres),Muy bajo,Muy bajo,Muy bajo,Muy bajo,Muy bajo,Muy bajo,Bajo
Peralta de Alcofea (Huesca),Muy bajo,Muy bajo,Muy bajo,Bajo,Bajo,Muy bajo,Bajo
Peralta de Calasanz (Huesca),Muy bajo,Muy bajo,Muy bajo,Muy bajo,Muy bajo,Muy bajo,Bajo
Peralta/Azkoien (Navarra),Muy bajo,Moderado,Muy bajo,Muy bajo,Bajo,Muy bajo,Bajo
Peraltilla (Huesca),Bajo,Muy bajo,Muy bajo,Muy bajo,Muy bajo,Bajo,Bajo
Peralveche (Guadalajara),Muy bajo,Muy bajo,Muy bajo,Muy bajo,Muy bajo,Muy bajo,Muy bajo
Peramola (Lleida),Muy bajo,Muy bajo,Muy bajo,Muy bajo,Muy bajo,Muy bajo,Bajo
Peranzanes (León),Bajo,Muy bajo,Muy bajo,Muy bajo,Muy bajo,Bajo,Bajo
Perarrúa (Huesca),Muy bajo,Muy bajo,Muy bajo,Muy bajo,Muy bajo,Bajo,Bajo
Perdiguera (Zaragoza),Muy bajo,Muy bajo,Muy bajo,Muy bajo,Muy bajo,Muy bajo,Bajo
Pereruela (Zamora),Muy bajo,Muy bajo,Muy bajo,Muy bajo,Muy bajo,Bajo,Muy bajo
Pereña de la Ribera (Salamanca),Bajo,Muy bajo,Muy bajo,Bajo,Bajo,Bajo,Bajo
Periana (Málaga),Muy bajo,Muy bajo,Muy bajo,Muy bajo,Muy bajo,Muy bajo,Bajo
Perilla de Castro (Zamora),Muy bajo,Muy bajo,Muy bajo,Muy bajo,Muy bajo,Bajo,Bajo
Peromingo (Salamanca),Muy bajo,Muy bajo,Muy bajo,Bajo,Bajo,Bajo,Bajo
Perosillo (Segovia),Muy bajo,Muy bajo,Muy bajo,Muy bajo,Muy bajo,Bajo,Bajo
Pertusa (Huesca),Muy bajo,Muy bajo,Muy bajo,Muy bajo,Muy bajo,Muy bajo,Bajo
Pesaguero (Cantabria),Muy bajo,Bajo,Muy bajo,Muy bajo,Muy bajo,Muy bajo,Bajo
Pescueza (Cáceres),Muy bajo,Muy bajo,Muy bajo,Muy bajo,Muy bajo,Bajo,Bajo
Pesoz (Asturias),Muy bajo,Muy bajo,Muy bajo,Muy bajo,Muy bajo,Muy bajo,Bajo
Pesquera (Cantabria),Muy bajo,Bajo,Muy bajo,Muy bajo,Muy bajo,Muy bajo,Bajo
Pesquera de Duero (Valladolid),Muy bajo,Muy bajo,Muy bajo,Muy bajo,Bajo,Bajo,Bajo
Petilla de Aragón (Navarra),Muy bajo,Bajo,Muy bajo,Muy bajo,Muy bajo,Muy bajo,Bajo
Petra (Baleares),Muy bajo,Muy bajo,Bajo,Muy bajo,Muy bajo,Muy bajo,Muy bajo
Petrer (Alicante),Muy bajo,Bajo,Muy bajo,Muy bajo,Muy bajo,Muy bajo,Muy bajo
Petrés (Valencia),Muy bajo,Muy bajo,Muy bajo,Muy bajo,Muy bajo,Muy bajo,Muy bajo
Petín (Ourense),Bajo,Bajo,Muy bajo,Muy bajo,Muy bajo,Bajo,Bajo
Pezuela de las Torres (Madrid),Muy bajo,Muy bajo,Muy bajo,Muy bajo,Muy bajo,Muy bajo,Muy bajo
Peñacaballera (Salamanca),Muy bajo,Muy bajo,Muy bajo,Muy bajo,Bajo,Bajo,Bajo
Peñacerrada-Urizaharra (Álava),Muy bajo,Bajo,Muy bajo,Muy bajo,Muy bajo,Muy bajo,Bajo
Peñafiel (Valladolid),Bajo,Muy bajo,Muy bajo,Muy bajo,Muy bajo,Bajo,Bajo
Peñaflor (Sevilla),Muy bajo,Muy bajo,Muy bajo,Muy bajo,Bajo,Bajo,Bajo
Peñaflor de Hornija (Valladolid),Muy bajo,Muy bajo,Muy bajo,Muy bajo,Bajo,Bajo,Bajo
Peñalba (Huesca),Muy bajo,Bajo,Muy bajo,Moderado,Bajo,Bajo,Bajo
Peñalba de Ávila (Ávila),Muy bajo,Muy bajo,Muy bajo,Muy bajo,Muy bajo,Bajo,Bajo
Peñalsordo (Badajoz),Muy bajo,Muy bajo,Muy bajo,Muy bajo,Muy bajo,Muy bajo,Muy bajo
Peñalver (Guadalajara),Muy bajo,Muy bajo,Muy bajo,Muy bajo,Muy bajo,Muy bajo,Muy bajo
Peñalén (Guadalajara),Muy bajo,Muy bajo,Muy bajo,Muy bajo,Muy bajo,Bajo,Bajo
Peñamellera Alta (Asturias),Muy bajo,Muy bajo,Muy bajo,Muy bajo,Muy bajo,Bajo,Bajo
Peñamellera Baja (Asturias),Muy bajo,Muy bajo,Muy bajo,Muy bajo,Muy bajo,Bajo,Bajo
Peñaparda (Salamanca),Muy bajo,Muy bajo,Muy bajo,Muy bajo,Muy bajo,Bajo,Bajo
Peñaranda de Bracamonte (Salamanca),Muy bajo,Muy bajo,Muy bajo,Muy bajo,Muy bajo,Muy bajo,Bajo
Peñaranda de Duero (Burgos),Muy bajo,Bajo,Muy bajo,Muy bajo,Muy bajo,Bajo,Bajo
Peñarandilla (Salamanca),Muy bajo,Muy bajo,Muy bajo,Muy bajo,Bajo,Bajo,Bajo
Peñarroya de Tastavins (Teruel),Muy bajo,Muy bajo,Muy bajo,Muy bajo,Muy bajo,Muy bajo,Muy bajo
Peñarroya-Pueblonuevo (Córdoba),Muy bajo,Muy bajo,Muy bajo,Muy bajo,Bajo,Muy bajo,Bajo
Peñarrubia (Cantabria),Muy bajo,Bajo,Muy bajo,Muy bajo,Muy bajo,Bajo,Bajo
Peñas de San Pedro (Albacete),Muy bajo,Muy bajo,Muy bajo,Muy bajo,Muy bajo,Muy bajo,Muy bajo
Peñascosa (Albacete),Muy bajo,Muy bajo,Muy bajo,Muy bajo,Muy bajo,Bajo,Muy bajo
Peñausende (Zamora),Muy bajo,Muy bajo,Muy bajo,Muy bajo,Muy bajo,Bajo,Bajo
Peñón de Alhucemas (nan),Muy bajo,Muy bajo,Muy bajo,Muy bajo,Muy bajo,Muy bajo,Muy bajo
Peñón de Vélez de la Gomera (nan),Muy bajo,Muy bajo,Muy bajo,Muy bajo,Muy bajo,Muy bajo,Muy bajo
Picanya (Valencia),Muy bajo,Muy bajo,Muy bajo,Muy bajo,Muy bajo,Muy bajo,Muy bajo
Picassent (Valencia),Muy bajo,Muy bajo,Muy bajo,Muy bajo,Muy bajo,Muy bajo,Muy bajo
Picón (Ciudad Real),Muy bajo,Muy bajo,Muy bajo,Muy bajo,Muy bajo,Muy bajo,Muy bajo
Piedrabuena (Ciudad Real),Muy bajo,Muy bajo,Muy bajo,Muy bajo,Muy bajo,Muy bajo,Muy bajo
Piedrahita de Castro (Zamora),Muy bajo,Muy bajo,Muy bajo,Muy bajo,Muy bajo,Bajo,Muy bajo
Piedrahíta (Ávila),Muy bajo,Muy bajo,Muy bajo,Muy bajo,Bajo,Bajo,Bajo
Piedralaves (Ávila),Muy bajo,Muy bajo,Muy bajo,Muy bajo,Muy bajo,Bajo,Bajo
Piedramillera (Navarra),Bajo,Bajo,Muy bajo,Muy bajo,Muy bajo,Bajo,Bajo
Piedras Albas (Cáceres),Muy bajo,Muy bajo,Muy bajo,Muy bajo,Bajo,Bajo,Bajo
Piedratajada (Zaragoza),Muy bajo,Muy bajo,Muy bajo,Muy bajo,Muy bajo,Muy bajo,Bajo
Piera (Barcelona),Muy bajo,Muy bajo,Muy bajo,Muy bajo,Muy bajo,Muy bajo,Muy bajo
Pilar de la Horadada (Alicante),Muy bajo,Muy bajo,Muy bajo,Muy bajo,Muy bajo,Muy bajo,Muy bajo
Pilas (Sevilla),Bajo,Bajo,Bajo,Bajo,Alto,Moderado,Bajo
Piles (Valencia),Muy bajo,Muy bajo,Muy bajo,Muy bajo,Muy bajo,Muy bajo,Muy bajo
Piloña (Asturias),Muy bajo,Bajo,Muy bajo,Muy bajo,Muy bajo,Bajo,Moderado
Pina de Ebro (Zaragoza),Muy bajo,Muy bajo,Muy bajo,Bajo,Bajo,Muy bajo,Muy bajo
Pina de Montalgrao (Castellón),Muy bajo,Muy bajo,Muy bajo,Muy bajo,Muy bajo,Muy bajo,Muy bajo
Pinarejo (Cuenca),Muy bajo,Muy bajo,Muy bajo,Muy bajo,Muy bajo,Bajo,Bajo
Pinarejos (Segovia),Muy bajo,Muy bajo,Muy bajo,Muy bajo,Muy bajo,Muy bajo,Bajo
Pinarnegrillo (Segovia),Muy bajo,Muy bajo,Muy bajo,Muy bajo,Muy bajo,Muy bajo,Bajo
Pineda Trasmonte (Burgos),Bajo,Bajo,Muy bajo,Bajo,Bajo,Bajo,Bajo
Pineda de Gigüela (Cuenca),Muy bajo,Muy bajo,Muy bajo,Muy bajo,Muy bajo,Muy bajo,Muy bajo
Pineda de Mar (Barcelona),Muy bajo,Muy bajo,Muy bajo,Muy bajo,Muy bajo,Muy bajo,Muy bajo
Pineda de la Sierra (Burgos),Bajo,Bajo,Muy bajo,Muy bajo,Muy bajo,Bajo,Bajo
Pinedas (Salamanca),Muy bajo,Muy bajo,Muy bajo,Muy bajo,Bajo,Bajo,Bajo
Pinell de Solsonès (Lleida),Muy bajo,Muy bajo,Muy bajo,Muy bajo,Muy bajo,Muy bajo,Bajo
Pinet (Valencia),Muy bajo,Muy bajo,Muy bajo,Muy bajo,Muy bajo,Muy bajo,Muy bajo
Pinilla Trasmonte (Burgos),Bajo,Bajo,Muy bajo,Bajo,Bajo,Bajo,Bajo
Pinilla de Jadraque (Guadalajara),Muy bajo,Muy bajo,Muy bajo,Muy bajo,Muy bajo,Muy bajo,Muy bajo
Pinilla de Molina (Guadalajara),Muy bajo,Muy bajo,Muy bajo,Muy bajo,Muy bajo,Bajo,Bajo
Pinilla de Toro (Zamora),Muy bajo,Muy bajo,Muy bajo,Muy bajo,Muy bajo,Bajo,Muy bajo
Pinilla de los Barruecos (Burgos),Bajo,Bajo,Muy bajo,Muy bajo,Muy bajo,Bajo,Bajo
Pinilla de los Moros (Burgos),Bajo,Bajo,Muy bajo,Bajo,Bajo,Bajo,Moderado
Pinilla del Campo (Soria),Muy bajo,Muy bajo,Muy bajo,Muy bajo,Bajo,Bajo,Bajo
Pinilla del Valle (Madrid),Muy bajo,Muy bajo,Muy bajo,Muy bajo,Muy bajo,Bajo,Bajo
Pinillos (La Rioja),Muy bajo,Bajo,Muy bajo,Muy bajo,Muy bajo,Muy bajo,Bajo
Pino del Oro (Zamora),Muy bajo,Muy bajo,Muy bajo,Muy bajo,Muy bajo,Bajo,Bajo
Pino del Río (Palencia),Muy bajo,Muy bajo,Muy bajo,Muy bajo,Muy bajo,Bajo,Bajo
Pinofranqueado (Cáceres),Muy bajo,Muy bajo,Muy bajo,Muy bajo,Muy bajo,Bajo,Bajo
Pinos Genil (Granada),Bajo,Muy bajo,Muy bajo,Muy bajo,Muy bajo,Muy bajo,Bajo
Pinos Puente (Granada),Bajo,Muy bajo,Muy bajo,Muy bajo,Muy bajo,Muy bajo,Muy bajo
Pinseque (Zaragoza),Muy bajo,Muy bajo,Muy bajo,Muy bajo,Bajo,Muy bajo,Muy bajo
Pinto (Madrid),Muy bajo,Muy bajo,Muy bajo,Muy bajo,Muy bajo,Muy bajo,Muy bajo
Pinós (Lleida),Muy bajo,Muy bajo,Muy bajo,Muy bajo,Muy bajo,Muy bajo,Bajo
Piornal (Cáceres),Muy bajo,Muy bajo,Muy bajo,Muy bajo,Muy bajo,Muy bajo,Bajo
Pioz (Guadalajara),Muy bajo,Muy bajo,Muy bajo,Muy bajo,Muy bajo,Muy bajo,Muy bajo
Piqueras (Guadalajara),Muy bajo,Muy bajo,Muy bajo,Muy bajo,Muy bajo,Bajo,Bajo
Piqueras del Castillo (Cuenca),Muy bajo,Muy bajo,Muy bajo,Muy bajo,Muy bajo,Bajo,Bajo
Pira (Tarragona),Muy bajo,Muy bajo,Muy bajo,Muy bajo,Muy bajo,Muy bajo,Muy bajo
Piracés (Huesca),Muy bajo,Muy bajo,Muy bajo,Muy bajo,Muy bajo,Muy bajo,Bajo
Pitarque (Teruel),Muy bajo,Muy bajo,Muy bajo,Muy bajo,Muy bajo,Muy bajo,Bajo
Pitiegua (Salamanca),Muy bajo,Muy bajo,Muy bajo,Muy bajo,Muy bajo,Muy bajo,Bajo
Pitillas (Navarra),Muy bajo,Muy bajo,Muy bajo,Muy bajo,Muy bajo,Muy bajo,Bajo
Pizarra (Málaga),Muy bajo,Muy bajo,Muy bajo,Muy bajo,Muy bajo,Muy bajo,Muy bajo
Pizarral (Salamanca),Muy bajo,Muy bajo,Muy bajo,Muy bajo,Bajo,Bajo,Bajo
Piélagos (Cantabria),Muy bajo,Muy bajo,Muy bajo,Muy bajo,Muy bajo,Muy bajo,Bajo
Piérnigas (Burgos),Muy bajo,Bajo,Bajo,Muy bajo,Muy bajo,Muy bajo,Moderado
Piña de Campos (Palencia),Muy bajo,Bajo,Bajo,Bajo,Bajo,Bajo,Moderado
Piña de Esgueva (Valladolid),Muy bajo,Muy bajo,Bajo,Bajo,Bajo,Bajo,Moderado
Piñel de Abajo (Valladolid),Bajo,Muy bajo,Muy bajo,Bajo,Bajo,Bajo,Bajo
Piñel de Arriba (Valladolid),Bajo,Muy bajo,Muy bajo,Bajo,Bajo,Bajo,Bajo
Piñor (Ourense),Bajo,Muy bajo,Muy bajo,Bajo,Bajo,Bajo,Bajo
Piñuécar-Gandullas (Madrid),Muy bajo,Muy bajo,Muy bajo,Muy bajo,Muy bajo,Bajo,Bajo
Plan (Huesca),Muy bajo,Muy bajo,Muy bajo,Muy bajo,Muy bajo,Bajo,Moderado
Planes (Alicante),Muy bajo,Muy bajo,Muy bajo,Muy bajo,Muy bajo,Muy bajo,Muy bajo
Planoles (Girona),Muy bajo,Muy bajo,Muy bajo,Muy bajo,Bajo,Bajo,Moderado
Plasencia (Cáceres),Muy bajo,Muy bajo,Muy bajo,Muy bajo,Muy bajo,Bajo,Bajo
Plasencia de Jalón (Zaragoza),Muy bajo,Muy bajo,Muy bajo,Bajo,Bajo,Bajo,Bajo
Plasenzuela (Cáceres),Muy bajo,Muy bajo,Muy bajo,Muy bajo,Muy bajo,Muy bajo,Muy bajo
Pleitas (Zaragoza),Muy bajo,Bajo,Muy bajo,Bajo,Bajo,Muy bajo,Bajo
Plenas (Zaragoza),Muy bajo,Muy bajo,Muy bajo,Muy bajo,Muy bajo,Muy bajo,Bajo
Plentzia (Vizcaya),Muy bajo,Bajo,Muy bajo,Muy bajo,Muy bajo,Bajo,Bajo
Pliego (Murcia),Muy bajo,Muy bajo,Muy bajo,Muy bajo,Muy bajo,Muy bajo,Muy bajo
Plou (Teruel),Muy bajo,Muy bajo,Muy bajo,Muy bajo,Muy bajo,Muy bajo,Bajo
Población de Arroyo (Palencia),Muy bajo,Muy bajo,Muy bajo,Muy bajo,Muy bajo,Bajo,Bajo
Población de Campos (Palencia),Muy bajo,Bajo,Bajo,Bajo,Bajo,Bajo,Moderado
Población de Cerrato (Palencia),Muy bajo,Muy bajo,Bajo,Bajo,Bajo,Bajo,Moderado
Pobladura de Pelayo García (León),Muy bajo,Muy bajo,Muy bajo,Muy bajo,Muy bajo,Muy bajo,Bajo
Pobladura de Valderaduey (Zamora),Muy bajo,Muy bajo,Muy bajo,Muy bajo,Bajo,Bajo,Bajo
Pobladura del Valle (Zamora),Muy bajo,Bajo,Muy bajo,Muy bajo,Muy bajo,Bajo,Bajo
Poblete (Ciudad Real),Muy bajo,Muy bajo,Muy bajo,Muy bajo,Muy bajo,Muy bajo,Muy bajo
Poboleda (Tarragona),Muy bajo,Muy bajo,Muy bajo,Muy bajo,Muy bajo,Muy bajo,Muy bajo
Poio (Pontevedra),Muy bajo,Muy bajo,Muy bajo,Bajo,Bajo,Bajo,Muy bajo
Pol (Lugo),Bajo,Muy bajo,Muy bajo,Muy bajo,Muy bajo,Bajo,Bajo
Polaciones (Cantabria),Muy bajo,Bajo,Muy bajo,Muy bajo,Muy bajo,Muy bajo,Bajo
Polanco (Cantabria),Muy bajo,Muy bajo,Muy bajo,Muy bajo,Muy bajo,Muy bajo,Bajo
Polentinos (Palencia),Muy bajo,Bajo,Muy bajo,Muy bajo,Muy bajo,Muy bajo,Bajo
Poleñino (Huesca),Muy bajo,Muy bajo,Muy bajo,Muy bajo,Muy bajo,Muy bajo,Bajo
Polinyà (Barcelona),Muy bajo,Muy bajo,Muy bajo,Muy bajo,Muy bajo,Muy bajo,Muy bajo
Polinyà de Xúquer (Valencia),Muy bajo,Muy bajo,Muy bajo,Muy bajo,Muy bajo,Muy bajo,Muy bajo
Pollença (Baleares),Muy bajo,Muy bajo,Bajo,Bajo,Muy bajo,Bajo,Bajo
Pollos (Valladolid),Muy bajo,Muy bajo,Muy bajo,Muy bajo,Muy bajo,Muy bajo,Muy bajo
Polop (Alicante),Muy bajo,Bajo,Muy bajo,Muy bajo,Muy bajo,Muy bajo,Muy bajo
Polopos (Granada),Muy bajo,Muy bajo,Muy bajo,Muy bajo,Muy bajo,Muy bajo,Muy bajo
Polán (Toledo),Muy bajo,Muy bajo,Muy bajo,Muy bajo,Muy bajo,Muy bajo,Muy bajo
Polícar (Granada),Muy bajo,Muy bajo,Muy bajo,Muy bajo,Muy bajo,Muy bajo,Muy bajo
Pomar de Valdivia (Palencia),Muy bajo,Bajo,Bajo,Muy bajo,Muy bajo,Bajo,Moderado
Pomer (Zaragoza),Muy bajo,Muy bajo,Muy bajo,Muy bajo,Muy bajo,Bajo,Bajo
Ponferrada (León),Muy bajo,Muy bajo,Muy bajo,Muy bajo,Muy bajo,Muy bajo,Bajo
Ponga (Asturias),Muy bajo,Muy bajo,Muy bajo,Muy bajo,Muy bajo,Muy bajo,Bajo
Pont de Molins (Girona),Muy bajo,Muy bajo,Muy bajo,Muy bajo,Muy bajo,Muy bajo,Muy bajo
Ponte Caldelas (Pontevedra),Bajo,Muy bajo,Muy bajo,Bajo,Bajo,Bajo,Moderado
Ponteareas (Pontevedra),Bajo,Muy bajo,Muy bajo,Bajo,Bajo,Bajo,Bajo
Ponteceso (A Coruña),Muy bajo,Muy bajo,Muy bajo,Muy bajo,Muy bajo,Bajo,Bajo
Pontecesures (Pontevedra),Muy bajo,Muy bajo,Muy bajo,Muy bajo,Muy bajo,Muy bajo,Muy bajo
Pontedeume (A Coruña),Bajo,Muy bajo,Muy bajo,Bajo,Bajo,Bajo,Bajo
Pontedeva (Ourense),Moderado,Muy bajo,Muy bajo,Bajo,Bajo,Bajo,Bajo
Pontevedra (Pontevedra),Moderado,Muy bajo,Muy bajo,Bajo,Bajo,Bajo,Moderado
Pontils (Tarragona),Muy bajo,Muy bajo,Muy bajo,Muy bajo,Muy bajo,Muy bajo,Muy bajo
Pontons (Barcelona),Muy bajo,Muy bajo,Muy bajo,Muy bajo,Muy bajo,Muy bajo,Muy bajo
Ponts (Lleida),Muy bajo,Muy bajo,Muy bajo,Muy bajo,Muy bajo,Muy bajo,Bajo
Pontós (Girona),Muy bajo,Muy bajo,Muy bajo,Muy bajo,Muy bajo,Muy bajo,Muy bajo
Porcuna (Jaén),Muy bajo,Muy bajo,Muy bajo,Muy bajo,Bajo,Muy bajo,Muy bajo
Porqueira (Ourense),Bajo,Muy bajo,Muy bajo,Muy bajo,Muy bajo,Bajo,Bajo
Porqueres (Girona),Muy bajo,Muy bajo,Muy bajo,Muy bajo,Muy bajo,Muy bajo,Muy bajo
Porrera (Tarragona),Muy bajo,Muy bajo,Muy bajo,Muy bajo,Muy bajo,Muy bajo,Muy bajo
Porreres (Baleares),Muy bajo,Muy bajo,Bajo,Muy bajo,Muy bajo,Muy bajo,Muy bajo
Portaje (Cáceres),Muy bajo,Muy bajo,Muy bajo,Muy bajo,Muy bajo,Bajo,Bajo
Portalrubio de Guadamejud (Cuenca),Muy bajo,Muy bajo,Muy bajo,Muy bajo,Muy bajo,Muy bajo,Muy bajo
Portas (Pontevedra),Bajo,Muy bajo,Muy bajo,Bajo,Bajo,Bajo,Bajo
Portbou (Girona),Muy bajo,Muy bajo,Muy bajo,Muy bajo,Muy bajo,Muy bajo,Muy bajo
Portell de Morella (Castellón),Muy bajo,Muy bajo,Muy bajo,Muy bajo,Muy bajo,Muy bajo,Muy bajo
Portezuelo (Cáceres),Muy bajo,Muy bajo,Muy bajo,Muy bajo,Muy bajo,Bajo,Bajo
Portilla (Cuenca),Muy bajo,Muy bajo,Muy bajo,Muy bajo,Muy bajo,Bajo,Bajo
Portillo (Valladolid),Muy bajo,Muy bajo,Muy bajo,Muy bajo,Muy bajo,Muy bajo,Bajo
Portillo de Soria (Soria),Muy bajo,Muy bajo,Muy bajo,Muy bajo,Bajo,Bajo,Bajo
Portillo de Toledo (Toledo),Muy bajo,Muy bajo,Muy bajo,Muy bajo,Muy bajo,Muy bajo,Muy bajo
Porto (Zamora),Muy bajo,Muy bajo,Muy bajo,Muy bajo,Muy bajo,Bajo,Bajo
Porto do Son (A Coruña),Bajo,Muy bajo,Muy bajo,Bajo,Bajo,Bajo,Bajo
Portomarín (Lugo),Bajo,Muy bajo,Muy bajo,Muy bajo,Muy bajo,Bajo,Bajo
Portugalete (Vizcaya),Muy bajo,Muy bajo,Muy bajo,Muy bajo,Muy bajo,Muy bajo,Muy bajo
Porzuna (Ciudad Real),Muy bajo,Muy bajo,Muy bajo,Muy bajo,Muy bajo,Muy bajo,Muy bajo
Posada de Valdeón (León),Muy bajo,Muy bajo,Muy bajo,Muy bajo,Muy bajo,Muy bajo,Bajo
Posadas (Córdoba),Muy bajo,Muy bajo,Muy bajo,Muy bajo,Bajo,Bajo,Bajo
Potes (Cantabria),Muy bajo,Bajo,Muy bajo,Muy bajo,Muy bajo,Muy bajo,Bajo
Potries (Valencia),Muy bajo,Muy bajo,Muy bajo,Muy bajo,Muy bajo,Muy bajo,Muy bajo
Poveda (Ávila),Muy bajo,Muy bajo,Muy bajo,Muy bajo,Muy bajo,Bajo,Bajo
Poveda de la Sierra (Guadalajara),Muy bajo,Muy bajo,Muy bajo,Muy bajo,Muy bajo,Bajo,Bajo
Poveda de las Cintas (Salamanca),Muy bajo,Muy bajo,Muy bajo,Muy bajo,Muy bajo,Muy bajo,Bajo
Povedilla (Albacete),Muy bajo,Bajo,Muy bajo,Muy bajo,Bajo,Bajo,Bajo
Poyales del Hoyo (Ávila),Muy bajo,Muy bajo,Muy bajo,Muy bajo,Muy bajo,Muy bajo,Muy bajo
Poyatos (Cuenca),Muy bajo,Muy bajo,Muy bajo,Muy bajo,Muy bajo,Bajo,Bajo
Poza de la Sal (Burgos),Muy bajo,Bajo,Muy bajo,Muy bajo,Muy bajo,Bajo,Moderado
Poza de la Vega (Palencia),Muy bajo,Muy bajo,Muy bajo,Muy bajo,Muy bajo,Bajo,Bajo
Pozal de Gallinas (Valladolid),Muy bajo,Muy bajo,Muy bajo,Muy bajo,Muy bajo,Muy bajo,Bajo
Pozaldez (Valladolid),Muy bajo,Muy bajo,Muy bajo,Muy bajo,Muy bajo,Muy bajo,Bajo
Pozalmuro (Soria),Muy bajo,Muy bajo,Muy bajo,Muy bajo,Bajo,Bajo,Bajo
Pozanco (Ávila),Muy bajo,Muy bajo,Muy bajo,Muy bajo,Muy bajo,Bajo,Bajo
Pozo Alcón (Jaén),Muy bajo,Muy bajo,Muy bajo,Muy bajo,Muy bajo,Muy bajo,Muy bajo
Pozo Cañada (Albacete),Muy bajo,Muy bajo,Muy bajo,Muy bajo,Muy bajo,Muy bajo,Muy bajo
Pozo de Almoguera (Guadalajara),Muy bajo,Muy bajo,Muy bajo,Muy bajo,Muy bajo,Muy bajo,Muy bajo
Pozo de Guadalajara (Guadalajara),Muy bajo,Muy bajo,Muy bajo,Muy bajo,Muy bajo,Muy bajo,Muy bajo
Pozo de Urama (Palencia),Muy bajo,Muy bajo,Muy bajo,Muy bajo,Muy bajo,Bajo,Bajo
Pozo-Lorente (Albacete),Muy bajo,Muy bajo,Muy bajo,Muy bajo,Muy bajo,Muy bajo,Muy bajo
Pozoamargo (Cuenca),Muy bajo,Muy bajo,Muy bajo,Muy bajo,Muy bajo,Bajo,Bajo
Pozoantiguo (Zamora),Muy bajo,Muy bajo,Muy bajo,Muy bajo,Muy bajo,Muy bajo,Muy bajo
Pozoblanco (Córdoba),Muy bajo,Muy bajo,Muy bajo,Muy bajo,Muy bajo,Bajo,Bajo
Pozohondo (Albacete),Muy bajo,Muy bajo,Muy bajo,Muy bajo,Muy bajo,Muy bajo,Muy bajo
Pozondón (Teruel),Muy bajo,Muy bajo,Muy bajo,Muy bajo,Muy bajo,Muy bajo,Bajo
Pozorrubielos de la Mancha (Cuenca),Muy bajo,Muy bajo,Muy bajo,Muy bajo,Muy bajo,Bajo,Bajo
Pozorrubio de Santiago (Cuenca),Muy bajo,Muy bajo,Muy bajo,Muy bajo,Muy bajo,Muy bajo,Muy bajo
Pozos de Hinojo (Salamanca),Muy bajo,Muy bajo,Muy bajo,Bajo,Bajo,Bajo,Bajo
Pozuel de Ariza (Zaragoza),Muy bajo,Muy bajo,Muy bajo,Muy bajo,Bajo,Bajo,Bajo
Pozuel del Campo (Teruel),Muy bajo,Muy bajo,Muy bajo,Muy bajo,Muy bajo,Muy bajo,Muy bajo
Pozuelo (Albacete),Muy bajo,Muy bajo,Muy bajo,Muy bajo,Muy bajo,Muy bajo,Muy bajo
Pozuelo de Alarcón (Madrid),Muy bajo,Muy bajo,Muy bajo,Muy bajo,Muy bajo,Muy bajo,Muy bajo
Pozuelo de Aragón (Zaragoza),Muy bajo,Muy bajo,Muy bajo,Muy bajo,Bajo,Muy bajo,Bajo
Pozuelo de Calatrava (Ciudad Real),Muy bajo,Muy bajo,Muy bajo,Muy bajo,Muy bajo,Muy bajo,Muy bajo
Pozuelo de Tábara (Zamora),Muy bajo,Muy bajo,Muy bajo,Muy bajo,Bajo,Bajo,Bajo
Pozuelo de Zarzón (Cáceres),Muy bajo,Muy bajo,Muy bajo,Muy bajo,Muy bajo,Muy bajo,Bajo
Pozuelo de la Orden (Valladolid),Muy bajo,Muy bajo,Muy bajo,Muy bajo,Bajo,Bajo,Bajo
Pozuelo del Páramo (León),Muy bajo,Bajo,Muy bajo,Muy bajo,Muy bajo,Bajo,Bajo
Pozuelo del Rey (Madrid),Muy bajo,Muy bajo,Muy bajo,Muy bajo,Muy bajo,Bajo,Bajo
Pozán de Vero (Huesca),Bajo,Muy bajo,Muy bajo,Muy bajo,Muy bajo,Bajo,Bajo
Pradejón (La Rioja),Bajo,Moderado,Muy bajo,Muy bajo,Bajo,Bajo,Bajo
Pradell de la Teixeta (Tarragona),Muy bajo,Muy bajo,Muy bajo,Muy bajo,Muy bajo,Muy bajo,Muy bajo
Prades (Tarragona),Muy bajo,Muy bajo,Muy bajo,Muy bajo,Muy bajo,Muy bajo,Muy bajo
Pradilla de Ebro (Zaragoza),Muy bajo,Muy bajo,Muy bajo,Muy bajo,Bajo,Muy bajo,Muy bajo
Pradillo (La Rioja),Muy bajo,Bajo,Muy bajo,Muy bajo,Muy bajo,Muy bajo,Bajo
Prado (Zamora),Muy bajo,Bajo,Muy bajo,Bajo,Bajo,Bajo,Bajo
Prado de la Guzpeña (León),Muy bajo,Muy bajo,Muy bajo,Muy bajo,Muy bajo,Muy bajo,Bajo
Prado del Rey (Cádiz),Moderado,Muy bajo,Muy bajo,Bajo,Bajo,Bajo,Bajo
Pradoluengo (Burgos),Muy bajo,Bajo,Bajo,Muy bajo,Muy bajo,Muy bajo,Bajo
Prados Redondos (Guadalajara),Muy bajo,Muy bajo,Muy bajo,Muy bajo,Muy bajo,Bajo,Bajo
Pradosegar (Ávila),Muy bajo,Muy bajo,Muy bajo,Muy bajo,Muy bajo,Bajo,Bajo
Prat de Comte (Tarragona),Muy bajo,Muy bajo,Muy bajo,Muy bajo,Muy bajo,Muy bajo,Muy bajo
Pratdip (Tarragona),Muy bajo,Muy bajo,Muy bajo,Muy bajo,Muy bajo,Muy bajo,Muy bajo
Prats de Lluçanès (Barcelona),Muy bajo,Muy bajo,Muy bajo,Muy bajo,Muy bajo,Muy bajo,Bajo
Prats i Sansor (Lleida),Muy bajo,Muy bajo,Muy bajo,Muy bajo,Bajo,Bajo,Moderado
Pravia (Asturias),Muy bajo,Muy bajo,Muy bajo,Muy bajo,Muy bajo,Bajo,Bajo
Preixana (Lleida),Muy bajo,Muy bajo,Muy bajo,Muy bajo,Muy bajo,Muy bajo,Muy bajo
Preixens (Lleida),Muy bajo,Muy bajo,Muy bajo,Muy bajo,Muy bajo,Muy bajo,Muy bajo
Premià de Dalt (Barcelona),Muy bajo,Muy bajo,Muy bajo,Muy bajo,Muy bajo,Muy bajo,Muy bajo
Premià de Mar (Barcelona),Muy bajo,Muy bajo,Muy bajo,Muy bajo,Muy bajo,Muy bajo,Muy bajo
Presencio (Burgos),Bajo,Bajo,Bajo,Bajo,Bajo,Bajo,Bajo
Priaranza del Bierzo (León),Muy bajo,Muy bajo,Muy bajo,Muy bajo,Muy bajo,Muy bajo,Bajo
Priego (Cuenca),Muy bajo,Muy bajo,Muy bajo,Muy bajo,Muy bajo,Bajo,Muy bajo
Priego de Córdoba (Córdoba),Muy bajo,Muy bajo,Muy bajo,Muy bajo,Muy bajo,Muy bajo,Muy bajo
Prioro (León),Muy bajo,Muy bajo,Muy bajo,Muy bajo,Muy bajo,Muy bajo,Bajo
Proaza (Asturias),Muy bajo,Muy bajo,Muy bajo,Muy bajo,Muy bajo,Bajo,Bajo
Prullans (Lleida),Muy bajo,Muy bajo,Muy bajo,Muy bajo,Bajo,Bajo,Moderado
Pruna (Sevilla),Moderado,Muy bajo,Muy bajo,Muy bajo,Bajo,Bajo,Bajo
Prádanos de Bureba (Burgos),Bajo,Moderado,Bajo,Muy bajo,Muy bajo,Bajo,Moderado
Prádanos de Ojeda (Palencia),Muy bajo,Bajo,Muy bajo,Muy bajo,Muy bajo,Bajo,Bajo
Prádena (Segovia),Bajo,Muy bajo,Muy bajo,Muy bajo,Muy bajo,Bajo,Bajo
Prádena de Atienza (Guadalajara),Muy bajo,Muy bajo,Muy bajo,Muy bajo,Muy bajo,Bajo,Bajo
Prádena del Rincón (Madrid),Muy bajo,Muy bajo,Muy bajo,Muy bajo,Muy bajo,Bajo,Bajo
Préjano (La Rioja),Muy bajo,Bajo,Muy bajo,Muy bajo,Muy bajo,Bajo,Bajo
Puebla de Albortón (Zaragoza),Muy bajo,Muy bajo,Muy bajo,Muy bajo,Bajo,Muy bajo,Muy bajo
Puebla de Alcocer (Badajoz),Muy bajo,Muy bajo,Muy bajo,Muy bajo,Muy bajo,Bajo,Muy bajo
Puebla de Almenara (Cuenca),Muy bajo,Muy bajo,Muy bajo,Muy bajo,Muy bajo,Muy bajo,Muy bajo
Puebla de Arenoso (Castellón),Muy bajo,Muy bajo,Muy bajo,Muy bajo,Muy bajo,Muy bajo,Muy bajo
Puebla de Azaba (Salamanca),Bajo,Muy bajo,Muy bajo,Muy bajo,Bajo,Bajo,Bajo
Puebla de Beleña (Guadalajara),Muy bajo,Muy bajo,Muy bajo,Muy bajo,Muy bajo,Muy bajo,Muy bajo
Puebla de Don Fadrique (Granada),Muy bajo,Muy bajo,Muy bajo,Muy bajo,Muy bajo,Muy bajo,Muy bajo
Puebla de Don Rodrigo (Ciudad Real),Muy bajo,Muy bajo,Muy bajo,Muy bajo,Muy bajo,Muy bajo,Muy bajo
Puebla de Guzmán (Huelva),Bajo,Muy bajo,Muy bajo,Muy bajo,Bajo,Bajo,Bajo
Puebla de Lillo (León),Muy bajo,Muy bajo,Muy bajo,Muy bajo,Muy bajo,Muy bajo,Bajo
Puebla de Obando (Badajoz),Muy bajo,Muy bajo,Muy bajo,Muy bajo,Muy bajo,Bajo,Bajo
Puebla de Pedraza (Segovia),Muy bajo,Muy bajo,Muy bajo,Muy bajo,Muy bajo,Bajo,Bajo
Puebla de San Medel (Salamanca),Muy bajo,Muy bajo,Muy bajo,Muy bajo,Bajo,Bajo,Bajo
Puebla de San Miguel (Valencia),Muy bajo,Muy bajo,Muy bajo,Muy bajo,Muy bajo,Muy bajo,Muy bajo
Puebla de Sanabria (Zamora),Muy bajo,Muy bajo,Muy bajo,Muy bajo,Bajo,Bajo,Bajo
Puebla de Sancho Pérez (Badajoz),Muy bajo,Muy bajo,Muy bajo,Muy bajo,Muy bajo,Muy bajo,Muy bajo
Puebla de Valles (Guadalajara),Muy bajo,Muy bajo,Muy bajo,Muy bajo,Muy bajo,Muy bajo,Muy bajo
Puebla de Yeltes (Salamanca),Muy bajo,Muy bajo,Muy bajo,Muy bajo,Bajo,Bajo,Bajo
Puebla de la Calzada (Badajoz),Muy bajo,Muy bajo,Muy bajo,Muy bajo,Muy bajo,Muy bajo,Muy bajo
Puebla de la Reina (Badajoz),Muy bajo,Muy bajo,Muy bajo,Muy bajo,Muy bajo,Muy bajo,Muy bajo
Puebla de la Sierra (Madrid),Muy bajo,Muy bajo,Muy bajo,Muy bajo,Muy bajo,Bajo,Bajo
Puebla del Maestre (Badajoz),Muy bajo,Muy bajo,Muy bajo,Muy bajo,Muy bajo,Muy bajo,Muy bajo
Puebla del Prior (Badajoz),Muy bajo,Muy bajo,Muy bajo,Muy bajo,Muy bajo,Muy bajo,Muy bajo
Puebla del Príncipe (Ciudad Real),Muy bajo,Muy bajo,Muy bajo,Muy bajo,Bajo,Bajo,Bajo
Puebla del Salvador (Cuenca),Muy bajo,Muy bajo,Muy bajo,Muy bajo,Muy bajo,Muy bajo,Muy bajo
Pueblica de Valverde (Zamora),Muy bajo,Bajo,Muy bajo,Muy bajo,Muy bajo,Bajo,Bajo
Pueblonuevo de Miramontes (Cáceres),Muy bajo,Muy bajo,Muy bajo,Muy bajo,Muy bajo,Muy bajo,Muy bajo
Pueblonuevo del Guadiana (Badajoz),Muy bajo,Muy bajo,Muy bajo,Muy bajo,Muy bajo,Bajo,Muy bajo
Puendeluna (Zaragoza),Muy bajo,Muy bajo,Muy bajo,Muy bajo,Muy bajo,Muy bajo,Bajo
Puente Genil (Córdoba),Muy bajo,Muy bajo,Muy bajo,Muy bajo,Muy bajo,Muy bajo,Muy bajo
Puente Viesgo (Cantabria),Muy bajo,Muy bajo,Muy bajo,Muy bajo,Muy bajo,Muy bajo,Bajo
Puente de Domingo Flórez (León),Bajo,Muy bajo,Muy bajo,Muy bajo,Muy bajo,Bajo,Bajo
Puente de Génave (Jaén),Muy bajo,Bajo,Muy bajo,Muy bajo,Muy bajo,Muy bajo,Muy bajo
Puente de Montañana (Huesca),Muy bajo,Muy bajo,Muy bajo,Muy bajo,Muy bajo,Bajo,Bajo
Puente del Congosto (Salamanca),Muy bajo,Muy bajo,Muy bajo,Muy bajo,Bajo,Bajo,Bajo
Puente la Reina de Jaca (Huesca),Bajo,Bajo,Muy bajo,Muy bajo,Muy bajo,Bajo,Moderado
Puente la Reina/Gares (Navarra),Muy bajo,Bajo,Muy bajo,Muy bajo,Muy bajo,Muy bajo,Bajo
Puentedura (Burgos),Bajo,Bajo,Muy bajo,Bajo,Bajo,Bajo,Bajo
Puentes Viejas (Madrid),Muy bajo,Muy bajo,Muy bajo,Muy bajo,Muy bajo,Bajo,Bajo
Puertas (Salamanca),Muy bajo,Muy bajo,Muy bajo,Bajo,Bajo,Bajo,Bajo
Puerto Castilla (Ávila),Muy bajo,Muy bajo,Muy bajo,Muy bajo,Muy bajo,Bajo,Bajo
Puerto Lumbreras (Murcia),Muy bajo,Muy bajo,Muy bajo,Muy bajo,Muy bajo,Muy bajo,Muy bajo
Puerto Lápice (Ciudad Real),Muy bajo,Muy bajo,Muy bajo,Muy bajo,Muy bajo,Muy bajo,Muy bajo
Puerto Moral (Huelva),Muy bajo,Muy bajo,Muy bajo,Muy bajo,Bajo,Bajo,Bajo
Puerto Real (Cádiz),Muy alto,Muy bajo,Muy bajo,Bajo,Bajo,Moderado,Moderado
Puerto Seguro (Salamanca),Bajo,Muy bajo,Muy bajo,Muy bajo,Bajo,Bajo,Bajo
Puerto Serrano (Cádiz),Moderado,Muy bajo,Muy bajo,Bajo,Bajo,Bajo,Bajo
Puerto de Béjar (Salamanca),Muy bajo,Muy bajo,Muy bajo,Muy bajo,Bajo,Bajo,Bajo
Puerto de San Vicente (Toledo),Muy bajo,Muy bajo,Muy bajo,Muy bajo,Muy bajo,Muy bajo,Muy bajo
Puerto de Santa Cruz (Cáceres),Muy bajo,Muy bajo,Muy bajo,Muy bajo,Muy bajo,Bajo,Bajo
Puerto de la Cruz (Tenerife),Muy bajo,Muy bajo,Muy bajo,Muy bajo,Muy bajo,Muy bajo,Muy bajo
Puerto del Rosario (Las Palmas),Muy bajo,Muy bajo,Muy bajo,Muy bajo,Muy bajo,Muy bajo,Muy bajo
Puertollano (Ciudad Real),Muy bajo,Muy bajo,Muy bajo,Muy bajo,Muy bajo,Muy bajo,Muy bajo
Puertomingalvo (Teruel),Muy bajo,Muy bajo,Muy bajo,Muy bajo,Muy bajo,Muy bajo,Bajo
Pueyo de Santa Cruz (Huesca),Muy bajo,Muy bajo,Muy bajo,Muy bajo,Muy bajo,Muy bajo,Muy bajo
Pueyo/Puiu (Navarra),Muy bajo,Bajo,Muy bajo,Muy bajo,Muy bajo,Muy bajo,Bajo
Puig-reig (Barcelona),Muy bajo,Muy bajo,Muy bajo,Muy bajo,Muy bajo,Muy bajo,Muy bajo
Puigcerdà (Girona),Muy bajo,Muy bajo,Muy bajo,Muy bajo,Bajo,Bajo,Moderado
Puigdàlber (Barcelona),Muy bajo,Muy bajo,Muy bajo,Muy bajo,Muy bajo,Muy bajo,Muy bajo
Puiggròs (Lleida),Muy bajo,Muy bajo,Muy bajo,Muy bajo,Muy bajo,Muy bajo,Muy bajo
Puigpelat (Tarragona),Muy bajo,Muy bajo,Muy bajo,Muy bajo,Muy bajo,Muy bajo,Muy bajo
Puigpunyent (Baleares),Muy bajo,Muy bajo,Muy bajo,Muy bajo,Muy bajo,Muy bajo,Muy bajo
Puigverd d'Agramunt (Lleida),Muy bajo,Muy bajo,Muy bajo,Muy bajo,Muy bajo,Muy bajo,Muy bajo
Puigverd de Lleida (Lleida),Muy bajo,Muy bajo,Muy bajo,Muy bajo,Muy bajo,Muy bajo,Muy bajo
Pujalt (Barcelona),Muy bajo,Muy bajo,Muy bajo,Muy bajo,Muy bajo,Muy bajo,Muy bajo
Pujerra (Málaga),Muy bajo,Muy bajo,Muy bajo,Muy bajo,Muy bajo,Muy bajo,Muy bajo
Pulgar (Toledo),Muy bajo,Muy bajo,Muy bajo,Muy bajo,Muy bajo,Muy bajo,Muy bajo
Pulianas (Granada),Moderado,Muy bajo,Muy bajo,Muy bajo,Muy bajo,Muy bajo,Muy bajo
Pulpí (Almería),Muy bajo,Muy bajo,Muy bajo,Muy bajo,Muy bajo,Muy bajo,Muy bajo
Punta Umbría (Huelva),Muy bajo,Muy bajo,Muy bajo,Muy bajo,Muy bajo,Bajo,Bajo
Puntagorda (Tenerife),Bajo,Bajo,Muy bajo,Muy bajo,Muy bajo,Muy bajo,Muy bajo
Puntallana (Tenerife),Muy bajo,Bajo,Muy bajo,Muy bajo,Muy bajo,Muy bajo,Muy bajo
Punxín (Ourense),Bajo,Muy bajo,Muy bajo,Bajo,Bajo,Bajo,Bajo
Puras (Valladolid),Muy bajo,Muy bajo,Muy bajo,Muy bajo,Muy bajo,Muy bajo,Bajo
Purchena (Almería),Muy bajo,Muy bajo,Muy bajo,Muy bajo,Muy bajo,Muy bajo,Muy bajo
Purujosa (Zaragoza),Muy bajo,Muy bajo,Muy bajo,Muy bajo,Muy bajo,Muy bajo,Bajo
Purullena (Granada),Muy bajo,Muy bajo,Muy bajo,Muy bajo,Muy bajo,Muy bajo,Muy bajo
Puçol (Valencia),Muy bajo,Muy bajo,Muy bajo,Muy bajo,Muy bajo,Muy bajo,Muy bajo
Puértolas (Huesca),Bajo,Muy bajo,Muy bajo,Muy bajo,Muy bajo,Bajo,Moderado
Pájara (Las Palmas),Muy bajo,Muy bajo,Muy bajo,Muy bajo,Muy bajo,Muy bajo,Muy bajo
Pálmaces de Jadraque (Guadalajara),Muy bajo,Muy bajo,Muy bajo,Muy bajo,Muy bajo,Muy bajo,Muy bajo
Páramo de Boedo (Palencia),Muy bajo,Bajo,Bajo,Muy bajo,Bajo,Bajo,Bajo
Páramo del Sil (León),Bajo,Muy bajo,Muy bajo,Muy bajo,Muy bajo,Bajo,Bajo
Pétrola (Albacete),Muy bajo,Muy bajo,Muy bajo,Muy bajo,Muy bajo,Muy bajo,Muy bajo
Pías (Zamora),Bajo,Muy bajo,Muy bajo,Muy bajo,Muy bajo,Bajo,Bajo
Píñar (Granada),Muy bajo,Muy bajo,Muy bajo,Muy bajo,Muy bajo,Muy bajo,Muy bajo
Pórtugos (Granada),Muy bajo,Muy bajo,Muy bajo,Muy bajo,Muy bajo,Muy bajo,Muy bajo
Quart (Girona),Muy bajo,Muy bajo,Muy bajo,Muy bajo,Muy bajo,Muy bajo,Muy bajo
Quart de Poblet (Valencia),Muy bajo,Muy bajo,Muy bajo,Muy bajo,Muy bajo,Muy bajo,Muy bajo
Quart de les Valls (Valencia),Muy bajo,Muy bajo,Muy bajo,Muy bajo,Muy bajo,Muy bajo,Muy bajo
Quartell (Valencia),Muy bajo,Muy bajo,Muy bajo,Muy bajo,Muy bajo,Muy bajo,Muy bajo
Quatretonda (Valencia),Muy bajo,Muy bajo,Muy bajo,Muy bajo,Muy bajo,Muy bajo,Muy bajo
Quatretondeta (Alicante),Muy bajo,Muy bajo,Muy bajo,Muy bajo,Muy bajo,Muy bajo,Muy bajo
Quel (La Rioja),Muy bajo,Moderado,Muy bajo,Muy bajo,Bajo,Bajo,Bajo
Quemada (Burgos),Muy bajo,Muy bajo,Muy bajo,Muy bajo,Muy bajo,Muy bajo,Bajo
Quer (Guadalajara),Muy bajo,Muy bajo,Muy bajo,Muy bajo,Muy bajo,Muy bajo,Muy bajo
Queralbs (Girona),Muy bajo,Muy bajo,Muy bajo,Muy bajo,Bajo,Bajo,Moderado
Quero (Toledo),Muy bajo,Muy bajo,Muy bajo,Muy bajo,Muy bajo,Muy bajo,Muy bajo
Querol (Tarragona),Muy bajo,Muy bajo,Muy bajo,Muy bajo,Muy bajo,Muy bajo,Muy bajo
Quesa (Valencia),Muy bajo,Muy bajo,Muy bajo,Muy bajo,Muy bajo,Muy bajo,Muy bajo
Quesada (Jaén),Muy bajo,Muy bajo,Muy bajo,Muy bajo,Muy bajo,Muy bajo,Muy bajo
Quicena (Huesca),Muy bajo,Muy bajo,Muy bajo,Muy bajo,Muy bajo,Muy bajo,Bajo
Quijorna (Madrid),Muy bajo,Muy bajo,Muy bajo,Muy bajo,Muy bajo,Muy bajo,Muy bajo
Quintana Redonda (Soria),Muy bajo,Muy bajo,Muy bajo,Muy bajo,Muy bajo,Bajo,Bajo
Quintana de la Serena (Badajoz),Muy bajo,Muy bajo,Muy bajo,Muy bajo,Muy bajo,Muy bajo,Muy bajo
Quintana del Castillo (León),Bajo,Muy bajo,Muy bajo,Muy bajo,Muy bajo,Bajo,Bajo
Quintana del Marco (León),Muy bajo,Bajo,Muy bajo,Muy bajo,Muy bajo,Bajo,Bajo
Quintana del Pidio (Burgos),Muy bajo,Bajo,Muy bajo,Muy bajo,Muy bajo,Muy bajo,Bajo
Quintana del Puente (Palencia),Muy bajo,Bajo,Bajo,Muy bajo,Bajo,Bajo,Bajo
Quintana y Congosto (León),Muy bajo,Bajo,Muy bajo,Muy bajo,Muy bajo,Bajo,Bajo
Quintanabureba (Burgos),Muy bajo,Bajo,Bajo,Muy bajo,Muy bajo,Bajo,Moderado
Quintanaortuño (Burgos),Bajo,Bajo,Bajo,Bajo,Bajo,Bajo,Moderado
Quintanapalla (Burgos),Muy bajo,Bajo,Bajo,Muy bajo,Bajo,Bajo,Moderado
Quintanar de la Orden (Toledo),Muy bajo,Muy bajo,Muy bajo,Muy bajo,Muy bajo,Muy bajo,Muy bajo
Quintanar de la Sierra (Burgos),Bajo,Bajo,Muy bajo,Muy bajo,Bajo,Bajo,Moderado
Quintanar del Rey (Cuenca),Muy bajo,Muy bajo,Muy bajo,Muy bajo,Muy bajo,Muy bajo,Muy bajo
Quintanas de Gormaz (Soria),Muy bajo,Muy bajo,Muy bajo,Muy bajo,Muy bajo,Muy bajo,Bajo
Quintanavides (Burgos),Muy bajo,Bajo,Bajo,Muy bajo,Muy bajo,Bajo,Moderado
Quintanaélez (Burgos),Muy bajo,Bajo,Muy bajo,Muy bajo,Muy bajo,Muy bajo,Bajo
Quintanilla San García (Burgos),Muy bajo,Bajo,Bajo,Muy bajo,Bajo,Bajo,Bajo
Quintanilla Vivar (Burgos),Bajo,Bajo,Bajo,Bajo,Bajo,Moderado,Moderado
Quintanilla de Arriba (Valladolid),Muy bajo,Muy bajo,Muy bajo,Muy bajo,Bajo,Bajo,Bajo
Quintanilla de Onsoña (Palencia),Muy bajo,Bajo,Bajo,Muy bajo,Bajo,Bajo,Bajo
Quintanilla de Onésimo (Valladolid),Muy bajo,Muy bajo,Muy bajo,Muy bajo,Muy bajo,Muy bajo,Bajo
Quintanilla de Trigueros (Valladolid),Muy bajo,Muy bajo,Muy bajo,Muy bajo,Bajo,Bajo,Bajo
Quintanilla de Urz (Zamora),Muy bajo,Bajo,Muy bajo,Muy bajo,Bajo,Bajo,Bajo
Quintanilla de la Mata (Burgos),Bajo,Bajo,Muy bajo,Bajo,Bajo,Bajo,Bajo
Quintanilla del Agua y Tordueles (Burgos),Bajo,Bajo,Muy bajo,Bajo,Bajo,Bajo,Bajo
Quintanilla del Coco (Burgos),Bajo,Bajo,Muy bajo,Bajo,Bajo,Bajo,Moderado
Quintanilla del Molar (Valladolid),Muy bajo,Bajo,Muy bajo,Bajo,Bajo,Bajo,Bajo
Quintanilla del Monte (Zamora),Muy bajo,Muy bajo,Muy bajo,Bajo,Bajo,Bajo,Bajo
Quintanilla del Olmo (Zamora),Muy bajo,Muy bajo,Muy bajo,Bajo,Bajo,Bajo,Bajo
Quintela de Leirado (Ourense),Moderado,Muy bajo,Muy bajo,Muy bajo,Bajo,Bajo,Bajo
Quinto (Zaragoza),Muy bajo,Muy bajo,Muy bajo,Bajo,Bajo,Muy bajo,Muy bajo
Quiroga (Lugo),Bajo,Bajo,Muy bajo,Muy bajo,Muy bajo,Bajo,Moderado
Quiruelas de Vidriales (Zamora),Muy bajo,Bajo,Muy bajo,Bajo,Bajo,Bajo,Bajo
Quirós (Asturias),Muy bajo,Muy bajo,Muy bajo,Muy bajo,Muy bajo,Muy bajo,Bajo
Quismondo (Toledo),Muy bajo,Muy bajo,Muy bajo,Muy bajo,Muy bajo,Muy bajo,Muy bajo
Quiñonería (Soria),Muy bajo,Bajo,Muy bajo,Bajo,Bajo,Bajo,Bajo
Quéntar (Granada),Bajo,Muy bajo,Muy bajo,Muy bajo,Muy bajo,Muy bajo,Muy bajo
Rabanales (Zamora),Muy bajo,Muy bajo,Muy bajo,Muy bajo,Muy bajo,Bajo,Bajo
Rabanera (La Rioja),Bajo,Bajo,Muy bajo,Muy bajo,Muy bajo,Muy bajo,Bajo
Rabanera del Pinar (Burgos),Bajo,Bajo,Muy bajo,Muy bajo,Muy bajo,Bajo,Bajo
Rabé de las Calzadas (Burgos),Bajo,Bajo,Bajo,Bajo,Bajo,Bajo,Moderado
Rabós (Girona),Muy bajo,Muy bajo,Muy bajo,Muy bajo,Muy bajo,Muy bajo,Muy bajo
Rada de Haro (Cuenca),Muy bajo,Muy bajo,Muy bajo,Muy bajo,Muy bajo,Muy bajo,Muy bajo
Rafal (Alicante),Muy bajo,Muy bajo,Muy bajo,Muy bajo,Muy bajo,Muy bajo,Muy bajo
Rafelbunyol (Valencia),Muy bajo,Muy bajo,Muy bajo,Muy bajo,Muy bajo,Muy bajo,Muy bajo
Rafelcofer (Valencia),Muy bajo,Muy bajo,Muy bajo,Muy bajo,Muy bajo,Muy bajo,Muy bajo
Rafelguaraf (Valencia),Muy bajo,Muy bajo,Muy bajo,Muy bajo,Muy bajo,Muy bajo,Muy bajo
Rairiz de Veiga (Ourense),Bajo,Muy bajo,Muy bajo,Muy bajo,Muy bajo,Bajo,Bajo
Rajadell (Barcelona),Muy bajo,Muy bajo,Muy bajo,Muy bajo,Muy bajo,Muy bajo,Muy bajo
Ramales de la Victoria (Cantabria),Muy bajo,Bajo,Muy bajo,Muy bajo,Muy bajo,Bajo,Bajo
Ramiro (Valladolid),Muy bajo,Muy bajo,Muy bajo,Muy bajo,Muy bajo,Muy bajo,Bajo
Ramirás (Ourense),Moderado,Muy bajo,Muy bajo,Muy bajo,Bajo,Bajo,Bajo
Rapariegos (Segovia),Muy bajo,Muy bajo,Muy bajo,Muy bajo,Muy bajo,Muy bajo,Bajo
Rascafría (Madrid),Muy bajo,Muy bajo,Muy bajo,Muy bajo,Muy bajo,Bajo,Bajo
Rasines (Cantabria),Muy bajo,Muy bajo,Muy bajo,Muy bajo,Muy bajo,Muy bajo,Bajo
Rasquera (Tarragona),Muy bajo,Muy bajo,Muy bajo,Muy bajo,Muy bajo,Muy bajo,Muy bajo
Rasueros (Ávila),Muy bajo,Muy bajo,Muy bajo,Muy bajo,Muy bajo,Muy bajo,Bajo
Real (Valencia),Muy bajo,Muy bajo,Muy bajo,Muy bajo,Muy bajo,Muy bajo,Muy bajo
Real Sitio de San Ildefonso (Segovia),Muy bajo,Muy bajo,Muy bajo,Muy bajo,Muy bajo,Bajo,Bajo
Rebollar (Cáceres),Muy bajo,Muy bajo,Muy bajo,Muy bajo,Muy bajo,Muy bajo,Bajo
Rebollar (Soria),Muy bajo,Muy bajo,Muy bajo,Muy bajo,Muy bajo,Bajo,Bajo
Rebolledo de la Torre (Burgos),Muy bajo,Bajo,Muy bajo,Muy bajo,Muy bajo,Bajo,Bajo
Rebollo (Segovia),Muy bajo,Muy bajo,Muy bajo,Muy bajo,Muy bajo,Bajo,Bajo
Rebollosa de Jadraque (Guadalajara),Muy bajo,Muy bajo,Muy bajo,Muy bajo,Muy bajo,Muy bajo,Muy bajo
Recas (Toledo),Muy bajo,Muy bajo,Muy bajo,Muy bajo,Muy bajo,Muy bajo,Muy bajo
Recuerda (Soria),Muy bajo,Bajo,Muy bajo,Muy bajo,Muy bajo,Bajo,Bajo
Redecilla del Camino (Burgos),Muy bajo,Muy bajo,Bajo,Muy bajo,Muy bajo,Muy bajo,Bajo
Redecilla del Campo (Burgos),Bajo,Bajo,Bajo,Muy bajo,Muy bajo,Bajo,Bajo
Redondela (Pontevedra),Bajo,Muy bajo,Muy bajo,Bajo,Bajo,Bajo,Bajo
Redován (Alicante),Muy bajo,Muy bajo,Muy bajo,Muy bajo,Muy bajo,Muy bajo,Muy bajo
Redueña (Madrid),Muy bajo,Muy bajo,Muy bajo,Muy bajo,Muy bajo,Muy bajo,Muy bajo
Regencós (Girona),Muy bajo,Muy bajo,Muy bajo,Muy bajo,Muy bajo,Muy bajo,Muy bajo
Regueras de Arriba (León),Muy bajo,Bajo,Muy bajo,Muy bajo,Muy bajo,Bajo,Bajo
Regumiel de la Sierra (Burgos),Bajo,Bajo,Muy bajo,Muy bajo,Muy bajo,Bajo,Moderado
Reina (Badajoz),Muy bajo,Muy bajo,Muy bajo,Muy bajo,Bajo,Muy bajo,Muy bajo
Reinosa (Cantabria),Muy bajo,Muy bajo,Muy bajo,Muy bajo,Muy bajo,Muy bajo,Muy bajo
Reinoso (Burgos),Muy bajo,Bajo,Bajo,Muy bajo,Muy bajo,Bajo,Moderado
Reinoso de Cerrato (Palencia),Muy bajo,Muy bajo,Bajo,Bajo,Bajo,Bajo,Moderado
Relleu (Alicante),Muy bajo,Muy bajo,Muy bajo,Muy bajo,Muy bajo,Muy bajo,Muy bajo
Rellinars (Barcelona),Muy bajo,Muy bajo,Muy bajo,Muy bajo,Muy bajo,Muy bajo,Muy bajo
Rello (Soria),Muy bajo,Muy bajo,Muy bajo,Muy bajo,Muy bajo,Bajo,Bajo
Remolinos (Zaragoza),Muy bajo,Muy bajo,Muy bajo,Muy bajo,Bajo,Muy bajo,Muy bajo
Remondo (Segovia),Muy bajo,Muy bajo,Muy bajo,Muy bajo,Muy bajo,Muy bajo,Bajo
Rena (Badajoz),Muy bajo,Muy bajo,Muy bajo,Muy bajo,Muy bajo,Muy bajo,Muy bajo
Renau (Tarragona),Muy bajo,Muy bajo,Muy bajo,Muy bajo,Muy bajo,Muy bajo,Muy bajo
Renedo de Esgueva (Valladolid),Muy bajo,Muy bajo,Muy bajo,Muy bajo,Bajo,Bajo,Bajo
Renedo de la Vega (Palencia),Muy bajo,Bajo,Muy bajo,Muy bajo,Bajo,Bajo,Bajo
Renera (Guadalajara),Muy bajo,Muy bajo,Muy bajo,Muy bajo,Muy bajo,Muy bajo,Muy bajo
Renieblas (Soria),Muy bajo,Muy bajo,Muy bajo,Muy bajo,Muy bajo,Bajo,Bajo
Reocín (Cantabria),Muy bajo,Muy bajo,Muy bajo,Muy bajo,Muy bajo,Muy bajo,Bajo
Requejo (Zamora),Muy bajo,Muy bajo,Muy bajo,Muy bajo,Muy bajo,Bajo,Bajo
Requena (Valencia),Muy bajo,Muy bajo,Muy bajo,Muy bajo,Muy bajo,Muy bajo,Muy bajo
Requena de Campos (Palencia),Muy bajo,Bajo,Muy bajo,Muy bajo,Bajo,Bajo,Bajo
Respenda de la Peña (Palencia),Muy bajo,Muy bajo,Muy bajo,Muy bajo,Muy bajo,Bajo,Bajo
Retamal de Llerena (Badajoz),Muy bajo,Muy bajo,Muy bajo,Muy bajo,Muy bajo,Muy bajo,Muy bajo
Retamoso de la Jara (Toledo),Muy bajo,Muy bajo,Muy bajo,Muy bajo,Muy bajo,Muy bajo,Muy bajo
Retascón (Zaragoza),Muy bajo,Muy bajo,Muy bajo,Muy bajo,Muy bajo,Muy bajo,Muy bajo
Retiendas (Guadalajara),Muy bajo,Muy bajo,Muy bajo,Muy bajo,Muy bajo,Muy bajo,Bajo
Retortillo (Salamanca),Muy bajo,Muy bajo,Muy bajo,Muy bajo,Bajo,Bajo,Bajo
Retortillo de Soria (Soria),Muy bajo,Bajo,Muy bajo,Bajo,Bajo,Bajo,Bajo
Retuerta (Burgos),Bajo,Bajo,Muy bajo,Bajo,Bajo,Bajo,Bajo
Retuerta del Bullaque (Ciudad Real),Muy bajo,Muy bajo,Muy bajo,Muy bajo,Muy bajo,Muy bajo,Muy bajo
Reus (Tarragona),Muy bajo,Muy bajo,Muy bajo,Muy bajo,Muy bajo,Muy bajo,Muy bajo
Revellinos (Zamora),Muy bajo,Muy bajo,Muy bajo,Bajo,Bajo,Bajo,Bajo
Revenga de Campos (Palencia),Muy bajo,Bajo,Bajo,Bajo,Bajo,Bajo,Moderado
Revilla Vallejera (Burgos),Bajo,Bajo,Bajo,Bajo,Bajo,Bajo,Moderado
Revilla de Collazos (Palencia),Muy bajo,Bajo,Muy bajo,Muy bajo,Muy bajo,Bajo,Bajo
Revilla del Campo (Burgos),Bajo,Bajo,Muy bajo,Muy bajo,Bajo,Bajo,Bajo
Revillarruz (Burgos),Bajo,Bajo,Muy bajo,Muy bajo,Bajo,Bajo,Bajo
Reyero (León),Muy bajo,Muy bajo,Muy bajo,Muy bajo,Muy bajo,Muy bajo,Bajo
Rezmondo (Burgos),Muy bajo,Bajo,Muy bajo,Muy bajo,Muy bajo,Bajo,Bajo
Reznos (Soria),Muy bajo,Muy bajo,Muy bajo,Bajo,Bajo,Bajo,Bajo
Reíllo (Cuenca),Muy bajo,Muy bajo,Muy bajo,Muy bajo,Muy bajo,Bajo,Muy bajo
Riaguas de San Bartolomé (Segovia),Muy bajo,Muy bajo,Muy bajo,Muy bajo,Muy bajo,Bajo,Bajo
Rialp (Lleida),Muy bajo,Muy bajo,Muy bajo,Muy bajo,Bajo,Moderado,Moderado
Rianxo (A Coruña),Bajo,Muy bajo,Muy bajo,Bajo,Bajo,Bajo,Bajo
Riaza (Segovia),Bajo,Bajo,Muy bajo,Muy bajo,Muy bajo,Bajo,Bajo
Riaño (León),Muy bajo,Muy bajo,Muy bajo,Muy bajo,Muy bajo,Muy bajo,Bajo
Riba de Saelices (Guadalajara),Muy bajo,Muy bajo,Muy bajo,Muy bajo,Muy bajo,Bajo,Bajo
Riba-roja d'Ebre (Tarragona),Muy bajo,Muy bajo,Muy bajo,Muy bajo,Muy bajo,Muy bajo,Muy bajo
Riba-roja de Túria (Valencia),Muy bajo,Muy bajo,Muy bajo,Muy bajo,Muy bajo,Muy bajo,Muy bajo
Ribadavia (Ourense),Bajo,Muy bajo,Muy bajo,Bajo,Bajo,Bajo,Bajo
Ribadedeva (Asturias),Muy bajo,Muy bajo,Muy bajo,Muy bajo,Muy bajo,Bajo,Bajo
Ribadeo (Lugo),Muy bajo,Muy bajo,Muy bajo,Muy bajo,Muy bajo,Bajo,Bajo
Ribadesella (Asturias),Muy bajo,Bajo,Muy bajo,Muy bajo,Muy bajo,Bajo,Bajo
Ribadumia (Pontevedra),Muy bajo,Muy bajo,Muy bajo,Muy bajo,Muy bajo,Muy bajo,Muy bajo
Ribaforada (Navarra),Muy bajo,Bajo,Muy bajo,Muy bajo,Bajo,Bajo,Bajo
Ribafrecha (La Rioja),Bajo,Bajo,Muy bajo,Muy bajo,Muy bajo,Bajo,Bajo
Ribamontán al Mar (Cantabria),Muy bajo,Muy bajo,Muy bajo,Muy bajo,Muy bajo,Bajo,Bajo
Ribamontán al Monte (Cantabria),Muy bajo,Muy bajo,Muy bajo,Muy bajo,Muy bajo,Bajo,Bajo
Ribas de Campos (Palencia),Muy bajo,Muy bajo,Bajo,Bajo,Bajo,Bajo,Moderado
Ribas de Sil (Lugo),Bajo,Bajo,Muy bajo,Muy bajo,Muy bajo,Bajo,Bajo
Ribatejada (Madrid),Muy bajo,Muy bajo,Muy bajo,Muy bajo,Muy bajo,Muy bajo,Muy bajo
Ribeira (A Coruña),Muy bajo,Muy bajo,Muy bajo,Muy bajo,Muy bajo,Muy bajo,Muy bajo
Ribeira de Piquín (Lugo),Muy bajo,Muy bajo,Muy bajo,Muy bajo,Muy bajo,Muy bajo,Bajo
Ribera Baja/Erriberabeitia (Álava),Muy bajo,Bajo,Muy bajo,Muy bajo,Muy bajo,Bajo,Bajo
Ribera d'Ondara (Lleida),Muy bajo,Muy bajo,Muy bajo,Muy bajo,Muy bajo,Muy bajo,Muy bajo
Ribera d'Urgellet (Lleida),Muy bajo,Muy bajo,Muy bajo,Muy bajo,Bajo,Bajo,Bajo
Ribera de Arriba (Asturias),Muy bajo,Muy bajo,Muy bajo,Muy bajo,Muy bajo,Bajo,Bajo
Ribera del Fresno (Badajoz),Muy bajo,Muy bajo,Muy bajo,Muy bajo,Muy bajo,Muy bajo,Muy bajo
Riberos de la Cueza (Palencia),Muy bajo,Bajo,Bajo,Muy bajo,Bajo,Bajo,Bajo
Ribes de Freser (Girona),Muy bajo,Muy bajo,Muy bajo,Muy bajo,Muy bajo,Bajo,Bajo
Ribesalbes (Castellón),Muy bajo,Muy bajo,Muy bajo,Muy bajo,Muy bajo,Muy bajo,Muy bajo
Ribota (Segovia),Muy bajo,Muy bajo,Muy bajo,Muy bajo,Muy bajo,Bajo,Bajo
Ricla (Zaragoza),Muy bajo,Muy bajo,Muy bajo,Muy bajo,Muy bajo,Muy bajo,Bajo
Ricote (Murcia),Muy bajo,Muy bajo,Muy bajo,Muy bajo,Muy bajo,Muy bajo,Muy bajo
Riego de la Vega (León),Muy bajo,Bajo,Muy bajo,Muy bajo,Muy bajo,Bajo,Bajo
Riello (León),Muy bajo,Muy bajo,Muy bajo,Muy bajo,Muy bajo,Muy bajo,Bajo
Riells i Viabrea (Girona),Muy bajo,Muy bajo,Muy bajo,Muy bajo,Muy bajo,Muy bajo,Muy bajo
Rielves (Toledo),Muy bajo,Muy bajo,Muy bajo,Muy bajo,Muy bajo,Muy bajo,Muy bajo
Rillo (Teruel),Muy bajo,Muy bajo,Muy bajo,Muy bajo,Muy bajo,Muy bajo,Bajo
Rillo de Gallo (Guadalajara),Muy bajo,Muy bajo,Muy bajo,Muy bajo,Muy bajo,Bajo,Bajo
Rincón de Soto (La Rioja),Bajo,Moderado,Muy bajo,Muy bajo,Bajo,Bajo,Bajo
Rincón de la Victoria (Málaga),Muy bajo,Muy bajo,Muy bajo,Muy bajo,Muy bajo,Muy bajo,Muy bajo
Riner (Lleida),Muy bajo,Muy bajo,Muy bajo,Muy bajo,Muy bajo,Muy bajo,Bajo
Riocabado (Ávila),Muy bajo,Muy bajo,Muy bajo,Muy bajo,Muy bajo,Muy bajo,Bajo
Riocavado de la Sierra (Burgos),Bajo,Bajo,Muy bajo,Muy bajo,Muy bajo,Bajo,Bajo
Riodeva (Teruel),Muy bajo,Muy bajo,Muy bajo,Muy bajo,Muy bajo,Muy bajo,Muy bajo
Riofrío (Ávila),Muy bajo,Muy bajo,Muy bajo,Bajo,Bajo,Bajo,Bajo
Riofrío de Aliste (Zamora),Muy bajo,Muy bajo,Muy bajo,Muy bajo,Muy bajo,Bajo,Bajo
Riofrío de Riaza (Segovia),Bajo,Bajo,Muy bajo,Muy bajo,Muy bajo,Bajo,Bajo
Riofrío del Llano (Guadalajara),Muy bajo,Muy bajo,Muy bajo,Muy bajo,Muy bajo,Muy bajo,Muy bajo
Riogordo (Málaga),Muy bajo,Muy bajo,Muy bajo,Muy bajo,Muy bajo,Muy bajo,Bajo
Rioja (Almería),Muy bajo,Muy bajo,Muy bajo,Muy bajo,Muy bajo,Muy bajo,Muy bajo
Riola (Valencia),Muy bajo,Muy bajo,Muy bajo,Muy bajo,Muy bajo,Muy bajo,Muy bajo
Riolobos (Cáceres),Muy bajo,Muy bajo,Muy bajo,Muy bajo,Muy bajo,Muy bajo,Muy bajo
Rionansa (Cantabria),Muy bajo,Muy bajo,Muy bajo,Muy bajo,Muy bajo,Muy bajo,Bajo
Rionegro del Puente (Zamora),Bajo,Muy bajo,Muy bajo,Muy bajo,Muy bajo,Bajo,Bajo
Riosa (Asturias),Muy bajo,Bajo,Muy bajo,Muy bajo,Muy bajo,Bajo,Moderado
Rioseco de Soria (Soria),Muy bajo,Muy bajo,Muy bajo,Muy bajo,Muy bajo,Bajo,Bajo
Rioseco de Tapia (León),Muy bajo,Muy bajo,Muy bajo,Muy bajo,Muy bajo,Muy bajo,Bajo
Riotorto (Lugo),Muy bajo,Muy bajo,Muy bajo,Muy bajo,Muy bajo,Muy bajo,Bajo
Riotuerto (Cantabria),Muy bajo,Muy bajo,Muy bajo,Muy bajo,Muy bajo,Bajo,Bajo
Ripoll (Girona),Muy bajo,Muy bajo,Muy bajo,Muy bajo,Muy bajo,Muy bajo,Bajo
Ripollet (Barcelona),Muy bajo,Muy bajo,Muy bajo,Muy bajo,Muy bajo,Muy bajo,Muy bajo
Risco (Badajoz),Muy bajo,Muy bajo,Muy bajo,Muy bajo,Muy bajo,Muy bajo,Muy bajo
Riu de Cerdanya (Lleida),Muy bajo,Muy bajo,Muy bajo,Muy bajo,Bajo,Bajo,Moderado
Riudarenes (Girona),Muy bajo,Muy bajo,Muy bajo,Muy bajo,Muy bajo,Muy bajo,Muy bajo
Riudaura (Girona),Muy bajo,Muy bajo,Muy bajo,Muy bajo,Muy bajo,Muy bajo,Bajo
Riudecanyes (Tarragona),Muy bajo,Muy bajo,Muy bajo,Muy bajo,Muy bajo,Muy bajo,Muy bajo
Riudecols (Tarragona),Muy bajo,Muy bajo,Muy bajo,Muy bajo,Muy bajo,Muy bajo,Muy bajo
Riudellots de la Selva (Girona),Muy bajo,Muy bajo,Muy bajo,Muy bajo,Muy bajo,Muy bajo,Muy bajo
Riudoms (Tarragona),Muy bajo,Muy bajo,Muy bajo,Muy bajo,Muy bajo,Muy bajo,Muy bajo
Riumors (Girona),Muy bajo,Muy bajo,Muy bajo,Muy bajo,Muy bajo,Muy bajo,Muy bajo
Rivas-Vaciamadrid (Madrid),Muy bajo,Muy bajo,Muy bajo,Muy bajo,Muy bajo,Muy bajo,Muy bajo
Rivilla de Barajas (Ávila),Muy bajo,Muy bajo,Muy bajo,Muy bajo,Muy bajo,Muy bajo,Bajo
Riópar (Albacete),Muy bajo,Muy bajo,Muy bajo,Muy bajo,Muy bajo,Muy bajo,Muy bajo
Riós (Ourense),Bajo,Muy bajo,Muy bajo,Muy bajo,Muy bajo,Bajo,Bajo
Roa (Burgos),Muy bajo,Bajo,Muy bajo,Muy bajo,Muy bajo,Muy bajo,Bajo
Roales (Zamora),Muy bajo,Muy bajo,Muy bajo,Muy bajo,Muy bajo,Muy bajo,Muy bajo
Roales de Campos (Valladolid),Muy bajo,Bajo,Muy bajo,Bajo,Bajo,Bajo,Bajo
Robladillo (Valladolid),Muy bajo,Muy bajo,Muy bajo,Muy bajo,Bajo,Bajo,Bajo
Robleda (Salamanca),Muy bajo,Muy bajo,Muy bajo,Muy bajo,Muy bajo,Bajo,Bajo
Robleda-Cervantes (Zamora),Muy bajo,Muy bajo,Muy bajo,Muy bajo,Bajo,Bajo,Bajo
Robledillo de Gata (Cáceres),Muy bajo,Muy bajo,Muy bajo,Muy bajo,Muy bajo,Bajo,Bajo
Robledillo de Mohernando (Guadalajara),Muy bajo,Muy bajo,Muy bajo,Muy bajo,Muy bajo,Muy bajo,Muy bajo
Robledillo de Trujillo (Cáceres),Muy bajo,Muy bajo,Muy bajo,Muy bajo,Muy bajo,Bajo,Bajo
Robledillo de la Jara (Madrid),Muy bajo,Muy bajo,Muy bajo,Muy bajo,Muy bajo,Bajo,Bajo
Robledillo de la Vera (Cáceres),Muy bajo,Muy bajo,Muy bajo,Muy bajo,Muy bajo,Muy bajo,Muy bajo
Robledo (Albacete),Muy bajo,Bajo,Muy bajo,Muy bajo,Bajo,Bajo,Bajo
Robledo de Chavela (Madrid),Muy bajo,Muy bajo,Muy bajo,Muy bajo,Muy bajo,Bajo,Bajo
Robledo de Corpes (Guadalajara),Muy bajo,Muy bajo,Muy bajo,Muy bajo,Muy bajo,Muy bajo,Muy bajo
Robledo del Mazo (Toledo),Muy bajo,Muy bajo,Muy bajo,Muy bajo,Muy bajo,Muy bajo,Muy bajo
Robledollano (Cáceres),Muy bajo,Muy bajo,Muy bajo,Muy bajo,Muy bajo,Muy bajo,Muy bajo
Robliza de Cojos (Salamanca),Muy bajo,Muy bajo,Muy bajo,Muy bajo,Bajo,Bajo,Bajo
Robregordo (Madrid),Bajo,Muy bajo,Muy bajo,Muy bajo,Muy bajo,Bajo,Bajo
Robres (Huesca),Muy bajo,Muy bajo,Muy bajo,Muy bajo,Muy bajo,Muy bajo,Bajo
Robres del Castillo (La Rioja),Bajo,Bajo,Muy bajo,Muy bajo,Muy bajo,Bajo,Bajo
Rocafort (Valencia),Muy bajo,Muy bajo,Muy bajo,Muy bajo,Muy bajo,Muy bajo,Muy bajo
Rocafort de Queralt (Tarragona),Muy bajo,Muy bajo,Muy bajo,Muy bajo,Muy bajo,Muy bajo,Muy bajo
Rociana del Condado (Huelva),Bajo,Muy bajo,Muy bajo,Bajo,Muy alto,Moderado,Bajo
Roda de Berà (Tarragona),Muy bajo,Muy bajo,Muy bajo,Muy bajo,Muy bajo,Muy bajo,Muy bajo
Roda de Eresma (Segovia),Muy bajo,Muy bajo,Muy bajo,Muy bajo,Muy bajo,Bajo,Bajo
Roda de Ter (Barcelona),Muy bajo,Muy bajo,Muy bajo,Muy bajo,Muy bajo,Muy bajo,Bajo
Rodeiro (Pontevedra),Bajo,Muy bajo,Muy bajo,Bajo,Muy bajo,Bajo,Bajo
Rodezno (La Rioja),Muy bajo,Bajo,Muy bajo,Muy bajo,Muy bajo,Muy bajo,Bajo
Rodonyà (Tarragona),Muy bajo,Muy bajo,Muy bajo,Muy bajo,Muy bajo,Muy bajo,Muy bajo
Roelos de Sayago (Zamora),Muy bajo,Muy bajo,Muy bajo,Muy bajo,Muy bajo,Bajo,Bajo
Rois (A Coruña),Bajo,Muy bajo,Muy bajo,Bajo,Bajo,Bajo,Bajo
Rojales (Alicante),Muy bajo,Muy bajo,Muy bajo,Muy bajo,Muy bajo,Muy bajo,Muy bajo
Rojas (Burgos),Muy bajo,Bajo,Bajo,Muy bajo,Muy bajo,Bajo,Moderado
Rollamienta (Soria),Muy bajo,Muy bajo,Muy bajo,Muy bajo,Muy bajo,Bajo,Bajo
Rollán (Salamanca),Muy bajo,Muy bajo,Muy bajo,Muy bajo,Muy bajo,Bajo,Bajo
Romangordo (Cáceres),Muy bajo,Muy bajo,Muy bajo,Muy bajo,Muy bajo,Muy bajo,Muy bajo
Romanillos de Atienza (Guadalajara),Muy bajo,Muy bajo,Muy bajo,Muy bajo,Bajo,Bajo,Bajo
Romanones (Guadalajara),Muy bajo,Muy bajo,Muy bajo,Muy bajo,Muy bajo,Muy bajo,Muy bajo
Romanos (Zaragoza),Muy bajo,Muy bajo,Muy bajo,Muy bajo,Muy bajo,Muy bajo,Muy bajo
Romanzado/Erromantzatua (Navarra),Muy bajo,Muy bajo,Muy bajo,Muy bajo,Muy bajo,Muy bajo,Bajo
Roncal/Erronkari (Navarra),Bajo,Bajo,Muy bajo,Muy bajo,Muy bajo,Muy bajo,Bajo
Ronda (Málaga),Bajo,Muy bajo,Muy bajo,Muy bajo,Bajo,Bajo,Bajo
Roperuelos del Páramo (León),Muy bajo,Bajo,Muy bajo,Muy bajo,Muy bajo,Bajo,Bajo
Roquetas de Mar (Almería),Muy bajo,Muy bajo,Muy bajo,Muy bajo,Muy bajo,Muy bajo,Muy bajo
Roquetes (Tarragona),Muy bajo,Muy bajo,Muy bajo,Muy bajo,Muy bajo,Muy bajo,Muy bajo
Rosal de la Frontera (Huelva),Muy bajo,Muy bajo,Muy bajo,Muy bajo,Bajo,Bajo,Bajo
Rosalejo (Cáceres),Muy bajo,Muy bajo,Muy bajo,Muy bajo,Muy bajo,Muy bajo,Muy bajo
Roses (Girona),Muy bajo,Muy bajo,Muy bajo,Muy bajo,Bajo,Muy bajo,Muy bajo
Rosinos de la Requejada (Zamora),Muy bajo,Muy bajo,Muy bajo,Muy bajo,Muy bajo,Bajo,Bajo
Rossell (Castellón),Muy bajo,Muy bajo,Muy bajo,Muy bajo,Muy bajo,Muy bajo,Muy bajo
Rosselló (Lleida),Muy bajo,Muy bajo,Muy bajo,Muy bajo,Muy bajo,Muy bajo,Muy bajo
Rota (Cádiz),Muy alto,Muy bajo,Muy bajo,Bajo,Moderado,Alto,Muy alto
Rotglà i Corberà (Valencia),Muy bajo,Muy bajo,Muy bajo,Muy bajo,Muy bajo,Muy bajo,Muy bajo
Roturas (Valladolid),Bajo,Muy bajo,Muy bajo,Muy bajo,Bajo,Bajo,Bajo
Royuela (Teruel),Muy bajo,Muy bajo,Muy bajo,Muy bajo,Muy bajo,Bajo,Bajo
Royuela de Río Franco (Burgos),Bajo,Bajo,Bajo,Bajo,Bajo,Bajo,Bajo
Rozalén del Monte (Cuenca),Muy bajo,Muy bajo,Muy bajo,Muy bajo,Muy bajo,Muy bajo,Muy bajo
Rozas de Puerto Real (Madrid),Muy bajo,Muy bajo,Muy bajo,Muy bajo,Muy bajo,Bajo,Muy bajo
Ruanes (Cáceres),Muy bajo,Muy bajo,Muy bajo,Muy bajo,Muy bajo,Muy bajo,Muy bajo
Rubena (Burgos),Muy bajo,Bajo,Bajo,Muy bajo,Bajo,Bajo,Moderado
Rubiales (Teruel),Muy bajo,Muy bajo,Muy bajo,Muy bajo,Muy bajo,Muy bajo,Muy bajo
Rubielos de Mora (Teruel),Muy bajo,Muy bajo,Muy bajo,Muy bajo,Muy bajo,Muy bajo,Muy bajo
Rubielos de la Cérida (Teruel),Muy bajo,Muy bajo,Muy bajo,Muy bajo,Muy bajo,Muy bajo,Muy bajo
Rubite (Granada),Muy bajo,Muy bajo,Muy bajo,Muy bajo,Muy bajo,Muy bajo,Muy bajo
Rubiá (Ourense),Bajo,Muy bajo,Muy bajo,Muy bajo,Bajo,Bajo,Bajo
Rubió (Barcelona),Muy bajo,Muy bajo,Muy bajo,Muy bajo,Muy bajo,Muy bajo,Muy bajo
Rublacedo de Abajo (Burgos),Muy bajo,Bajo,Bajo,Muy bajo,Muy bajo,Bajo,Moderado
Rubí (Barcelona),Muy bajo,Muy bajo,Muy bajo,Muy bajo,Muy bajo,Muy bajo,Muy bajo
Rubí de Bracamonte (Valladolid),Muy bajo,Muy bajo,Muy bajo,Muy bajo,Muy bajo,Muy bajo,Bajo
Rucandio (Burgos),Muy bajo,Bajo,Muy bajo,Muy bajo,Muy bajo,Muy bajo,Bajo
Rueda (Valladolid),Muy bajo,Muy bajo,Muy bajo,Muy bajo,Muy bajo,Muy bajo,Bajo
Rueda de Jalón (Zaragoza),Muy bajo,Muy bajo,Muy bajo,Muy bajo,Bajo,Bajo,Bajo
Rueda de la Sierra (Guadalajara),Muy bajo,Muy bajo,Muy bajo,Bajo,Bajo,Bajo,Bajo
Ruente (Cantabria),Muy bajo,Muy bajo,Muy bajo,Muy bajo,Muy bajo,Muy bajo,Bajo
Ruesca (Zaragoza),Muy bajo,Muy bajo,Muy bajo,Muy bajo,Muy bajo,Muy bajo,Muy bajo
Ruesga (Cantabria),Muy bajo,Muy bajo,Muy bajo,Muy bajo,Muy bajo,Bajo,Bajo
Rugat (Valencia),Muy bajo,Muy bajo,Muy bajo,Muy bajo,Muy bajo,Muy bajo,Muy bajo
Ruidera (Ciudad Real),Muy bajo,Muy bajo,Muy bajo,Muy bajo,Muy bajo,Muy bajo,Muy bajo
Ruiloba (Cantabria),Muy bajo,Muy bajo,Muy bajo,Muy bajo,Muy bajo,Bajo,Bajo
Rupit i Pruit (Barcelona),Muy bajo,Muy bajo,Muy bajo,Muy bajo,Muy bajo,Muy bajo,Bajo
Rupià (Girona),Muy bajo,Muy bajo,Muy bajo,Muy bajo,Muy bajo,Muy bajo,Muy bajo
Rus (Jaén),Muy bajo,Muy bajo,Muy bajo,Muy bajo,Muy bajo,Muy bajo,Muy bajo
Rute (Córdoba),Muy bajo,Muy bajo,Muy bajo,Muy bajo,Muy bajo,Muy bajo,Muy bajo
Rábade (Lugo),Bajo,Muy bajo,Muy bajo,Muy bajo,Bajo,Bajo,Bajo
Rábano (Valladolid),Bajo,Muy bajo,Muy bajo,Muy bajo,Muy bajo,Bajo,Bajo
Rábano de Aliste (Zamora),Bajo,Muy bajo,Muy bajo,Muy bajo,Muy bajo,Bajo,Bajo
Rábanos (Burgos),Muy bajo,Bajo,Bajo,Muy bajo,Muy bajo,Muy bajo,Bajo
Ráfales (Teruel),Muy bajo,Muy bajo,Muy bajo,Muy bajo,Muy bajo,Muy bajo,Muy bajo
Ráfol de Salem (Valencia),Muy bajo,Muy bajo,Muy bajo,Muy bajo,Muy bajo,Muy bajo,Muy bajo
Rágama (Salamanca),Muy bajo,Muy bajo,Muy bajo,Muy bajo,Muy bajo,Muy bajo,Bajo
Rágol (Almería),Muy bajo,Muy bajo,Muy bajo,Muy bajo,Muy bajo,Muy bajo,Muy bajo
Ròtova (Valencia),Muy bajo,Muy bajo,Muy bajo,Muy bajo,Muy bajo,Muy bajo,Muy bajo
Ródenas (Teruel),Muy bajo,Muy bajo,Muy bajo,Muy bajo,Muy bajo,Bajo,Bajo
Sa Pobla (Baleares),Muy bajo,Muy bajo,Muy bajo,Muy bajo,Muy bajo,Muy bajo,Muy bajo
Sabadell (Barcelona),Muy bajo,Muy bajo,Muy bajo,Muy bajo,Muy bajo,Muy bajo,Muy bajo
Sabero (León),Muy bajo,Muy bajo,Muy bajo,Muy bajo,Muy bajo,Muy bajo,Bajo
Sabiote (Jaén),Muy bajo,Muy bajo,Muy bajo,Muy bajo,Muy bajo,Muy bajo,Muy bajo
Sabiñán (Zaragoza),Muy bajo,Muy bajo,Muy bajo,Muy bajo,Muy bajo,Muy bajo,Muy bajo
Sabiñánigo (Huesca),Muy bajo,Muy bajo,Muy bajo,Muy bajo,Muy bajo,Bajo,Moderado
Sacañet (Castellón),Muy bajo,Muy bajo,Muy bajo,Muy bajo,Muy bajo,Muy bajo,Muy bajo
Sacecorbo (Guadalajara),Muy bajo,Muy bajo,Muy bajo,Muy bajo,Muy bajo,Bajo,Bajo
Saceda-Trasierra (Cuenca),Muy bajo,Muy bajo,Muy bajo,Muy bajo,Muy bajo,Muy bajo,Muy bajo
Sacedón (Guadalajara),Muy bajo,Muy bajo,Muy bajo,Muy bajo,Muy bajo,Muy bajo,Muy bajo
Saceruela (Ciudad Real),Muy bajo,Muy bajo,Muy bajo,Muy bajo,Muy bajo,Muy bajo,Muy bajo
Sacramenia (Segovia),Muy bajo,Muy bajo,Muy bajo,Muy bajo,Muy bajo,Muy bajo,Bajo
Sada (A Coruña),Muy bajo,Muy bajo,Muy bajo,Muy bajo,Muy bajo,Muy bajo,Muy bajo
Sada (Navarra),Muy bajo,Bajo,Muy bajo,Muy bajo,Muy bajo,Muy bajo,Bajo
Saelices (Cuenca),Muy bajo,Muy bajo,Muy bajo,Muy bajo,Muy bajo,Muy bajo,Muy bajo
Saelices de Mayorga (Valladolid),Muy bajo,Bajo,Muy bajo,Bajo,Bajo,Bajo,Bajo
Saelices de la Sal (Guadalajara),Muy bajo,Muy bajo,Muy bajo,Muy bajo,Muy bajo,Bajo,Bajo
Saelices el Chico (Salamanca),Bajo,Muy bajo,Muy bajo,Muy bajo,Bajo,Bajo,Bajo
Sagra (Alicante),Muy bajo,Muy bajo,Muy bajo,Muy bajo,Muy bajo,Muy bajo,Muy bajo
Sagunt/Sagunto (Valencia),Muy bajo,Muy bajo,Muy bajo,Muy bajo,Muy bajo,Muy bajo,Muy bajo
Sagàs (Barcelona),Muy bajo,Muy bajo,Muy bajo,Muy bajo,Muy bajo,Muy bajo,Bajo
Sahagún (León),Muy bajo,Muy bajo,Muy bajo,Muy bajo,Muy bajo,Bajo,Bajo
Sahún (Huesca),Muy bajo,Muy bajo,Muy bajo,Muy bajo,Bajo,Bajo,Moderado
Sajazarra (La Rioja),Muy bajo,Bajo,Bajo,Muy bajo,Muy bajo,Bajo,Bajo
Salamanca (Salamanca),Muy bajo,Muy bajo,Muy bajo,Muy bajo,Muy bajo,Muy bajo,Muy bajo
Salar (Granada),Bajo,Muy bajo,Muy bajo,Muy bajo,Muy bajo,Muy bajo,Muy bajo
Salares (Málaga),Muy bajo,Muy bajo,Muy bajo,Muy bajo,Muy bajo,Muy bajo,Muy bajo
Salas (Asturias),Muy bajo,Muy bajo,Muy bajo,Muy bajo,Muy bajo,Bajo,Bajo
Salas Altas (Huesca),Muy bajo,Muy bajo,Muy bajo,Muy bajo,Muy bajo,Bajo,Bajo
Salas Bajas (Huesca),Muy bajo,Muy bajo,Muy bajo,Muy bajo,Muy bajo,Bajo,Bajo
Salas de Bureba (Burgos),Muy bajo,Bajo,Muy bajo,Muy bajo,Muy bajo,Muy bajo,Moderado
Salas de los Infantes (Burgos),Bajo,Bajo,Muy bajo,Bajo,Bajo,Bajo,Moderado
Salce (Zamora),Muy bajo,Muy bajo,Muy bajo,Muy bajo,Muy bajo,Bajo,Bajo
Salceda de Caselas (Pontevedra),Bajo,Muy bajo,Muy bajo,Bajo,Bajo,Bajo,Bajo
Salcedillo (Teruel),Muy bajo,Muy bajo,Muy bajo,Muy bajo,Muy bajo,Muy bajo,Muy bajo
Saldaña (Palencia),Muy bajo,Muy bajo,Muy bajo,Muy bajo,Muy bajo,Bajo,Bajo
Saldaña de Burgos (Burgos),Bajo,Bajo,Bajo,Muy bajo,Bajo,Bajo,Moderado
Saldeana (Salamanca),Bajo,Muy bajo,Muy bajo,Muy bajo,Bajo,Bajo,Bajo
Saldes (Barcelona),Muy bajo,Muy bajo,Muy bajo,Muy bajo,Muy bajo,Bajo,Moderado
Salduero (Soria),Muy bajo,Muy bajo,Muy bajo,Muy bajo,Muy bajo,Bajo,Bajo
Saldías (Navarra),Moderado,Alto,Muy bajo,Muy bajo,Muy bajo,Muy bajo,Moderado
Saldón (Teruel),Muy bajo,Muy bajo,Muy bajo,Muy bajo,Muy bajo,Bajo,Bajo
Salem (Valencia),Muy bajo,Muy bajo,Muy bajo,Muy bajo,Muy bajo,Muy bajo,Muy bajo
Sales de Llierca (Girona),Muy bajo,Muy bajo,Muy bajo,Muy bajo,Muy bajo,Muy bajo,Muy bajo
Salillas (Huesca),Muy bajo,Muy bajo,Muy bajo,Muy bajo,Muy bajo,Muy bajo,Bajo
Salillas de Jalón (Zaragoza),Muy bajo,Muy bajo,Muy bajo,Muy bajo,Bajo,Muy bajo,Bajo
Salinas (Alicante),Muy bajo,Muy bajo,Muy bajo,Muy bajo,Muy bajo,Muy bajo,Muy bajo
Salinas de Oro/Jaitz (Navarra),Muy bajo,Bajo,Muy bajo,Muy bajo,Muy bajo,Muy bajo,Bajo
Salinas de Pisuerga (Palencia),Muy bajo,Bajo,Muy bajo,Muy bajo,Muy bajo,Bajo,Bajo
Salinas del Manzano (Cuenca),Muy bajo,Muy bajo,Muy bajo,Muy bajo,Muy bajo,Muy bajo,Muy bajo
Salinillas de Bureba (Burgos),Muy bajo,Bajo,Bajo,Muy bajo,Muy bajo,Bajo,Moderado
Sallent (Barcelona),Muy bajo,Muy bajo,Muy bajo,Muy bajo,Muy bajo,Muy bajo,Muy bajo
Sallent de Gállego (Huesca),Bajo,Muy bajo,Muy bajo,Muy bajo,Muy bajo,Bajo,Moderado
Salmeroncillos (Cuenca),Muy bajo,Muy bajo,Muy bajo,Muy bajo,Muy bajo,Muy bajo,Muy bajo
Salmerón (Guadalajara),Muy bajo,Muy bajo,Muy bajo,Muy bajo,Muy bajo,Muy bajo,Muy bajo
Salmoral (Salamanca),Muy bajo,Muy bajo,Muy bajo,Muy bajo,Muy bajo,Muy bajo,Bajo
Salobral (Ávila),Muy bajo,Muy bajo,Muy bajo,Bajo,Bajo,Bajo,Bajo
Salobre (Albacete),Muy bajo,Muy bajo,Muy bajo,Muy bajo,Bajo,Bajo,Bajo
Salobreña (Granada),Muy bajo,Muy bajo,Muy bajo,Muy bajo,Muy bajo,Muy bajo,Muy bajo
Salomó (Tarragona),Muy bajo,Muy bajo,Muy bajo,Muy bajo,Muy bajo,Muy bajo,Muy bajo
Salorino (Cáceres),Muy bajo,Muy bajo,Muy bajo,Muy bajo,Muy bajo,Bajo,Bajo
Salou (Tarragona),Muy bajo,Muy bajo,Muy bajo,Muy bajo,Muy bajo,Muy bajo,Muy bajo
Salt (Girona),Muy bajo,Muy bajo,Muy bajo,Muy bajo,Muy bajo,Muy bajo,Muy bajo
Salteras (Sevilla),Bajo,Bajo,Muy bajo,Bajo,Moderado,Moderado,Bajo
Salvacañete (Cuenca),Muy bajo,Muy bajo,Muy bajo,Muy bajo,Muy bajo,Muy bajo,Bajo
Salvadiós (Ávila),Muy bajo,Muy bajo,Muy bajo,Muy bajo,Muy bajo,Muy bajo,Bajo
Salvador de Zapardiel (Valladolid),Muy bajo,Muy bajo,Muy bajo,Muy bajo,Muy bajo,Muy bajo,Bajo
Salvaleón (Badajoz),Muy bajo,Muy bajo,Muy bajo,Muy bajo,Muy bajo,Muy bajo,Muy bajo
Salvaterra de Miño (Pontevedra),Bajo,Muy bajo,Muy bajo,Bajo,Bajo,Bajo,Bajo
Salvatierra de Esca (Zaragoza),Muy bajo,Bajo,Muy bajo,Muy bajo,Muy bajo,Bajo,Bajo
Salvatierra de Santiago (Cáceres),Muy bajo,Muy bajo,Muy bajo,Muy bajo,Muy bajo,Bajo,Muy bajo
Salvatierra de Tormes (Salamanca),Muy bajo,Muy bajo,Muy bajo,Muy bajo,Bajo,Bajo,Bajo
Salvatierra de los Barros (Badajoz),Muy bajo,Muy bajo,Muy bajo,Muy bajo,Muy bajo,Muy bajo,Muy bajo
Salàs de Pallars (Lleida),Muy bajo,Muy bajo,Muy bajo,Muy bajo,Muy bajo,Bajo,Bajo
Samaniego (Álava),Muy bajo,Bajo,Muy bajo,Muy bajo,Muy bajo,Muy bajo,Bajo
Samboal (Segovia),Muy bajo,Muy bajo,Muy bajo,Muy bajo,Muy bajo,Muy bajo,Bajo
Samir de los Caños (Zamora),Muy bajo,Muy bajo,Muy bajo,Muy bajo,Muy bajo,Bajo,Bajo
Samos (Lugo),Bajo,Muy bajo,Muy bajo,Muy bajo,Muy bajo,Bajo,Moderado
Samper de Calanda (Teruel),Muy bajo,Muy bajo,Muy bajo,Muy bajo,Muy bajo,Muy bajo,Muy bajo
Samper del Salz (Zaragoza),Muy bajo,Muy bajo,Muy bajo,Muy bajo,Muy bajo,Muy bajo,Muy bajo
San Adrián (Navarra),Bajo,Moderado,Muy bajo,Muy bajo,Bajo,Bajo,Bajo
San Adrián de Juarros (Burgos),Bajo,Bajo,Muy bajo,Muy bajo,Muy bajo,Bajo,Moderado
San Adrián del Valle (León),Muy bajo,Bajo,Muy bajo,Muy bajo,Muy bajo,Bajo,Bajo
San Agustín (Teruel),Muy bajo,Muy bajo,Muy bajo,Muy bajo,Muy bajo,Muy bajo,Muy bajo
San Agustín del Guadalix (Madrid),Muy bajo,Muy bajo,Muy bajo,Muy bajo,Muy bajo,Muy bajo,Muy bajo
San Agustín del Pozo (Zamora),Muy bajo,Muy bajo,Muy bajo,Bajo,Bajo,Bajo,Bajo
San Amaro (Ourense),Bajo,Muy bajo,Muy bajo,Bajo,Bajo,Bajo,Bajo
San Andrés del Congosto (Guadalajara),Muy bajo,Muy bajo,Muy bajo,Muy bajo,Muy bajo,Muy bajo,Muy bajo
San Andrés del Rabanedo (León),Muy bajo,Muy bajo,Muy bajo,Muy bajo,Muy bajo,Muy bajo,Bajo
San Andrés del Rey (Guadalajara),Muy bajo,Muy bajo,Muy bajo,Muy bajo,Muy bajo,Muy bajo,Muy bajo
San Andrés y Sauces (Tenerife),Muy bajo,Bajo,Muy bajo,Muy bajo,Muy bajo,Muy bajo,Muy bajo
San Antonio de Benagéber (Valencia),Muy bajo,Muy bajo,Muy bajo,Muy bajo,Muy bajo,Muy bajo,Muy bajo
San Asensio (La Rioja),Muy bajo,Bajo,Muy bajo,Muy bajo,Muy bajo,Muy bajo,Bajo
San Bartolomé (Las Palmas),Muy bajo,Muy bajo,Muy bajo,Muy bajo,Muy bajo,Muy bajo,Muy bajo
San Bartolomé (nan),Muy bajo,Muy bajo,Muy bajo,Muy bajo,Muy bajo,Bajo,Bajo
San Bartolomé de Béjar (Ávila),Muy bajo,Muy bajo,Muy bajo,Muy bajo,Bajo,Bajo,Bajo
San Bartolomé de Corneja (Ávila),Muy bajo,Muy bajo,Muy bajo,Muy bajo,Bajo,Bajo,Bajo
San Bartolomé de Pinares (Ávila),Muy bajo,Muy bajo,Muy bajo,Bajo,Bajo,Bajo,Bajo
San Bartolomé de Tirajana (Las Palmas),Moderado,Bajo,Muy bajo,Muy bajo,Muy bajo,Muy bajo,Muy bajo
San Bartolomé de la Torre (Huelva),Bajo,Muy bajo,Muy bajo,Muy bajo,Moderado,Bajo,Bajo
San Bartolomé de las Abiertas (Toledo),Muy bajo,Muy bajo,Muy bajo,Muy bajo,Muy bajo,Muy bajo,Muy bajo
San Carlos del Valle (Ciudad Real),Muy bajo,Muy bajo,Muy bajo,Muy bajo,Muy bajo,Muy bajo,Muy bajo
San Cebrián de Campos (Palencia),Muy bajo,Bajo,Bajo,Bajo,Bajo,Bajo,Moderado
San Cebrián de Castro (Zamora),Muy bajo,Muy bajo,Muy bajo,Muy bajo,Muy bajo,Bajo,Bajo
San Cebrián de Mazote (Valladolid),Muy bajo,Muy bajo,Muy bajo,Muy bajo,Bajo,Bajo,Bajo
San Cebrián de Mudá (Palencia),Muy bajo,Bajo,Muy bajo,Muy bajo,Muy bajo,Muy bajo,Bajo
San Cibrao das Viñas (Ourense),Bajo,Muy bajo,Muy bajo,Muy bajo,Bajo,Bajo,Bajo
San Clemente (Cuenca),Muy bajo,Muy bajo,Muy bajo,Muy bajo,Muy bajo,Bajo,Bajo
San Cristovo de Cea (Ourense),Bajo,Muy bajo,Muy bajo,Bajo,Bajo,Bajo,Bajo
San Cristóbal de Boedo (Palencia),Muy bajo,Bajo,Muy bajo,Muy bajo,Muy bajo,Bajo,Bajo
San Cristóbal de Cuéllar (Segovia),Muy bajo,Muy bajo,Muy bajo,Muy bajo,Muy bajo,Muy bajo,Bajo
San Cristóbal de Entreviñas (Zamora),Muy bajo,Bajo,Muy bajo,Muy bajo,Bajo,Bajo,Bajo
San Cristóbal de La Laguna (Tenerife),Muy bajo,Muy bajo,Muy bajo,Muy bajo,Muy bajo,Muy bajo,Muy bajo
San Cristóbal de Segovia (Segovia),Muy bajo,Bajo,Muy bajo,Muy bajo,Muy bajo,Bajo,Bajo
San Cristóbal de la Cuesta (Salamanca),Muy bajo,Muy bajo,Muy bajo,Muy bajo,Muy bajo,Muy bajo,Bajo
San Cristóbal de la Polantera (León),Muy bajo,Bajo,Muy bajo,Muy bajo,Muy bajo,Bajo,Bajo
San Cristóbal de la Vega (Segovia),Muy bajo,Muy bajo,Muy bajo,Muy bajo,Muy bajo,Muy bajo,Bajo
San Emiliano (León),Bajo,Muy bajo,Muy bajo,Muy bajo,Muy bajo,Muy bajo,Bajo
San Esteban de Gormaz (Soria),Muy bajo,Muy bajo,Muy bajo,Muy bajo,Muy bajo,Bajo,Bajo
San Esteban de Litera (Huesca),Muy bajo,Muy bajo,Muy bajo,Muy bajo,Muy bajo,Muy bajo,Bajo
San Esteban de Nogales (León),Muy bajo,Bajo,Muy bajo,Muy bajo,Muy bajo,Bajo,Bajo
San Esteban de Zapardiel (Ávila),Muy bajo,Muy bajo,Muy bajo,Muy bajo,Muy bajo,Muy bajo,Bajo
San Esteban de la Sierra (Salamanca),Muy bajo,Muy bajo,Muy bajo,Muy bajo,Bajo,Bajo,Bajo
San Esteban de los Patos (Ávila),Bajo,Muy bajo,Muy bajo,Muy bajo,Muy bajo,Bajo,Bajo
San Esteban del Molar (Zamora),Muy bajo,Bajo,Muy bajo,Bajo,Bajo,Bajo,Bajo
San Esteban del Valle (Ávila),Muy bajo,Muy bajo,Muy bajo,Muy bajo,Muy bajo,Muy bajo,Bajo
San Felices (Soria),Muy bajo,Muy bajo,Muy bajo,Muy bajo,Muy bajo,Muy bajo,Muy bajo
San Felices de Buelna (Cantabria),Muy bajo,Muy bajo,Muy bajo,Muy bajo,Muy bajo,Muy bajo,Bajo
San Felices de los Gallegos (Salamanca),Bajo,Muy bajo,Muy bajo,Muy bajo,Bajo,Bajo,Bajo
San Fernando (Cádiz),Muy bajo,Muy bajo,Muy bajo,Muy bajo,Muy bajo,Muy bajo,Muy bajo
San Fernando de Henares (Madrid),Muy bajo,Muy bajo,Muy bajo,Muy bajo,Muy bajo,Muy bajo,Muy bajo
San Fulgencio (Alicante),Muy bajo,Muy bajo,Muy bajo,Muy bajo,Muy bajo,Muy bajo,Muy bajo
San García de Ingelmos (Ávila),Muy bajo,Muy bajo,Muy bajo,Muy bajo,Muy bajo,Bajo,Bajo
San Isidro (Alicante),Muy bajo,Muy bajo,Muy bajo,Muy bajo,Muy bajo,Muy bajo,Muy bajo
San Javier (Murcia),Muy bajo,Muy bajo,Muy bajo,Muy bajo,Muy bajo,Muy bajo,Muy bajo
San José del Valle (Cádiz),Moderado,Muy bajo,Muy bajo,Bajo,Bajo,Bajo,Bajo
San Juan de Aznalfarache (Sevilla),Muy bajo,Muy bajo,Muy bajo,Muy bajo,Muy bajo,Muy bajo,Muy bajo
San Juan de Gredos (Ávila),Muy bajo,Muy bajo,Muy bajo,Muy bajo,Muy bajo,Bajo,Bajo
San Juan de Plan (Huesca),Muy bajo,Muy bajo,Muy bajo,Muy bajo,Bajo,Bajo,Moderado
San Juan de la Encinilla (Ávila),Muy bajo,Muy bajo,Muy bajo,Muy bajo,Muy bajo,Muy bajo,Bajo
San Juan de la Nava (Ávila),Muy bajo,Muy bajo,Muy bajo,Bajo,Bajo,Bajo,Bajo
San Juan de la Rambla (Tenerife),Muy bajo,Muy bajo,Muy bajo,Muy bajo,Muy bajo,Muy bajo,Muy bajo
San Juan del Molinillo (Ávila),Muy bajo,Muy bajo,Muy bajo,Bajo,Bajo,Bajo,Bajo
San Juan del Monte (Burgos),Muy bajo,Bajo,Muy bajo,Muy bajo,Muy bajo,Muy bajo,Bajo
San Juan del Olmo (Ávila),Muy bajo,Muy bajo,Muy bajo,Muy bajo,Muy bajo,Bajo,Bajo
San Juan del Puerto (Huelva),Muy bajo,Muy bajo,Muy bajo,Bajo,Alto,Moderado,Bajo
San Justo (Zamora),Muy bajo,Muy bajo,Muy bajo,Muy bajo,Muy bajo,Bajo,Bajo
San Justo de la Vega (León),Bajo,Bajo,Muy bajo,Muy bajo,Muy bajo,Bajo,Bajo
San Leonardo de Yagüe (Soria),Muy bajo,Bajo,Muy bajo,Muy bajo,Muy bajo,Bajo,Bajo
San Llorente (Valladolid),Bajo,Muy bajo,Muy bajo,Bajo,Bajo,Bajo,Bajo
San Lorenzo de Calatrava (Ciudad Real),Muy bajo,Muy bajo,Muy bajo,Muy bajo,Bajo,Bajo,Bajo
San Lorenzo de El Escorial (Madrid),Muy bajo,Muy bajo,Muy bajo,Muy bajo,Muy bajo,Bajo,Bajo
San Lorenzo de Tormes (Ávila),Muy bajo,Muy bajo,Muy bajo,Muy bajo,Bajo,Bajo,Bajo
San Lorenzo de la Parrilla (Cuenca),Muy bajo,Muy bajo,Muy bajo,Muy bajo,Muy bajo,Bajo,Muy bajo
San Mamés de Burgos (Burgos),Bajo,Bajo,Bajo,Bajo,Bajo,Bajo,Moderado
San Mamés de Campos (Palencia),Muy bajo,Bajo,Bajo,Muy bajo,Bajo,Bajo,Bajo
San Martín de Boniches (Cuenca),Muy bajo,Muy bajo,Muy bajo,Muy bajo,Muy bajo,Muy bajo,Muy bajo
San Martín de Montalbán (Toledo),Muy bajo,Muy bajo,Muy bajo,Muy bajo,Muy bajo,Muy bajo,Muy bajo
San Martín de Oscos (Asturias),Muy bajo,Muy bajo,Muy bajo,Muy bajo,Muy bajo,Muy bajo,Bajo
San Martín de Pusa (Toledo),Muy bajo,Muy bajo,Muy bajo,Muy bajo,Muy bajo,Muy bajo,Muy bajo
San Martín de Rubiales (Burgos),Muy bajo,Muy bajo,Muy bajo,Muy bajo,Muy bajo,Muy bajo,Bajo
San Martín de Trevejo (Cáceres),Muy bajo,Muy bajo,Muy bajo,Muy bajo,Muy bajo,Bajo,Bajo
San Martín de Unx (Navarra),Muy bajo,Bajo,Muy bajo,Muy bajo,Muy bajo,Muy bajo,Bajo
San Martín de Valdeiglesias (Madrid),Muy bajo,Muy bajo,Muy bajo,Muy bajo,Muy bajo,Bajo,Bajo
San Martín de Valderaduey (Zamora),Muy bajo,Muy bajo,Muy bajo,Bajo,Bajo,Bajo,Bajo
San Martín de Valvení (Valladolid),Muy bajo,Muy bajo,Muy bajo,Bajo,Bajo,Bajo,Bajo
San Martín de la Vega (Madrid),Muy bajo,Muy bajo,Muy bajo,Muy bajo,Muy bajo,Muy bajo,Muy bajo
San Martín de la Vega del Alberche (Ávila),Muy bajo,Muy bajo,Muy bajo,Muy bajo,Bajo,Bajo,Bajo
San Martín de la Virgen de Moncayo (Zaragoza),Muy bajo,Muy bajo,Muy bajo,Muy bajo,Muy bajo,Muy bajo,Bajo
San Martín del Castañar (Salamanca),Muy bajo,Muy bajo,Muy bajo,Muy bajo,Muy bajo,Bajo,Bajo
San Martín del Pimpollar (Ávila),Muy bajo,Muy bajo,Muy bajo,Muy bajo,Muy bajo,Bajo,Bajo
San Martín del Rey Aurelio (Asturias),Muy bajo,Bajo,Muy bajo,Muy bajo,Muy bajo,Bajo,Moderado
San Martín del Río (Teruel),Muy bajo,Muy bajo,Muy bajo,Muy bajo,Muy bajo,Muy bajo,Muy bajo
San Martín del Tesorillo (Cádiz),Muy bajo,Muy bajo,Muy bajo,Muy bajo,Muy bajo,Muy bajo,Muy bajo
San Martín y Mudrián (Segovia),Muy bajo,Muy bajo,Muy bajo,Muy bajo,Muy bajo,Muy bajo,Bajo
San Mateo de Gállego (Zaragoza),Muy bajo,Muy bajo,Muy bajo,Muy bajo,Muy bajo,Muy bajo,Muy bajo
San Miguel de Abona (Tenerife),Moderado,Moderado,Muy bajo,Muy bajo,Muy bajo,Muy bajo,Muy bajo
San Miguel de Aguayo (Cantabria),Bajo,Bajo,Muy bajo,Muy bajo,Muy bajo,Muy bajo,Bajo
San Miguel de Bernuy (Segovia),Muy bajo,Muy bajo,Muy bajo,Muy bajo,Muy bajo,Bajo,Bajo
San Miguel de Corneja (Ávila),Muy bajo,Muy bajo,Muy bajo,Muy bajo,Muy bajo,Bajo,Bajo
San Miguel de Salinas (Alicante),Muy bajo,Muy bajo,Muy bajo,Muy bajo,Muy bajo,Muy bajo,Muy bajo
San Miguel de Serrezuela (Ávila),Muy bajo,Muy bajo,Muy bajo,Muy bajo,Bajo,Bajo,Bajo
San Miguel de Valero (Salamanca),Muy bajo,Muy bajo,Muy bajo,Muy bajo,Bajo,Bajo,Bajo
San Miguel de la Ribera (Zamora),Muy bajo,Muy bajo,Muy bajo,Muy bajo,Muy bajo,Bajo,Bajo
San Miguel del Arroyo (Valladolid),Muy bajo,Muy bajo,Muy bajo,Muy bajo,Muy bajo,Muy bajo,Bajo
San Miguel del Cinca (Huesca),Muy bajo,Muy bajo,Muy bajo,Bajo,Muy bajo,Muy bajo,Bajo
San Miguel del Pino (Valladolid),Muy bajo,Muy bajo,Muy bajo,Muy bajo,Bajo,Bajo,Bajo
San Miguel del Robledo (Salamanca),Muy bajo,Muy bajo,Muy bajo,Muy bajo,Muy bajo,Bajo,Bajo
San Miguel del Valle (Zamora),Muy bajo,Bajo,Muy bajo,Bajo,Bajo,Bajo,Bajo
San Millán de Lara (Burgos),Bajo,Bajo,Muy bajo,Muy bajo,Bajo,Bajo,Moderado
San Millán de Yécora (La Rioja),Muy bajo,Bajo,Bajo,Muy bajo,Bajo,Bajo,Bajo
San Millán de la Cogolla (La Rioja),Muy bajo,Bajo,Bajo,Muy bajo,Muy bajo,Muy bajo,Bajo
San Millán de los Caballeros (León),Muy bajo,Muy bajo,Muy bajo,Muy bajo,Muy bajo,Muy bajo,Bajo
San Millán/Donemiliaga (Álava),Bajo,Moderado,Muy bajo,Muy bajo,Muy bajo,Muy bajo,Bajo
San Morales (Salamanca),Muy bajo,Muy bajo,Muy bajo,Muy bajo,Muy bajo,Muy bajo,Muy bajo
San Muñoz (Salamanca),Muy bajo,Muy bajo,Muy bajo,Bajo,Bajo,Bajo,Bajo
San Nicolás del Puerto (Sevilla),Muy bajo,Muy bajo,Muy bajo,Muy bajo,Bajo,Bajo,Bajo
San Pablo de la Moraleja (Valladolid),Muy bajo,Muy bajo,Muy bajo,Muy bajo,Muy bajo,Muy bajo,Bajo
San Pablo de los Montes (Toledo),Muy bajo,Muy bajo,Muy bajo,Muy bajo,Muy bajo,Muy bajo,Muy bajo
San Pascual (Ávila),Muy bajo,Muy bajo,Muy bajo,Muy bajo,Muy bajo,Muy bajo,Bajo
San Pedro (Albacete),Muy bajo,Bajo,Muy bajo,Muy bajo,Muy bajo,Bajo,Bajo
San Pedro Bercianos (León),Muy bajo,Muy bajo,Muy bajo,Muy bajo,Muy bajo,Muy bajo,Bajo
San Pedro Manrique (Soria),Muy bajo,Bajo,Muy bajo,Muy bajo,Muy bajo,Bajo,Bajo
San Pedro Palmiches (Cuenca),Muy bajo,Muy bajo,Muy bajo,Muy bajo,Muy bajo,Muy bajo,Muy bajo
San Pedro de Ceque (Zamora),Muy bajo,Muy bajo,Muy bajo,Muy bajo,Muy bajo,Bajo,Bajo
San Pedro de Gaíllos (Segovia),Muy bajo,Muy bajo,Muy bajo,Muy bajo,Muy bajo,Bajo,Bajo
San Pedro de Latarce (Valladolid),Muy bajo,Muy bajo,Muy bajo,Muy bajo,Bajo,Bajo,Bajo
San Pedro de Mérida (Badajoz),Muy bajo,Muy bajo,Muy bajo,Muy bajo,Muy bajo,Bajo,Bajo
San Pedro de Rozados (Salamanca),Muy bajo,Muy bajo,Muy bajo,Muy bajo,Bajo,Bajo,Bajo
San Pedro de la Nave-Almendra (Zamora),Muy bajo,Muy bajo,Muy bajo,Muy bajo,Muy bajo,Muy bajo,Muy bajo
San Pedro del Arroyo (Ávila),Muy bajo,Muy bajo,Muy bajo,Muy bajo,Muy bajo,Muy bajo,Bajo
San Pedro del Pinatar (Murcia),Muy bajo,Muy bajo,Muy bajo,Muy bajo,Muy bajo,Muy bajo,Muy bajo
San Pedro del Romeral (Cantabria),Muy bajo,Moderado,Muy bajo,Muy bajo,Muy bajo,Muy bajo,Bajo
San Pedro del Valle (Salamanca),Muy bajo,Muy bajo,Muy bajo,Muy bajo,Muy bajo,Bajo,Bajo
San Pelayo (Valladolid),Muy bajo,Muy bajo,Muy bajo,Muy bajo,Bajo,Bajo,Bajo
San Pelayo de Guareña (Salamanca),Muy bajo,Muy bajo,Muy bajo,Muy bajo,Bajo,Bajo,Bajo
San Rafael del Río (Castellón),Muy bajo,Muy bajo,Muy bajo,Bajo,Muy bajo,Muy bajo,Muy bajo
San Román de Cameros (La Rioja),Bajo,Bajo,Muy bajo,Muy bajo,Muy bajo,Muy bajo,Bajo
San Román de Hornija (Valladolid),Muy bajo,Muy bajo,Muy bajo,Muy bajo,Muy bajo,Muy bajo,Muy bajo
San Román de la Cuba (Palencia),Muy bajo,Bajo,Muy bajo,Muy bajo,Muy bajo,Bajo,Bajo
San Román de los Montes (Toledo),Muy bajo,Muy bajo,Muy bajo,Muy bajo,Muy bajo,Muy bajo,Muy bajo
San Roque (Cádiz),Muy bajo,Muy bajo,Muy bajo,Muy bajo,Muy bajo,Muy bajo,Muy bajo
San Roque de Riomiera (Cantabria),Muy bajo,Bajo,Muy bajo,Muy bajo,Muy bajo,Bajo,Bajo
San Sadurniño (A Coruña),Bajo,Muy bajo,Muy bajo,Muy bajo,Bajo,Bajo,Bajo
San Salvador (Valladolid),Muy bajo,Muy bajo,Muy bajo,Muy bajo,Muy bajo,Bajo,Bajo
San Sebastián de la Gomera (Tenerife),Muy bajo,Bajo,Muy bajo,Muy bajo,Muy bajo,Muy bajo,Muy bajo
San Sebastián de los Ballesteros (Córdoba),Muy bajo,Muy bajo,Muy bajo,Muy bajo,Bajo,Muy bajo,Muy bajo
San Sebastián de los Reyes (Madrid),Muy bajo,Muy bajo,Muy bajo,Muy bajo,Muy bajo,Muy bajo,Muy bajo
San Silvestre de Guzmán (Huelva),Bajo,Muy bajo,Muy bajo,Bajo,Moderado,Bajo,Bajo
San Tirso de Abres (Asturias),Muy bajo,Muy bajo,Muy bajo,Muy bajo,Muy bajo,Muy bajo,Bajo
San Torcuato (La Rioja),Muy bajo,Bajo,Muy bajo,Muy bajo,Muy bajo,Muy bajo,Bajo
San Vicente de Alcántara (Badajoz),Muy bajo,Muy bajo,Muy bajo,Muy bajo,Muy bajo,Bajo,Bajo
San Vicente de Arévalo (Ávila),Muy bajo,Muy bajo,Muy bajo,Muy bajo,Muy bajo,Muy bajo,Bajo
San Vicente de la Barquera (Cantabria),Muy bajo,Muy bajo,Muy bajo,Muy bajo,Muy bajo,Bajo,Bajo
San Vicente de la Cabeza (Zamora),Muy bajo,Muy bajo,Muy bajo,Muy bajo,Muy bajo,Bajo,Bajo
San Vicente de la Sonsierra (La Rioja),Muy bajo,Bajo,Muy bajo,Muy bajo,Muy bajo,Muy bajo,Bajo
San Vicente del Palacio (Valladolid),Muy bajo,Muy bajo,Muy bajo,Muy bajo,Muy bajo,Muy bajo,Bajo
San Vicente del Valle (Burgos),Muy bajo,Bajo,Bajo,Muy bajo,Muy bajo,Muy bajo,Bajo
San Vitero (Zamora),Muy bajo,Muy bajo,Muy bajo,Muy bajo,Muy bajo,Bajo,Bajo
San Xoán de Río (Ourense),Bajo,Muy bajo,Muy bajo,Muy bajo,Muy bajo,Bajo,Bajo
Sanaüja (Lleida),Muy bajo,Muy bajo,Muy bajo,Muy bajo,Muy bajo,Muy bajo,Muy bajo
Sancedo (León),Muy bajo,Muy bajo,Muy bajo,Muy bajo,Muy bajo,Muy bajo,Bajo
Sanchidrián (Ávila),Muy bajo,Muy bajo,Muy bajo,Muy bajo,Muy bajo,Muy bajo,Bajo
Sanchonuño (Segovia),Muy bajo,Muy bajo,Muy bajo,Muy bajo,Muy bajo,Muy bajo,Bajo
Sanchorreja (Ávila),Muy bajo,Muy bajo,Muy bajo,Muy bajo,Muy bajo,Bajo,Bajo
Sanchotello (Salamanca),Muy bajo,Muy bajo,Muy bajo,Muy bajo,Bajo,Bajo,Bajo
Sanchón de la Ribera (Salamanca),Muy bajo,Muy bajo,Muy bajo,Bajo,Bajo,Bajo,Bajo
Sanchón de la Sagrada (Salamanca),Muy bajo,Muy bajo,Muy bajo,Muy bajo,Bajo,Bajo,Bajo
Sancti-Spíritus (Badajoz),Muy bajo,Muy bajo,Muy bajo,Muy bajo,Muy bajo,Muy bajo,Muy bajo
Sancti-Spíritus (Salamanca),Muy bajo,Muy bajo,Muy bajo,Muy bajo,Bajo,Bajo,Bajo
Sandiás (Ourense),Bajo,Muy bajo,Muy bajo,Muy bajo,Muy bajo,Bajo,Bajo
Sando (Salamanca),Muy bajo,Muy bajo,Muy bajo,Muy bajo,Bajo,Bajo,Bajo
Sanet y Negrals (Alicante),Muy bajo,Muy bajo,Muy bajo,Muy bajo,Muy bajo,Muy bajo,Muy bajo
Sangarcía (Segovia),Muy bajo,Muy bajo,Muy bajo,Muy bajo,Muy bajo,Bajo,Bajo
Sangarrén (Huesca),Muy bajo,Muy bajo,Muy bajo,Muy bajo,Muy bajo,Muy bajo,Bajo
Sangüesa/Zangoza (Navarra),Muy bajo,Muy bajo,Muy bajo,Muy bajo,Muy bajo,Muy bajo,Bajo
Sanlúcar de Barrameda (Cádiz),Bajo,Muy bajo,Muy bajo,Bajo,Bajo,Bajo,Bajo
Sanlúcar de Guadiana (Huelva),Bajo,Muy bajo,Muy bajo,Muy bajo,Bajo,Bajo,Bajo
Sanlúcar la Mayor (Sevilla),Bajo,Bajo,Bajo,Bajo,Alto,Moderado,Bajo
Sansol (Navarra),Bajo,Bajo,Muy bajo,Muy bajo,Muy bajo,Bajo,Bajo
Sant Adrià de Besòs (Barcelona),Muy bajo,Muy bajo,Muy bajo,Muy bajo,Muy bajo,Muy bajo,Muy bajo
Sant Agustí de Lluçanès (Barcelona),Muy bajo,Muy bajo,Muy bajo,Muy bajo,Muy bajo,Muy bajo,Bajo
Sant Andreu Salou (Girona),Muy bajo,Muy bajo,Muy bajo,Muy bajo,Muy bajo,Muy bajo,Muy bajo
Sant Andreu de Llavaneres (Barcelona),Muy bajo,Muy bajo,Muy bajo,Muy bajo,Muy bajo,Muy bajo,Muy bajo
Sant Andreu de la Barca (Barcelona),Muy bajo,Muy bajo,Muy bajo,Muy bajo,Muy bajo,Muy bajo,Muy bajo
Sant Aniol de Finestres (Girona),Muy bajo,Muy bajo,Muy bajo,Muy bajo,Muy bajo,Muy bajo,Muy bajo
Sant Antoni de Portmany (Baleares),Muy bajo,Muy bajo,Muy bajo,Muy bajo,Muy bajo,Muy bajo,Muy bajo
Sant Antoni de Vilamajor (Barcelona),Muy bajo,Muy bajo,Muy bajo,Muy bajo,Muy bajo,Muy bajo,Muy bajo
Sant Bartomeu del Grau (Barcelona),Muy bajo,Muy bajo,Muy bajo,Muy bajo,Muy bajo,Muy bajo,Bajo
Sant Boi de Llobregat (Barcelona),Muy bajo,Muy bajo,Muy bajo,Muy bajo,Muy bajo,Muy bajo,Muy bajo
Sant Boi de Lluçanès (Barcelona),Muy bajo,Muy bajo,Muy bajo,Muy bajo,Muy bajo,Muy bajo,Bajo
Sant Cebrià de Vallalta (Barcelona),Muy bajo,Muy bajo,Muy bajo,Muy bajo,Muy bajo,Muy bajo,Muy bajo
Sant Celoni (Barcelona),Muy bajo,Muy bajo,Muy bajo,Muy bajo,Muy bajo,Muy bajo,Muy bajo
Sant Climent Sescebes (Girona),Muy bajo,Muy bajo,Muy bajo,Muy bajo,Muy bajo,Muy bajo,Muy bajo
Sant Climent de Llobregat (Barcelona),Muy bajo,Muy bajo,Muy bajo,Muy bajo,Muy bajo,Muy bajo,Muy bajo
Sant Cugat Sesgarrigues (Barcelona),Muy bajo,Muy bajo,Muy bajo,Muy bajo,Muy bajo,Muy bajo,Muy bajo
Sant Cugat del Vallès (Barcelona),Muy bajo,Muy bajo,Muy bajo,Muy bajo,Muy bajo,Muy bajo,Muy bajo
Sant Esteve Sesrovires (Barcelona),Muy bajo,Muy bajo,Muy bajo,Muy bajo,Muy bajo,Muy bajo,Muy bajo
Sant Esteve de Palautordera (Barcelona),Muy bajo,Muy bajo,Muy bajo,Muy bajo,Muy bajo,Muy bajo,Muy bajo
Sant Esteve de la Sarga (Lleida),Muy bajo,Muy bajo,Muy bajo,Muy bajo,Muy bajo,Bajo,Bajo
Sant Feliu Sasserra (Barcelona),Muy bajo,Muy bajo,Muy bajo,Muy bajo,Muy bajo,Muy bajo,Bajo
Sant Feliu de Buixalleu (Girona),Muy bajo,Muy bajo,Muy bajo,Muy bajo,Muy bajo,Muy bajo,Muy bajo
Sant Feliu de Codines (Barcelona),Muy bajo,Muy bajo,Muy bajo,Muy bajo,Muy bajo,Muy bajo,Muy bajo
Sant Feliu de Guíxols (Girona),Muy bajo,Muy bajo,Muy bajo,Muy bajo,Muy bajo,Muy bajo,Muy bajo
Sant Feliu de Llobregat (Barcelona),Muy bajo,Muy bajo,Muy bajo,Muy bajo,Muy bajo,Muy bajo,Muy bajo
Sant Feliu de Pallerols (Girona),Muy bajo,Muy bajo,Muy bajo,Muy bajo,Muy bajo,Muy bajo,Bajo
Sant Ferriol (Girona),Muy bajo,Muy bajo,Muy bajo,Muy bajo,Muy bajo,Muy bajo,Muy bajo
Sant Fost de Campsentelles (Barcelona),Muy bajo,Muy bajo,Muy bajo,Muy bajo,Muy bajo,Muy bajo,Muy bajo
Sant Fruitós de Bages (Barcelona),Muy bajo,Muy bajo,Muy bajo,Muy bajo,Muy bajo,Muy bajo,Muy bajo
Sant Gregori (Girona),Muy bajo,Muy bajo,Muy bajo,Muy bajo,Muy bajo,Muy bajo,Muy bajo
Sant Guim de Freixenet (Lleida),Muy bajo,Muy bajo,Muy bajo,Muy bajo,Muy bajo,Muy bajo,Muy bajo
Sant Guim de la Plana (Lleida),Muy bajo,Muy bajo,Muy bajo,Muy bajo,Muy bajo,Muy bajo,Muy bajo
Sant Hilari Sacalm (Girona),Muy bajo,Muy bajo,Muy bajo,Muy bajo,Muy bajo,Muy bajo,Bajo
Sant Hipòlit de Voltregà (Barcelona),Muy bajo,Muy bajo,Muy bajo,Muy bajo,Muy bajo,Muy bajo,Muy bajo
Sant Iscle de Vallalta (Barcelona),Muy bajo,Muy bajo,Muy bajo,Muy bajo,Muy bajo,Muy bajo,Muy bajo
Sant Jaume d'Enveja (Tarragona),Muy bajo,Muy bajo,Muy bajo,Muy bajo,Muy bajo,Bajo,Muy bajo
Sant Jaume de Frontanyà (Barcelona),Muy bajo,Muy bajo,Muy bajo,Muy bajo,Muy bajo,Bajo,Bajo
Sant Jaume de Llierca (Girona),Muy bajo,Muy bajo,Muy bajo,Muy bajo,Muy bajo,Muy bajo,Muy bajo
Sant Jaume dels Domenys (Tarragona),Muy bajo,Muy bajo,Muy bajo,Muy bajo,Muy bajo,Muy bajo,Muy bajo
Sant Joan (Baleares),Muy bajo,Muy bajo,Bajo,Muy bajo,Muy bajo,Muy bajo,Muy bajo
Sant Joan Despí (Barcelona),Muy bajo,Muy bajo,Muy bajo,Muy bajo,Muy bajo,Muy bajo,Muy bajo
Sant Joan d'Alacant (Alicante),Muy bajo,Muy bajo,Muy bajo,Muy bajo,Muy bajo,Muy bajo,Muy bajo
Sant Joan de Labritja (Baleares),Muy bajo,Muy bajo,Muy bajo,Muy bajo,Muy bajo,Muy bajo,Muy bajo
Sant Joan de Mollet (Girona),Muy bajo,Muy bajo,Muy bajo,Muy bajo,Muy bajo,Muy bajo,Muy bajo
Sant Joan de Moró (Castellón),Muy bajo,Muy bajo,Muy bajo,Bajo,Muy bajo,Muy bajo,Muy bajo
Sant Joan de Vilatorrada (Barcelona),Muy bajo,Muy bajo,Muy bajo,Muy bajo,Muy bajo,Muy bajo,Muy bajo
Sant Joan de les Abadesses (Girona),Muy bajo,Muy bajo,Muy bajo,Muy bajo,Muy bajo,Muy bajo,Bajo
Sant Joan les Fonts (Girona),Muy bajo,Muy bajo,Muy bajo,Muy bajo,Muy bajo,Muy bajo,Bajo
Sant Joanet (Valencia),Muy bajo,Muy bajo,Muy bajo,Muy bajo,Muy bajo,Muy bajo,Muy bajo
Sant Jordi Desvalls (Girona),Muy bajo,Muy bajo,Muy bajo,Muy bajo,Muy bajo,Muy bajo,Muy bajo
Sant Jordi/San Jorge (Castellón),Muy bajo,Muy bajo,Muy bajo,Muy bajo,Muy bajo,Muy bajo,Muy bajo
Sant Josep de sa Talaia (Baleares),Muy bajo,Muy bajo,Muy bajo,Muy bajo,Muy bajo,Muy bajo,Muy bajo
Sant Julià de Cerdanyola (Barcelona),Muy bajo,Muy bajo,Muy bajo,Muy bajo,Muy bajo,Bajo,Bajo
Sant Julià de Ramis (Girona),Muy bajo,Muy bajo,Muy bajo,Muy bajo,Muy bajo,Muy bajo,Muy bajo
Sant Julià de Vilatorta (Barcelona),Muy bajo,Muy bajo,Muy bajo,Muy bajo,Muy bajo,Muy bajo,Bajo
Sant Julià del Llor i Bonmatí (Girona),Muy bajo,Muy bajo,Muy bajo,Muy bajo,Muy bajo,Muy bajo,Muy bajo
Sant Just Desvern (Barcelona),Muy bajo,Muy bajo,Muy bajo,Muy bajo,Muy bajo,Muy bajo,Muy bajo
Sant Llorenç Savall (Barcelona),Muy bajo,Muy bajo,Muy bajo,Muy bajo,Muy bajo,Muy bajo,Muy bajo
Sant Llorenç d'Hortons (Barcelona),Muy bajo,Muy bajo,Muy bajo,Muy bajo,Muy bajo,Muy bajo,Muy bajo
Sant Llorenç de Morunys (Lleida),Muy bajo,Muy bajo,Muy bajo,Muy bajo,Muy bajo,Bajo,Bajo
Sant Llorenç de la Muga (Girona),Muy bajo,Muy bajo,Muy bajo,Muy bajo,Muy bajo,Muy bajo,Muy bajo
Sant Llorenç des Cardassar (Baleares),Muy bajo,Muy bajo,Bajo,Muy bajo,Muy bajo,Muy bajo,Muy bajo
Sant Lluís (Baleares),Bajo,Bajo,Alto,Bajo,Moderado,Alto,Moderado
Sant Martí Sarroca (Barcelona),Muy bajo,Muy bajo,Muy bajo,Muy bajo,Muy bajo,Muy bajo,Muy bajo
Sant Martí Sesgueioles (Barcelona),Muy bajo,Muy bajo,Muy bajo,Muy bajo,Muy bajo,Muy bajo,Muy bajo
Sant Martí Vell (Girona),Muy bajo,Muy bajo,Muy bajo,Muy bajo,Muy bajo,Muy bajo,Muy bajo
Sant Martí d'Albars (Barcelona),Muy bajo,Muy bajo,Muy bajo,Muy bajo,Muy bajo,Muy bajo,Bajo
Sant Martí de Centelles (Barcelona),Muy bajo,Muy bajo,Muy bajo,Muy bajo,Muy bajo,Muy bajo,Bajo
Sant Martí de Llémena (Girona),Muy bajo,Muy bajo,Muy bajo,Muy bajo,Muy bajo,Muy bajo,Muy bajo
Sant Martí de Riucorb (Lleida),Muy bajo,Muy bajo,Muy bajo,Muy bajo,Muy bajo,Muy bajo,Muy bajo
Sant Martí de Tous (Barcelona),Muy bajo,Muy bajo,Muy bajo,Muy bajo,Muy bajo,Muy bajo,Muy bajo
Sant Mateu (Castellón),Muy bajo,Muy bajo,Muy bajo,Muy bajo,Muy bajo,Muy bajo,Muy bajo
Sant Mateu de Bages (Barcelona),Muy bajo,Muy bajo,Muy bajo,Muy bajo,Muy bajo,Muy bajo,Bajo
Sant Miquel de Campmajor (Girona),Muy bajo,Muy bajo,Muy bajo,Muy bajo,Muy bajo,Muy bajo,Muy bajo
Sant Miquel de Fluvià (Girona),Muy bajo,Muy bajo,Muy bajo,Muy bajo,Muy bajo,Muy bajo,Muy bajo
Sant Mori (Girona),Muy bajo,Muy bajo,Muy bajo,Muy bajo,Muy bajo,Muy bajo,Muy bajo
Sant Pau de Segúries (Girona),Muy bajo,Muy bajo,Muy bajo,Muy bajo,Muy bajo,Muy bajo,Bajo
Sant Pere Pescador (Girona),Muy bajo,Muy bajo,Muy bajo,Muy bajo,Muy bajo,Muy bajo,Muy bajo
Sant Pere Sallavinera (Barcelona),Muy bajo,Muy bajo,Muy bajo,Muy bajo,Muy bajo,Muy bajo,Bajo
Sant Pere de Ribes (Barcelona),Muy bajo,Muy bajo,Muy bajo,Muy bajo,Muy bajo,Muy bajo,Muy bajo
Sant Pere de Riudebitlles (Barcelona),Muy bajo,Muy bajo,Muy bajo,Muy bajo,Muy bajo,Muy bajo,Muy bajo
Sant Pere de Torelló (Barcelona),Muy bajo,Muy bajo,Muy bajo,Muy bajo,Muy bajo,Muy bajo,Bajo
Sant Pere de Vilamajor (Barcelona),Muy bajo,Muy bajo,Muy bajo,Muy bajo,Muy bajo,Muy bajo,Muy bajo
Sant Pol de Mar (Barcelona),Muy bajo,Muy bajo,Muy bajo,Muy bajo,Muy bajo,Muy bajo,Muy bajo
Sant Quintí de Mediona (Barcelona),Muy bajo,Muy bajo,Muy bajo,Muy bajo,Muy bajo,Muy bajo,Muy bajo
Sant Quirze Safaja (Barcelona),Muy bajo,Muy bajo,Muy bajo,Muy bajo,Muy bajo,Muy bajo,Bajo
Sant Quirze de Besora (Barcelona),Muy bajo,Muy bajo,Muy bajo,Muy bajo,Muy bajo,Muy bajo,Bajo
Sant Quirze del Vallès (Barcelona),Muy bajo,Muy bajo,Muy bajo,Muy bajo,Muy bajo,Muy bajo,Muy bajo
Sant Ramon (Lleida),Muy bajo,Muy bajo,Muy bajo,Muy bajo,Muy bajo,Muy bajo,Muy bajo
Sant Sadurní d'Anoia (Barcelona),Muy bajo,Muy bajo,Muy bajo,Muy bajo,Muy bajo,Muy bajo,Muy bajo
Sant Sadurní d'Osormort (Barcelona),Muy bajo,Muy bajo,Muy bajo,Muy bajo,Muy bajo,Muy bajo,Bajo
Sant Salvador de Guardiola (Barcelona),Muy bajo,Muy bajo,Muy bajo,Muy bajo,Muy bajo,Muy bajo,Muy bajo
Sant Vicent del Raspeig/San Vicente del Raspeig (Alicante),Muy bajo,Muy bajo,Muy bajo,Muy bajo,Muy bajo,Muy bajo,Muy bajo
Sant Vicenç de Castellet (Barcelona),Muy bajo,Muy bajo,Muy bajo,Muy bajo,Muy bajo,Muy bajo,Muy bajo
Sant Vicenç de Montalt (Barcelona),Muy bajo,Muy bajo,Muy bajo,Muy bajo,Muy bajo,Muy bajo,Muy bajo
Sant Vicenç de Torelló (Barcelona),Muy bajo,Muy bajo,Muy bajo,Muy bajo,Muy bajo,Muy bajo,Bajo
Sant Vicenç dels Horts (Barcelona),Muy bajo,Muy bajo,Muy bajo,Muy bajo,Muy bajo,Muy bajo,Muy bajo
Santa Amalia (Badajoz),Muy bajo,Muy bajo,Muy bajo,Muy bajo,Muy bajo,Muy bajo,Muy bajo
Santa Ana (Cáceres),Muy bajo,Muy bajo,Muy bajo,Muy bajo,Muy bajo,Muy bajo,Muy bajo
Santa Ana de Pusa (Toledo),Muy bajo,Muy bajo,Muy bajo,Muy bajo,Muy bajo,Muy bajo,Muy bajo
Santa Ana la Real (Huelva),Muy bajo,Muy bajo,Muy bajo,Muy bajo,Bajo,Bajo,Bajo
Santa Brígida (Las Palmas),Muy bajo,Muy bajo,Muy bajo,Muy bajo,Muy bajo,Muy bajo,Muy bajo
Santa Bàrbara (Tarragona),Muy bajo,Muy bajo,Muy bajo,Muy bajo,Muy bajo,Muy bajo,Muy bajo
Santa Bárbara de Casa (Huelva),Bajo,Muy bajo,Muy bajo,Muy bajo,Bajo,Bajo,Bajo
Santa Cecilia (Burgos),Bajo,Bajo,Muy bajo,Bajo,Bajo,Bajo,Bajo
Santa Cecilia del Alcor (Palencia),Muy bajo,Muy bajo,Bajo,Muy bajo,Bajo,Bajo,Bajo
Santa Cecília de Voltregà (Barcelona),Muy bajo,Muy bajo,Muy bajo,Muy bajo,Muy bajo,Muy bajo,Bajo
Santa Cilia (Huesca),Muy bajo,Bajo,Muy bajo,Muy bajo,Muy bajo,Bajo,Bajo
Santa Clara de Avedillo (Zamora),Muy bajo,Muy bajo,Muy bajo,Muy bajo,Muy bajo,Muy bajo,Bajo
Santa Coloma (La Rioja),Bajo,Bajo,Muy bajo,Muy bajo,Muy bajo,Muy bajo,Bajo
Santa Coloma de Cervelló (Barcelona),Muy bajo,Muy bajo,Muy bajo,Muy bajo,Muy bajo,Muy bajo,Muy bajo
Santa Coloma de Farners (Girona),Muy bajo,Muy bajo,Muy bajo,Muy bajo,Muy bajo,Muy bajo,Muy bajo
Santa Coloma de Gramenet (Barcelona),Muy bajo,Muy bajo,Muy bajo,Muy bajo,Muy bajo,Muy bajo,Muy bajo
Santa Coloma de Queralt (Tarragona),Muy bajo,Muy bajo,Muy bajo,Muy bajo,Muy bajo,Muy bajo,Muy bajo
Santa Colomba de Curueño (León),Muy bajo,Muy bajo,Muy bajo,Muy bajo,Muy bajo,Muy bajo,Bajo
Santa Colomba de Somoza (León),Muy bajo,Muy bajo,Muy bajo,Muy bajo,Muy bajo,Bajo,Bajo
Santa Colomba de las Monjas (Zamora),Muy bajo,Muy bajo,Muy bajo,Bajo,Muy bajo,Bajo,Bajo
Santa Comba (A Coruña),Bajo,Muy bajo,Muy bajo,Muy bajo,Muy bajo,Bajo,Bajo
Santa Cristina d'Aro (Girona),Muy bajo,Muy bajo,Muy bajo,Muy bajo,Muy bajo,Muy bajo,Muy bajo
Santa Cristina de Valmadrigal (León),Muy bajo,Muy bajo,Muy bajo,Bajo,Muy bajo,Bajo,Bajo
Santa Cristina de la Polvorosa (Zamora),Muy bajo,Bajo,Muy bajo,Bajo,Bajo,Bajo,Bajo
Santa Croya de Tera (Zamora),Muy bajo,Muy bajo,Muy bajo,Muy bajo,Muy bajo,Bajo,Bajo
Santa Cruz de Bezana (Cantabria),Muy bajo,Muy bajo,Muy bajo,Muy bajo,Muy bajo,Bajo,Bajo
Santa Cruz de Boedo (Palencia),Muy bajo,Bajo,Muy bajo,Muy bajo,Muy bajo,Bajo,Bajo
Santa Cruz de Grío (Zaragoza),Muy bajo,Muy bajo,Muy bajo,Muy bajo,Muy bajo,Muy bajo,Muy bajo
Santa Cruz de Marchena (Almería),Muy bajo,Muy bajo,Muy bajo,Muy bajo,Muy bajo,Muy bajo,Muy bajo
Santa Cruz de Moncayo (Zaragoza),Muy bajo,Muy bajo,Muy bajo,Muy bajo,Muy bajo,Bajo,Bajo
Santa Cruz de Moya (Cuenca),Muy bajo,Muy bajo,Muy bajo,Muy bajo,Muy bajo,Muy bajo,Muy bajo
Santa Cruz de Mudela (Ciudad Real),Muy bajo,Muy bajo,Muy bajo,Bajo,Bajo,Bajo,Bajo
Santa Cruz de Nogueras (Teruel),Muy bajo,Muy bajo,Muy bajo,Muy bajo,Muy bajo,Muy bajo,Muy bajo
Santa Cruz de Paniagua (Cáceres),Muy bajo,Muy bajo,Muy bajo,Muy bajo,Muy bajo,Muy bajo,Bajo
Santa Cruz de Pinares (Ávila),Muy bajo,Muy bajo,Muy bajo,Bajo,Bajo,Bajo,Bajo
Santa Cruz de Tenerife (Tenerife),Bajo,Bajo,Muy bajo,Muy bajo,Muy bajo,Muy bajo,Muy bajo
Santa Cruz de Yanguas (Soria),Bajo,Bajo,Muy bajo,Muy bajo,Muy bajo,Muy bajo,Bajo
Santa Cruz de la Palma (Tenerife),Muy bajo,Muy bajo,Muy bajo,Muy bajo,Muy bajo,Muy bajo,Muy bajo
Santa Cruz de la Salceda (Burgos),Muy bajo,Muy bajo,Muy bajo,Muy bajo,Muy bajo,Muy bajo,Bajo
Santa Cruz de la Serós (Huesca),Muy bajo,Muy bajo,Muy bajo,Muy bajo,Muy bajo,Bajo,Bajo
Santa Cruz de la Sierra (Cáceres),Muy bajo,Muy bajo,Muy bajo,Muy bajo,Muy bajo,Bajo,Bajo
Santa Cruz de la Zarza (Toledo),Muy bajo,Muy bajo,Muy bajo,Muy bajo,Muy bajo,Muy bajo,Muy bajo
Santa Cruz de los Cáñamos (Ciudad Real),Muy bajo,Muy bajo,Muy bajo,Muy bajo,Bajo,Bajo,Bajo
Santa Cruz del Comercio (Granada),Moderado,Muy bajo,Muy bajo,Muy bajo,Muy bajo,Muy bajo,Muy bajo
Santa Cruz del Retamar (Toledo),Muy bajo,Muy bajo,Muy bajo,Muy bajo,Muy bajo,Muy bajo,Muy bajo
Santa Cruz del Valle (Ávila),Muy bajo,Muy bajo,Muy bajo,Muy bajo,Muy bajo,Muy bajo,Muy bajo
Santa Cruz del Valle Urbión (Burgos),Bajo,Bajo,Bajo,Muy bajo,Muy bajo,Muy bajo,Bajo
Santa Elena (Jaén),Muy bajo,Muy bajo,Muy bajo,Muy bajo,Muy bajo,Muy bajo,Muy bajo
Santa Elena de Jamuz (León),Muy bajo,Bajo,Muy bajo,Muy bajo,Muy bajo,Bajo,Bajo
Santa Engracia del Jubera (La Rioja),Bajo,Bajo,Muy bajo,Muy bajo,Muy bajo,Bajo,Bajo
Santa Eufemia (Córdoba),Muy bajo,Muy bajo,Muy bajo,Muy bajo,Muy bajo,Muy bajo,Muy bajo
Santa Eufemia del Arroyo (Valladolid),Muy bajo,Muy bajo,Muy bajo,Bajo,Bajo,Bajo,Bajo
Santa Eufemia del Barco (Zamora),Muy bajo,Muy bajo,Muy bajo,Muy bajo,Muy bajo,Bajo,Bajo
Santa Eugènia (Baleares),Muy bajo,Muy bajo,Muy bajo,Muy bajo,Muy bajo,Muy bajo,Muy bajo
Santa Eugènia de Berga (Barcelona),Muy bajo,Muy bajo,Muy bajo,Muy bajo,Muy bajo,Muy bajo,Bajo
Santa Eulalia (Teruel),Muy bajo,Muy bajo,Muy bajo,Muy bajo,Muy bajo,Muy bajo,Muy bajo
Santa Eulalia Bajera (La Rioja),Muy bajo,Bajo,Muy bajo,Muy bajo,Muy bajo,Bajo,Bajo
Santa Eulalia de Gállego (Zaragoza),Muy bajo,Muy bajo,Muy bajo,Muy bajo,Muy bajo,Muy bajo,Muy bajo
Santa Eulalia de Oscos (Asturias),Muy bajo,Muy bajo,Muy bajo,Muy bajo,Muy bajo,Muy bajo,Bajo
Santa Eulàlia de Riuprimer (Barcelona),Muy bajo,Muy bajo,Muy bajo,Muy bajo,Muy bajo,Muy bajo,Bajo
Santa Eulàlia de Ronçana (Barcelona),Muy bajo,Muy bajo,Muy bajo,Muy bajo,Muy bajo,Muy bajo,Muy bajo
Santa Eulària des Riu (Baleares),Muy bajo,Muy bajo,Muy bajo,Muy bajo,Muy bajo,Muy bajo,Muy bajo
Santa Fe (Granada),Bajo,Muy bajo,Muy bajo,Muy bajo,Muy bajo,Muy bajo,Muy bajo
Santa Fe de Mondújar (Almería),Muy bajo,Muy bajo,Muy bajo,Muy bajo,Muy bajo,Muy bajo,Muy bajo
Santa Fe del Penedès (Barcelona),Muy bajo,Muy bajo,Muy bajo,Muy bajo,Muy bajo,Muy bajo,Muy bajo
Santa Gadea del Cid (Burgos),Muy bajo,Bajo,Muy bajo,Muy bajo,Muy bajo,Bajo,Bajo
Santa Inés (Burgos),Bajo,Bajo,Muy bajo,Bajo,Bajo,Bajo,Bajo
Santa Llogaia d'Àlguema (Girona),Muy bajo,Muy bajo,Muy bajo,Muy bajo,Muy bajo,Muy bajo,Muy bajo
Santa Lucía de Tirajana (Las Palmas),Bajo,Bajo,Muy bajo,Muy bajo,Muy bajo,Muy bajo,Muy bajo
Santa Magdalena de Pulpis (Castellón),Muy bajo,Muy bajo,Muy bajo,Muy bajo,Muy bajo,Muy bajo,Muy bajo
Santa Margalida (Baleares),Muy bajo,Muy bajo,Bajo,Muy bajo,Muy bajo,Muy bajo,Muy bajo
Santa Margarida de Montbui (Barcelona),Muy bajo,Muy bajo,Muy bajo,Muy bajo,Muy bajo,Muy bajo,Muy bajo
Santa Margarida i els Monjos (Barcelona),Muy bajo,Muy bajo,Muy bajo,Muy bajo,Muy bajo,Muy bajo,Muy bajo
Santa Maria d'Oló (Barcelona),Muy bajo,Muy bajo,Muy bajo,Muy bajo,Muy bajo,Muy bajo,Bajo
Santa Maria de Besora (Barcelona),Muy bajo,Muy bajo,Muy bajo,Muy bajo,Muy bajo,Muy bajo,Bajo
Santa Maria de Martorelles (Barcelona),Muy bajo,Muy bajo,Muy bajo,Muy bajo,Muy bajo,Muy bajo,Muy bajo
Santa Maria de Merlès (Barcelona),Muy bajo,Muy bajo,Muy bajo,Muy bajo,Muy bajo,Muy bajo,Bajo
Santa Maria de Miralles (Barcelona),Muy bajo,Muy bajo,Muy bajo,Muy bajo,Muy bajo,Muy bajo,Muy bajo
Santa Maria de Palautordera (Barcelona),Muy bajo,Muy bajo,Muy bajo,Muy bajo,Muy bajo,Muy bajo,Muy bajo
Santa Marina del Rey (León),Muy bajo,Muy bajo,Muy bajo,Muy bajo,Muy bajo,Muy bajo,Bajo
Santa Marta (Badajoz),Muy bajo,Muy bajo,Muy bajo,Muy bajo,Muy bajo,Muy bajo,Muy bajo
Santa Marta de Magasca (Cáceres),Muy bajo,Muy bajo,Muy bajo,Muy bajo,Muy bajo,Muy bajo,Muy bajo
Santa Marta de Tormes (Salamanca),Muy bajo,Muy bajo,Muy bajo,Muy bajo,Muy bajo,Muy bajo,Muy bajo
Santa Marta del Cerro (Segovia),Bajo,Muy bajo,Muy bajo,Muy bajo,Muy bajo,Bajo,Bajo
Santa María Ribarredonda (Burgos),Muy bajo,Bajo,Bajo,Muy bajo,Muy bajo,Bajo,Bajo
Santa María de Cayón (Cantabria),Muy bajo,Muy bajo,Muy bajo,Muy bajo,Muy bajo,Muy bajo,Bajo
Santa María de Dulcis (Huesca),Bajo,Muy bajo,Muy bajo,Muy bajo,Muy bajo,Bajo,Bajo
Santa María de Guía de Gran Canaria (Las Palmas),Bajo,Muy bajo,Muy bajo,Muy bajo,Muy bajo,Muy bajo,Muy bajo
Santa María de Huerta (Soria),Muy bajo,Muy bajo,Muy bajo,Muy bajo,Muy bajo,Muy bajo,Muy bajo
Santa María de Ordás (León),Muy bajo,Muy bajo,Muy bajo,Muy bajo,Muy bajo,Muy bajo,Bajo
Santa María de Sando (Salamanca),Muy bajo,Muy bajo,Muy bajo,Muy bajo,Bajo,Bajo,Bajo
Santa María de Valverde (Zamora),Muy bajo,Bajo,Muy bajo,Muy bajo,Muy bajo,Bajo,Bajo
Santa María de la Alameda (Madrid),Muy bajo,Muy bajo,Muy bajo,Muy bajo,Muy bajo,Bajo,Bajo
Santa María de la Isla (León),Muy bajo,Bajo,Muy bajo,Muy bajo,Muy bajo,Bajo,Bajo
Santa María de la Vega (Zamora),Muy bajo,Bajo,Muy bajo,Bajo,Bajo,Bajo,Bajo
Santa María de las Hoyas (Soria),Muy bajo,Bajo,Muy bajo,Muy bajo,Muy bajo,Bajo,Bajo
Santa María de los Caballeros (Ávila),Muy bajo,Muy bajo,Muy bajo,Muy bajo,Bajo,Bajo,Bajo
Santa María de los Llanos (Cuenca),Muy bajo,Muy bajo,Muy bajo,Muy bajo,Muy bajo,Muy bajo,Muy bajo
Santa María del Arroyo (Ávila),Muy bajo,Muy bajo,Muy bajo,Muy bajo,Muy bajo,Bajo,Bajo
Santa María del Berrocal (Ávila),Muy bajo,Muy bajo,Muy bajo,Muy bajo,Bajo,Bajo,Bajo
Santa María del Campo (Burgos),Bajo,Bajo,Bajo,Bajo,Bajo,Bajo,Moderado
Santa María del Campo Rus (Cuenca),Muy bajo,Muy bajo,Muy bajo,Muy bajo,Muy bajo,Bajo,Bajo
Santa María del Camí (Baleares),Muy bajo,Muy bajo,Muy bajo,Muy bajo,Muy bajo,Muy bajo,Muy bajo
Santa María del Cubillo (Ávila),Bajo,Muy bajo,Muy bajo,Bajo,Bajo,Bajo,Bajo
Santa María del Invierno (Burgos),Muy bajo,Bajo,Bajo,Muy bajo,Muy bajo,Bajo,Moderado
Santa María del Mercadillo (Burgos),Bajo,Bajo,Muy bajo,Bajo,Bajo,Bajo,Bajo
Santa María del Monte de Cea (León),Muy bajo,Muy bajo,Muy bajo,Muy bajo,Muy bajo,Bajo,Bajo
Santa María del Páramo (León),Muy bajo,Muy bajo,Muy bajo,Muy bajo,Muy bajo,Muy bajo,Bajo
Santa María del Tiétar (Ávila),Muy bajo,Muy bajo,Muy bajo,Muy bajo,Muy bajo,Bajo,Bajo
Santa María del Val (Cuenca),Muy bajo,Muy bajo,Muy bajo,Muy bajo,Muy bajo,Bajo,Bajo
Santa María la Real de Nieva (Segovia),Muy bajo,Muy bajo,Muy bajo,Muy bajo,Muy bajo,Bajo,Bajo
Santa Olalla (Toledo),Muy bajo,Muy bajo,Muy bajo,Muy bajo,Muy bajo,Muy bajo,Muy bajo
Santa Olalla de Bureba (Burgos),Muy bajo,Bajo,Bajo,Muy bajo,Muy bajo,Bajo,Moderado
Santa Olalla del Cala (Huelva),Muy bajo,Muy bajo,Muy bajo,Muy bajo,Bajo,Bajo,Bajo
Santa Oliva (Tarragona),Muy bajo,Muy bajo,Muy bajo,Muy bajo,Muy bajo,Muy bajo,Muy bajo
Santa Pau (Girona),Muy bajo,Muy bajo,Muy bajo,Muy bajo,Muy bajo,Muy bajo,Muy bajo
Santa Perpètua de Mogoda (Barcelona),Muy bajo,Muy bajo,Muy bajo,Muy bajo,Muy bajo,Muy bajo,Muy bajo
Santa Pola (Alicante),Muy bajo,Muy bajo,Muy bajo,Muy bajo,Muy bajo,Muy bajo,Muy bajo
Santa Susanna (Barcelona),Muy bajo,Muy bajo,Muy bajo,Muy bajo,Muy bajo,Muy bajo,Muy bajo
Santa Úrsula (Tenerife),Muy bajo,Muy bajo,Muy bajo,Muy bajo,Muy bajo,Muy bajo,Muy bajo
Santacara (Navarra),Muy bajo,Muy bajo,Muy bajo,Muy bajo,Muy bajo,Muy bajo,Bajo
Santaella (Córdoba),Muy bajo,Muy bajo,Muy bajo,Muy bajo,Muy bajo,Muy bajo,Muy bajo
Santaliestra y San Quílez (Huesca),Muy bajo,Muy bajo,Muy bajo,Muy bajo,Muy bajo,Bajo,Bajo
Santander (Cantabria),Muy bajo,Muy bajo,Muy bajo,Muy bajo,Muy bajo,Muy bajo,Muy bajo
Santanyí (Baleares),Moderado,Bajo,Moderado,Muy bajo,Muy bajo,Muy bajo,Bajo
Santas Martas (León),Muy bajo,Muy bajo,Muy bajo,Muy bajo,Muy bajo,Muy bajo,Bajo
Santed (Zaragoza),Muy bajo,Muy bajo,Muy bajo,Muy bajo,Muy bajo,Muy bajo,Muy bajo
Santervás de Campos (Valladolid),Muy bajo,Bajo,Muy bajo,Muy bajo,Bajo,Bajo,Bajo
Santervás de la Vega (Palencia),Muy bajo,Muy bajo,Muy bajo,Muy bajo,Muy bajo,Bajo,Bajo
Santiago Millas (León),Bajo,Bajo,Muy bajo,Muy bajo,Muy bajo,Bajo,Bajo
Santiago de Alcántara (Cáceres),Muy bajo,Muy bajo,Muy bajo,Muy bajo,Bajo,Bajo,Bajo
Santiago de Calatrava (Jaén),Muy bajo,Muy bajo,Muy bajo,Muy bajo,Muy bajo,Muy bajo,Muy bajo
Santiago de Compostela (A Coruña),Bajo,Muy bajo,Muy bajo,Bajo,Bajo,Bajo,Bajo
Santiago de la Puebla (Salamanca),Muy bajo,Muy bajo,Muy bajo,Muy bajo,Muy bajo,Muy bajo,Bajo
Santiago del Campo (Cáceres),Muy bajo,Muy bajo,Muy bajo,Muy bajo,Muy bajo,Muy bajo,Muy bajo
Santiago del Collado (Ávila),Muy bajo,Muy bajo,Muy bajo,Muy bajo,Bajo,Bajo,Bajo
Santiago del Teide (Tenerife),Bajo,Bajo,Muy bajo,Muy bajo,Muy bajo,Muy bajo,Muy bajo
Santiago del Tormes (Ávila),Muy bajo,Muy bajo,Muy bajo,Muy bajo,Bajo,Bajo,Bajo
Santiago-Pontones (Jaén),Muy bajo,Muy bajo,Muy bajo,Muy bajo,Muy bajo,Muy bajo,Muy bajo
Santibáñez de Béjar (Salamanca),Muy bajo,Muy bajo,Muy bajo,Muy bajo,Bajo,Bajo,Bajo
Santibáñez de Ecla (Palencia),Muy bajo,Bajo,Muy bajo,Muy bajo,Muy bajo,Bajo,Bajo
Santibáñez de Esgueva (Burgos),Bajo,Bajo,Muy bajo,Bajo,Bajo,Bajo,Bajo
Santibáñez de Tera (Zamora),Muy bajo,Bajo,Muy bajo,Muy bajo,Muy bajo,Bajo,Bajo
Santibáñez de Valcorba (Valladolid),Muy bajo,Muy bajo,Muy bajo,Muy bajo,Muy bajo,Muy bajo,Bajo
Santibáñez de Vidriales (Zamora),Muy bajo,Muy bajo,Muy bajo,Muy bajo,Muy bajo,Bajo,Bajo
Santibáñez de la Peña (Palencia),Muy bajo,Muy bajo,Muy bajo,Muy bajo,Muy bajo,Muy bajo,Bajo
Santibáñez de la Sierra (Salamanca),Muy bajo,Muy bajo,Muy bajo,Muy bajo,Bajo,Bajo,Bajo
Santibáñez del Val (Burgos),Bajo,Bajo,Muy bajo,Bajo,Bajo,Bajo,Moderado
Santibáñez el Alto (Cáceres),Muy bajo,Muy bajo,Muy bajo,Muy bajo,Muy bajo,Muy bajo,Bajo
Santibáñez el Bajo (Cáceres),Muy bajo,Muy bajo,Muy bajo,Muy bajo,Muy bajo,Muy bajo,Muy bajo
Santillana del Mar (Cantabria),Muy bajo,Muy bajo,Muy bajo,Muy bajo,Muy bajo,Bajo,Bajo
Santiponce (Sevilla),Muy bajo,Muy bajo,Muy bajo,Bajo,Moderado,Bajo,Bajo
Santiso (A Coruña),Moderado,Muy bajo,Muy bajo,Bajo,Bajo,Bajo,Moderado
Santisteban del Puerto (Jaén),Muy bajo,Muy bajo,Muy bajo,Muy bajo,Muy bajo,Muy bajo,Muy bajo
Santiurde de Reinosa (Cantabria),Bajo,Bajo,Muy bajo,Muy bajo,Muy bajo,Muy bajo,Bajo
Santiurde de Toranzo (Cantabria),Muy bajo,Bajo,Muy bajo,Muy bajo,Muy bajo,Muy bajo,Bajo
Santiuste (Guadalajara),Muy bajo,Muy bajo,Muy bajo,Muy bajo,Muy bajo,Muy bajo,Muy bajo
Santiuste de Pedraza (Segovia),Muy bajo,Muy bajo,Muy bajo,Muy bajo,Muy bajo,Bajo,Bajo
Santiuste de San Juan Bautista (Segovia),Muy bajo,Muy bajo,Muy bajo,Muy bajo,Muy bajo,Muy bajo,Bajo
Santiz (Salamanca),Muy bajo,Muy bajo,Muy bajo,Muy bajo,Muy bajo,Bajo,Bajo
Santo Adriano (Asturias),Muy bajo,Muy bajo,Muy bajo,Muy bajo,Muy bajo,Bajo,Bajo
Santo Domingo de Pirón (Segovia),Muy bajo,Muy bajo,Muy bajo,Muy bajo,Muy bajo,Bajo,Bajo
Santo Domingo de Silos (Burgos),Bajo,Bajo,Muy bajo,Bajo,Bajo,Bajo,Moderado
Santo Domingo de la Calzada (La Rioja),Muy bajo,Bajo,Muy bajo,Muy bajo,Muy bajo,Muy bajo,Bajo
Santo Domingo de las Posadas (Ávila),Bajo,Muy bajo,Muy bajo,Muy bajo,Muy bajo,Bajo,Bajo
Santo Domingo-Caudilla (Toledo),Muy bajo,Muy bajo,Muy bajo,Muy bajo,Muy bajo,Muy bajo,Muy bajo
Santo Tomé (Jaén),Muy bajo,Muy bajo,Muy bajo,Muy bajo,Muy bajo,Bajo,Bajo
Santo Tomé de Zabarcos (Ávila),Muy bajo,Muy bajo,Muy bajo,Muy bajo,Muy bajo,Bajo,Bajo
Santo Tomé del Puerto (Segovia),Bajo,Muy bajo,Muy bajo,Muy bajo,Muy bajo,Bajo,Bajo
Santomera (Murcia),Muy bajo,Muy bajo,Muy bajo,Muy bajo,Muy bajo,Muy bajo,Muy bajo
Santorcaz (Madrid),Muy bajo,Muy bajo,Muy bajo,Muy bajo,Muy bajo,Muy bajo,Muy bajo
Santovenia (Zamora),Muy bajo,Muy bajo,Muy bajo,Bajo,Bajo,Bajo,Bajo
Santovenia de Pisuerga (Valladolid),Muy bajo,Muy bajo,Muy bajo,Muy bajo,Muy bajo,Bajo,Bajo
Santovenia de la Valdoncina (León),Muy bajo,Muy bajo,Muy bajo,Muy bajo,Muy bajo,Muy bajo,Bajo
Santoyo (Palencia),Muy bajo,Bajo,Bajo,Muy bajo,Bajo,Bajo,Moderado
Santoña (Cantabria),Muy bajo,Muy bajo,Muy bajo,Muy bajo,Muy bajo,Muy bajo,Muy bajo
Santpedor (Barcelona),Muy bajo,Muy bajo,Muy bajo,Muy bajo,Muy bajo,Muy bajo,Muy bajo
Santurde de Rioja (La Rioja),Muy bajo,Muy bajo,Muy bajo,Muy bajo,Muy bajo,Muy bajo,Bajo
Santurdejo (La Rioja),Muy bajo,Muy bajo,Muy bajo,Muy bajo,Muy bajo,Muy bajo,Bajo
Santurtzi (Vizcaya),Muy bajo,Bajo,Muy bajo,Muy bajo,Muy bajo,Muy bajo,Bajo
Sanxenxo (Pontevedra),Muy bajo,Muy bajo,Muy bajo,Muy bajo,Muy bajo,Muy bajo,Muy bajo
Sanzoles (Zamora),Muy bajo,Muy bajo,Muy bajo,Muy bajo,Muy bajo,Muy bajo,Muy bajo
Sardón de Duero (Valladolid),Muy bajo,Muy bajo,Muy bajo,Muy bajo,Muy bajo,Muy bajo,Bajo
Sardón de los Frailes (Salamanca),Muy bajo,Muy bajo,Muy bajo,Muy bajo,Muy bajo,Bajo,Bajo
Sargentes de la Lora (Burgos),Muy bajo,Bajo,Muy bajo,Muy bajo,Muy bajo,Muy bajo,Bajo
Sariego (Asturias),Muy bajo,Bajo,Muy bajo,Muy bajo,Muy bajo,Bajo,Bajo
Sariegos (León),Muy bajo,Muy bajo,Muy bajo,Muy bajo,Muy bajo,Muy bajo,Bajo
Sariñena (Huesca),Muy bajo,Muy bajo,Muy bajo,Bajo,Muy bajo,Muy bajo,Bajo
Saro (Cantabria),Muy bajo,Bajo,Muy bajo,Muy bajo,Muy bajo,Bajo,Bajo
Sarracín (Burgos),Bajo,Bajo,Bajo,Muy bajo,Bajo,Bajo,Bajo
Sarral (Tarragona),Muy bajo,Muy bajo,Muy bajo,Muy bajo,Muy bajo,Muy bajo,Muy bajo
Sarreaus (Ourense),Bajo,Muy bajo,Muy bajo,Muy bajo,Muy bajo,Bajo,Bajo
Sarria (Lugo),Bajo,Muy bajo,Muy bajo,Muy bajo,Muy bajo,Bajo,Bajo
Sarrià de Ter (Girona),Muy bajo,Muy bajo,Muy bajo,Muy bajo,Muy bajo,Muy bajo,Muy bajo
Sarriés/Sartze (Navarra),Muy bajo,Muy bajo,Muy bajo,Muy bajo,Muy bajo,Muy bajo,Bajo
Sarrión (Teruel),Muy bajo,Muy bajo,Muy bajo,Muy bajo,Muy bajo,Muy bajo,Muy bajo
Sarroca de Bellera (Lleida),Muy bajo,Muy bajo,Muy bajo,Muy bajo,Muy bajo,Bajo,Bajo
Sarroca de Lleida (Lleida),Muy bajo,Muy bajo,Muy bajo,Muy bajo,Muy bajo,Muy bajo,Muy bajo
Sartaguda (Navarra),Bajo,Moderado,Muy bajo,Muy bajo,Bajo,Bajo,Bajo
Sartajada (Toledo),Muy bajo,Muy bajo,Muy bajo,Muy bajo,Muy bajo,Bajo,Bajo
Sasamón (Burgos),Muy bajo,Bajo,Muy bajo,Muy bajo,Bajo,Bajo,Bajo
Saucedilla (Cáceres),Muy bajo,Muy bajo,Muy bajo,Muy bajo,Muy bajo,Muy bajo,Muy bajo
Saucelle (Salamanca),Bajo,Muy bajo,Muy bajo,Muy bajo,Bajo,Bajo,Bajo
Sauquillo de Cabezas (Segovia),Muy bajo,Muy bajo,Muy bajo,Muy bajo,Muy bajo,Bajo,Bajo
"Saus, Camallera i Llampaies (Girona)",Muy bajo,Muy bajo,Muy bajo,Muy bajo,Muy bajo,Muy bajo,Muy bajo
Savallà del Comtat (Tarragona),Muy bajo,Muy bajo,Muy bajo,Muy bajo,Muy bajo,Muy bajo,Muy bajo
Sax (Alicante),Muy bajo,Muy bajo,Muy bajo,Muy bajo,Muy bajo,Muy bajo,Muy bajo
Sayalonga (Málaga),Muy bajo,Muy bajo,Muy bajo,Muy bajo,Muy bajo,Muy bajo,Bajo
Sayatón (Guadalajara),Muy bajo,Muy bajo,Muy bajo,Muy bajo,Muy bajo,Muy bajo,Muy bajo
Saúca (Guadalajara),Muy bajo,Muy bajo,Muy bajo,Muy bajo,Muy bajo,Muy bajo,Muy bajo
Sebúlcor (Segovia),Muy bajo,Muy bajo,Muy bajo,Muy bajo,Muy bajo,Muy bajo,Bajo
Secastilla (Huesca),Muy bajo,Muy bajo,Muy bajo,Muy bajo,Muy bajo,Bajo,Bajo
Sedaví (Valencia),Muy bajo,Muy bajo,Muy bajo,Muy bajo,Muy bajo,Muy bajo,Muy bajo
Sedella (Málaga),Muy bajo,Muy bajo,Muy bajo,Muy bajo,Muy bajo,Muy bajo,Bajo
Sediles (Zaragoza),Muy bajo,Muy bajo,Muy bajo,Muy bajo,Muy bajo,Muy bajo,Muy bajo
Segart (Valencia),Muy bajo,Muy bajo,Muy bajo,Muy bajo,Muy bajo,Muy bajo,Muy bajo
Segorbe (Castellón),Muy bajo,Muy bajo,Muy bajo,Muy bajo,Muy bajo,Muy bajo,Muy bajo
Segovia (Segovia),Bajo,Bajo,Muy bajo,Muy bajo,Muy bajo,Bajo,Bajo
Segura (Guipúzcoa),Moderado,Alto,Muy bajo,Muy bajo,Muy bajo,Muy bajo,Bajo
Segura de León (Badajoz),Muy bajo,Muy bajo,Muy bajo,Muy bajo,Bajo,Muy bajo,Bajo
Segura de Toro (Cáceres),Muy bajo,Muy bajo,Muy bajo,Muy bajo,Muy bajo,Bajo,Bajo
Segura de la Sierra (Jaén),Muy bajo,Muy bajo,Muy bajo,Muy bajo,Muy bajo,Muy bajo,Muy bajo
Segura de los Baños (Teruel),Muy bajo,Muy bajo,Muy bajo,Muy bajo,Muy bajo,Muy bajo,Bajo
Segurilla (Toledo),Muy bajo,Muy bajo,Muy bajo,Muy bajo,Muy bajo,Bajo,Bajo
Seira (Huesca),Muy bajo,Muy bajo,Muy bajo,Muy bajo,Muy bajo,Bajo,Moderado
Selas (Guadalajara),Muy bajo,Muy bajo,Muy bajo,Muy bajo,Muy bajo,Bajo,Bajo
Selaya (Cantabria),Muy bajo,Bajo,Muy bajo,Muy bajo,Muy bajo,Muy bajo,Bajo
Sella (Alicante),Muy bajo,Muy bajo,Muy bajo,Muy bajo,Muy bajo,Muy bajo,Muy bajo
Sellent (Valencia),Muy bajo,Muy bajo,Muy bajo,Muy bajo,Muy bajo,Muy bajo,Muy bajo
Selva (Baleares),Muy bajo,Muy bajo,Muy bajo,Muy bajo,Muy bajo,Muy bajo,Muy bajo
Semillas (Guadalajara),Muy bajo,Muy bajo,Muy bajo,Muy bajo,Muy bajo,Muy bajo,Bajo
Sempere (Valencia),Muy bajo,Muy bajo,Muy bajo,Muy bajo,Muy bajo,Muy bajo,Muy bajo
Sena (Huesca),Muy bajo,Muy bajo,Muy bajo,Bajo,Bajo,Muy bajo,Bajo
Sena de Luna (León),Bajo,Muy bajo,Muy bajo,Muy bajo,Muy bajo,Muy bajo,Bajo
Senan (Tarragona),Muy bajo,Muy bajo,Muy bajo,Muy bajo,Muy bajo,Muy bajo,Muy bajo
Sencelles (Baleares),Muy bajo,Muy bajo,Muy bajo,Muy bajo,Muy bajo,Muy bajo,Muy bajo
Senija (Alicante),Muy bajo,Muy bajo,Muy bajo,Muy bajo,Muy bajo,Muy bajo,Muy bajo
Seno (Teruel),Muy bajo,Muy bajo,Muy bajo,Muy bajo,Muy bajo,Muy bajo,Muy bajo
Senterada (Lleida),Muy bajo,Muy bajo,Muy bajo,Muy bajo,Muy bajo,Bajo,Bajo
Sentmenat (Barcelona),Muy bajo,Muy bajo,Muy bajo,Muy bajo,Muy bajo,Muy bajo,Muy bajo
Senyera (Valencia),Muy bajo,Muy bajo,Muy bajo,Muy bajo,Muy bajo,Muy bajo,Muy bajo
Senés (Almería),Muy bajo,Muy bajo,Muy bajo,Muy bajo,Muy bajo,Muy bajo,Muy bajo
Senés de Alcubierre (Huesca),Muy bajo,Muy bajo,Muy bajo,Bajo,Muy bajo,Muy bajo,Bajo
Sepulcro-Hilario (Salamanca),Muy bajo,Muy bajo,Muy bajo,Muy bajo,Bajo,Bajo,Bajo
Sepúlveda (Segovia),Muy bajo,Muy bajo,Muy bajo,Muy bajo,Muy bajo,Bajo,Bajo
Sequera de Fresno (Segovia),Muy bajo,Muy bajo,Muy bajo,Muy bajo,Muy bajo,Bajo,Bajo
Sequeros (Salamanca),Muy bajo,Muy bajo,Muy bajo,Muy bajo,Bajo,Bajo,Bajo
Serinyà (Girona),Muy bajo,Muy bajo,Muy bajo,Muy bajo,Muy bajo,Muy bajo,Muy bajo
Serra (Valencia),Muy bajo,Muy bajo,Muy bajo,Muy bajo,Muy bajo,Muy bajo,Muy bajo
Serra de Daró (Girona),Muy bajo,Muy bajo,Muy bajo,Muy bajo,Muy bajo,Muy bajo,Muy bajo
Serrada (Valladolid),Muy bajo,Muy bajo,Muy bajo,Muy bajo,Bajo,Muy bajo,Bajo
Serradilla (Cáceres),Muy bajo,Muy bajo,Muy bajo,Muy bajo,Muy bajo,Muy bajo,Bajo
Serradilla del Arroyo (Salamanca),Muy bajo,Muy bajo,Muy bajo,Muy bajo,Muy bajo,Bajo,Bajo
Serradilla del Llano (Salamanca),Muy bajo,Muy bajo,Muy bajo,Muy bajo,Muy bajo,Bajo,Bajo
Serranillos (Ávila),Muy bajo,Muy bajo,Muy bajo,Muy bajo,Muy bajo,Bajo,Bajo
Serranillos del Valle (Madrid),Muy bajo,Muy bajo,Muy bajo,Muy bajo,Muy bajo,Muy bajo,Muy bajo
Serrato (Málaga),Muy bajo,Muy bajo,Muy bajo,Muy bajo,Muy bajo,Muy bajo,Bajo
Serrejón (Cáceres),Muy bajo,Muy bajo,Muy bajo,Muy bajo,Muy bajo,Bajo,Bajo
Seròs (Lleida),Muy bajo,Muy bajo,Muy bajo,Bajo,Muy bajo,Muy bajo,Muy bajo
Serón (Almería),Muy bajo,Muy bajo,Muy bajo,Muy bajo,Muy bajo,Muy bajo,Muy bajo
Serón de Nágima (Soria),Muy bajo,Muy bajo,Muy bajo,Muy bajo,Bajo,Bajo,Bajo
Sesa (Huesca),Muy bajo,Muy bajo,Muy bajo,Muy bajo,Muy bajo,Muy bajo,Bajo
Seseña (Toledo),Muy bajo,Muy bajo,Muy bajo,Muy bajo,Muy bajo,Muy bajo,Muy bajo
Sesma (Navarra),Bajo,Moderado,Muy bajo,Muy bajo,Bajo,Bajo,Bajo
Sestao (Vizcaya),Muy bajo,Muy bajo,Muy bajo,Muy bajo,Muy bajo,Muy bajo,Muy bajo
Sestrica (Zaragoza),Muy bajo,Muy bajo,Muy bajo,Muy bajo,Muy bajo,Muy bajo,Bajo
Sesué (Huesca),Muy bajo,Muy bajo,Muy bajo,Muy bajo,Bajo,Bajo,Moderado
Setcases (Girona),Muy bajo,Muy bajo,Muy bajo,Muy bajo,Bajo,Bajo,Moderado
Setenil de las Bodegas (Cádiz),Bajo,Muy bajo,Muy bajo,Muy bajo,Bajo,Bajo,Bajo
Setiles (Guadalajara),Muy bajo,Muy bajo,Muy bajo,Muy bajo,Muy bajo,Bajo,Bajo
Seva (Barcelona),Muy bajo,Muy bajo,Muy bajo,Muy bajo,Muy bajo,Muy bajo,Bajo
Sevilla (Sevilla),Muy bajo,Muy bajo,Muy bajo,Muy bajo,Muy bajo,Muy bajo,Muy bajo
Sevilla la Nueva (Madrid),Muy bajo,Muy bajo,Muy bajo,Muy bajo,Muy bajo,Muy bajo,Muy bajo
Sevilleja de la Jara (Toledo),Muy bajo,Muy bajo,Muy bajo,Muy bajo,Muy bajo,Muy bajo,Muy bajo
Sidamon (Lleida),Muy bajo,Muy bajo,Muy bajo,Muy bajo,Muy bajo,Muy bajo,Muy bajo
Sienes (Guadalajara),Muy bajo,Muy bajo,Muy bajo,Muy bajo,Muy bajo,Muy bajo,Muy bajo
Siero (Asturias),Muy bajo,Bajo,Muy bajo,Muy bajo,Muy bajo,Bajo,Bajo
Sierra Engarcerán (Castellón),Muy bajo,Muy bajo,Muy bajo,Muy bajo,Muy bajo,Muy bajo,Muy bajo
Sierra de Aralar (nan),Moderado,Alto,Muy bajo,Muy bajo,Muy bajo,Bajo,Moderado
Sierra de Fuentes (Cáceres),Muy bajo,Muy bajo,Muy bajo,Muy bajo,Muy bajo,Muy bajo,Muy bajo
Sierra de Lokiz (nan),Bajo,Bajo,Muy bajo,Muy bajo,Muy bajo,Bajo,Bajo
Sierra de Luna (Zaragoza),Muy bajo,Muy bajo,Muy bajo,Muy bajo,Muy bajo,Muy bajo,Bajo
Sierra de Yeguas (Málaga),Bajo,Muy bajo,Muy bajo,Muy bajo,Muy bajo,Bajo,Bajo
Sierro (Almería),Muy bajo,Muy bajo,Muy bajo,Muy bajo,Muy bajo,Muy bajo,Muy bajo
Siete Aguas (Valencia),Muy bajo,Muy bajo,Muy bajo,Muy bajo,Muy bajo,Muy bajo,Muy bajo
Siete Iglesias de Trabancos (Valladolid),Muy bajo,Muy bajo,Muy bajo,Muy bajo,Muy bajo,Muy bajo,Bajo
Sieteiglesias de Tormes (Salamanca),Muy bajo,Muy bajo,Muy bajo,Muy bajo,Muy bajo,Bajo,Bajo
Sigeres (Ávila),Muy bajo,Muy bajo,Muy bajo,Muy bajo,Muy bajo,Bajo,Bajo
Sigüenza (Guadalajara),Muy bajo,Muy bajo,Muy bajo,Muy bajo,Muy bajo,Muy bajo,Muy bajo
Sigüés (Zaragoza),Muy bajo,Bajo,Muy bajo,Muy bajo,Muy bajo,Muy bajo,Bajo
Siles (Jaén),Muy bajo,Muy bajo,Muy bajo,Muy bajo,Muy bajo,Muy bajo,Muy bajo
Silla (Valencia),Muy bajo,Muy bajo,Muy bajo,Muy bajo,Muy bajo,Muy bajo,Muy bajo
Silleda (Pontevedra),Moderado,Muy bajo,Muy bajo,Bajo,Bajo,Bajo,Moderado
Sils (Girona),Muy bajo,Muy bajo,Muy bajo,Muy bajo,Muy bajo,Muy bajo,Muy bajo
Simancas (Valladolid),Muy bajo,Muy bajo,Muy bajo,Muy bajo,Bajo,Bajo,Bajo
Simat de la Valldigna (Valencia),Muy bajo,Muy bajo,Muy bajo,Muy bajo,Muy bajo,Muy bajo,Muy bajo
Sinarcas (Valencia),Muy bajo,Muy bajo,Muy bajo,Muy bajo,Muy bajo,Muy bajo,Muy bajo
Sineu (Baleares),Muy bajo,Muy bajo,Bajo,Muy bajo,Muy bajo,Muy bajo,Muy bajo
Singra (Teruel),Muy bajo,Muy bajo,Muy bajo,Muy bajo,Muy bajo,Muy bajo,Bajo
Sinlabajos (Ávila),Muy bajo,Muy bajo,Muy bajo,Muy bajo,Muy bajo,Muy bajo,Bajo
Siruela (Badajoz),Muy bajo,Muy bajo,Muy bajo,Muy bajo,Bajo,Bajo,Bajo
Sisamón (Zaragoza),Muy bajo,Muy bajo,Muy bajo,Muy bajo,Muy bajo,Muy bajo,Bajo
Sisante (Cuenca),Muy bajo,Muy bajo,Muy bajo,Muy bajo,Muy bajo,Bajo,Bajo
Sitges (Barcelona),Muy bajo,Muy bajo,Muy bajo,Muy bajo,Muy bajo,Muy bajo,Muy bajo
Siurana (Girona),Muy bajo,Muy bajo,Muy bajo,Muy bajo,Muy bajo,Muy bajo,Muy bajo
Siétamo (Huesca),Muy bajo,Muy bajo,Muy bajo,Muy bajo,Muy bajo,Muy bajo,Bajo
Soba (Cantabria),Muy bajo,Bajo,Muy bajo,Muy bajo,Muy bajo,Muy bajo,Bajo
Sober (Lugo),Bajo,Muy bajo,Muy bajo,Muy bajo,Bajo,Bajo,Bajo
Sobradiel (Zaragoza),Muy bajo,Muy bajo,Muy bajo,Muy bajo,Muy bajo,Muy bajo,Muy bajo
Sobradillo (Salamanca),Bajo,Muy bajo,Muy bajo,Muy bajo,Bajo,Bajo,Bajo
Sobrado (A Coruña),Moderado,Muy bajo,Muy bajo,Bajo,Bajo,Bajo,Moderado
Sobrado (León),Bajo,Muy bajo,Muy bajo,Muy bajo,Bajo,Bajo,Bajo
Sobremunt (Barcelona),Muy bajo,Muy bajo,Muy bajo,Muy bajo,Muy bajo,Muy bajo,Bajo
Sobrescobio (Asturias),Muy bajo,Muy bajo,Muy bajo,Muy bajo,Muy bajo,Bajo,Moderado
Socovos (Albacete),Muy bajo,Muy bajo,Muy bajo,Muy bajo,Muy bajo,Muy bajo,Muy bajo
Socuéllamos (Ciudad Real),Muy bajo,Muy bajo,Muy bajo,Muy bajo,Muy bajo,Muy bajo,Muy bajo
Sojuela (La Rioja),Bajo,Bajo,Muy bajo,Muy bajo,Muy bajo,Muy bajo,Bajo
Solana de Rioalmar (Ávila),Muy bajo,Muy bajo,Muy bajo,Muy bajo,Muy bajo,Bajo,Bajo
Solana de los Barros (Badajoz),Muy bajo,Muy bajo,Muy bajo,Muy bajo,Muy bajo,Muy bajo,Muy bajo
Solana de Ávila (Ávila),Muy bajo,Muy bajo,Muy bajo,Muy bajo,Muy bajo,Bajo,Bajo
Solana del Pino (Ciudad Real),Muy bajo,Muy bajo,Muy bajo,Muy bajo,Muy bajo,Muy bajo,Bajo
Solanillos del Extremo (Guadalajara),Muy bajo,Muy bajo,Muy bajo,Muy bajo,Muy bajo,Muy bajo,Muy bajo
Solarana (Burgos),Bajo,Bajo,Muy bajo,Bajo,Bajo,Bajo,Bajo
Solera de Gabaldón (Cuenca),Muy bajo,Muy bajo,Muy bajo,Muy bajo,Muy bajo,Bajo,Muy bajo
Soliedra (Soria),Muy bajo,Muy bajo,Muy bajo,Muy bajo,Muy bajo,Bajo,Bajo
Solivella (Tarragona),Muy bajo,Muy bajo,Muy bajo,Muy bajo,Muy bajo,Muy bajo,Muy bajo
Sollana (Valencia),Muy bajo,Muy bajo,Muy bajo,Muy bajo,Muy bajo,Muy bajo,Muy bajo
Solosancho (Ávila),Muy bajo,Muy bajo,Muy bajo,Muy bajo,Bajo,Bajo,Bajo
Solsona (Lleida),Muy bajo,Muy bajo,Muy bajo,Muy bajo,Muy bajo,Muy bajo,Bajo
Solórzano (Cantabria),Muy bajo,Muy bajo,Muy bajo,Muy bajo,Muy bajo,Bajo,Bajo
Somiedo (Asturias),Muy bajo,Muy bajo,Muy bajo,Muy bajo,Muy bajo,Muy bajo,Bajo
Somolinos (Guadalajara),Muy bajo,Muy bajo,Muy bajo,Muy bajo,Muy bajo,Bajo,Bajo
Somontín (Almería),Muy bajo,Muy bajo,Muy bajo,Muy bajo,Muy bajo,Muy bajo,Muy bajo
Somosierra (Madrid),Muy bajo,Muy bajo,Muy bajo,Muy bajo,Muy bajo,Bajo,Bajo
Son Servera (Baleares),Muy bajo,Muy bajo,Bajo,Muy bajo,Muy bajo,Muy bajo,Muy bajo
Soncarazo (nan),Bajo,Moderado,Muy bajo,Bajo,Bajo,Bajo,Moderado
Sondika (Vizcaya),Muy bajo,Muy bajo,Muy bajo,Muy bajo,Muy bajo,Muy bajo,Muy bajo
Soneja (Castellón),Muy bajo,Muy bajo,Muy bajo,Muy bajo,Muy bajo,Muy bajo,Muy bajo
Sonseca (Toledo),Muy bajo,Muy bajo,Muy bajo,Muy bajo,Muy bajo,Muy bajo,Muy bajo
Sopeira (Huesca),Muy bajo,Muy bajo,Muy bajo,Muy bajo,Muy bajo,Bajo,Bajo
Sopela (Vizcaya),Muy bajo,Bajo,Muy bajo,Muy bajo,Muy bajo,Bajo,Bajo
Soportújar (Granada),Muy bajo,Muy bajo,Muy bajo,Muy bajo,Muy bajo,Muy bajo,Muy bajo
Sopuerta (Vizcaya),Muy bajo,Bajo,Muy bajo,Muy bajo,Muy bajo,Muy bajo,Bajo
Sora (Barcelona),Muy bajo,Muy bajo,Muy bajo,Muy bajo,Muy bajo,Muy bajo,Bajo
Soraluze-Placencia de las Armas (Guipúzcoa),Bajo,Moderado,Muy bajo,Muy bajo,Muy bajo,Muy bajo,Moderado
Sorbas (Almería),Muy bajo,Muy bajo,Muy bajo,Muy bajo,Muy bajo,Muy bajo,Muy bajo
Sordillos (Burgos),Muy bajo,Bajo,Muy bajo,Muy bajo,Muy bajo,Bajo,Bajo
Soria (Soria),Muy bajo,Muy bajo,Muy bajo,Muy bajo,Muy bajo,Bajo,Bajo
Soriguera (Lleida),Muy bajo,Muy bajo,Muy bajo,Muy bajo,Bajo,Bajo,Moderado
Sorihuela (Salamanca),Muy bajo,Muy bajo,Muy bajo,Muy bajo,Bajo,Bajo,Bajo
Sorihuela del Guadalimar (Jaén),Muy bajo,Muy bajo,Muy bajo,Muy bajo,Muy bajo,Muy bajo,Muy bajo
Sorlada (Navarra),Bajo,Bajo,Muy bajo,Muy bajo,Bajo,Bajo,Bajo
Sort (Lleida),Muy bajo,Muy bajo,Muy bajo,Muy bajo,Bajo,Bajo,Moderado
Sorvilán (Granada),Muy bajo,Muy bajo,Muy bajo,Muy bajo,Muy bajo,Muy bajo,Muy bajo
Sorzano (La Rioja),Bajo,Bajo,Muy bajo,Muy bajo,Muy bajo,Muy bajo,Bajo
Sos del Rey Católico (Zaragoza),Muy bajo,Muy bajo,Muy bajo,Muy bajo,Muy bajo,Muy bajo,Bajo
Soses (Lleida),Muy bajo,Muy bajo,Muy bajo,Muy bajo,Muy bajo,Muy bajo,Muy bajo
Sot de Chera (Valencia),Muy bajo,Muy bajo,Muy bajo,Muy bajo,Muy bajo,Muy bajo,Muy bajo
Sot de Ferrer (Castellón),Muy bajo,Muy bajo,Muy bajo,Muy bajo,Muy bajo,Muy bajo,Muy bajo
Sotalbo (Ávila),Muy bajo,Muy bajo,Muy bajo,Bajo,Bajo,Bajo,Bajo
Sotillo (Segovia),Bajo,Muy bajo,Muy bajo,Muy bajo,Muy bajo,Bajo,Bajo
Sotillo de la Adrada (Ávila),Muy bajo,Muy bajo,Muy bajo,Muy bajo,Muy bajo,Bajo,Bajo
Sotillo de la Ribera (Burgos),Bajo,Bajo,Muy bajo,Muy bajo,Bajo,Bajo,Bajo
Sotillo de las Palomas (Toledo),Muy bajo,Muy bajo,Muy bajo,Muy bajo,Muy bajo,Bajo,Muy bajo
Sotillo del Rincón (Soria),Muy bajo,Bajo,Muy bajo,Muy bajo,Muy bajo,Bajo,Bajo
Soto de Cerrato (Palencia),Muy bajo,Muy bajo,Muy bajo,Bajo,Bajo,Bajo,Bajo
Soto de la Vega (León),Muy bajo,Bajo,Muy bajo,Muy bajo,Muy bajo,Muy bajo,Bajo
Soto del Barco (Asturias),Muy bajo,Muy bajo,Muy bajo,Muy bajo,Muy bajo,Bajo,Bajo
Soto del Real (Madrid),Muy bajo,Muy bajo,Muy bajo,Muy bajo,Muy bajo,Muy bajo,Bajo
Soto en Cameros (La Rioja),Bajo,Bajo,Muy bajo,Muy bajo,Muy bajo,Muy bajo,Bajo
Soto y Amío (León),Muy bajo,Muy bajo,Muy bajo,Muy bajo,Muy bajo,Muy bajo,Bajo
Sotobañado y Priorato (Palencia),Muy bajo,Bajo,Muy bajo,Muy bajo,Muy bajo,Bajo,Bajo
Sotodosos (Guadalajara),Muy bajo,Muy bajo,Muy bajo,Muy bajo,Muy bajo,Bajo,Bajo
Sotorribas (Cuenca),Muy bajo,Muy bajo,Muy bajo,Muy bajo,Muy bajo,Muy bajo,Bajo
Sotosalbos (Segovia),Muy bajo,Muy bajo,Muy bajo,Muy bajo,Muy bajo,Bajo,Bajo
Sotoserrano (Salamanca),Muy bajo,Muy bajo,Muy bajo,Muy bajo,Muy bajo,Bajo,Bajo
Sotragero (Burgos),Bajo,Bajo,Bajo,Bajo,Bajo,Moderado,Moderado
Sotresgudo (Burgos),Muy bajo,Bajo,Muy bajo,Muy bajo,Muy bajo,Bajo,Bajo
Sotés (La Rioja),Bajo,Bajo,Muy bajo,Muy bajo,Muy bajo,Muy bajo,Bajo
Soutomaior (Pontevedra),Bajo,Muy bajo,Muy bajo,Bajo,Bajo,Bajo,Bajo
Suances (Cantabria),Muy bajo,Muy bajo,Muy bajo,Muy bajo,Muy bajo,Bajo,Bajo
Subirats (Barcelona),Muy bajo,Muy bajo,Muy bajo,Muy bajo,Muy bajo,Muy bajo,Muy bajo
Sudanell (Lleida),Muy bajo,Muy bajo,Muy bajo,Muy bajo,Muy bajo,Muy bajo,Muy bajo
Sueca (Valencia),Muy bajo,Muy bajo,Muy bajo,Muy bajo,Muy bajo,Muy bajo,Muy bajo
Suellacabras (Soria),Muy bajo,Muy bajo,Muy bajo,Muy bajo,Muy bajo,Bajo,Bajo
Suera/Sueras (Castellón),Muy bajo,Muy bajo,Muy bajo,Muy bajo,Muy bajo,Muy bajo,Muy bajo
Suflí (Almería),Muy bajo,Muy bajo,Muy bajo,Muy bajo,Muy bajo,Muy bajo,Muy bajo
Sukarrieta (Vizcaya),Bajo,Bajo,Muy bajo,Muy bajo,Muy bajo,Bajo,Bajo
Sumacàrcer (Valencia),Muy bajo,Muy bajo,Muy bajo,Muy bajo,Muy bajo,Muy bajo,Muy bajo
Sunbilla (Navarra),Moderado,Moderado,Muy bajo,Muy bajo,Muy bajo,Bajo,Moderado
Sunyer (Lleida),Muy bajo,Muy bajo,Muy bajo,Muy bajo,Muy bajo,Muy bajo,Muy bajo
Susinos del Páramo (Burgos),Muy bajo,Bajo,Muy bajo,Muy bajo,Bajo,Bajo,Moderado
Susqueda (Girona),Muy bajo,Muy bajo,Muy bajo,Muy bajo,Muy bajo,Muy bajo,Bajo
Sádaba (Zaragoza),Muy bajo,Muy bajo,Muy bajo,Muy bajo,Muy bajo,Muy bajo,Bajo
Sástago (Zaragoza),Muy bajo,Bajo,Muy bajo,Moderado,Bajo,Bajo,Bajo
Sóller (Baleares),Muy bajo,Muy bajo,Muy bajo,Muy bajo,Muy bajo,Muy bajo,Muy bajo
Súria (Barcelona),Muy bajo,Muy bajo,Muy bajo,Muy bajo,Muy bajo,Muy bajo,Bajo
Tabanera de Cerrato (Palencia),Bajo,Bajo,Bajo,Bajo,Bajo,Bajo,Moderado
Tabanera de Valdavia (Palencia),Muy bajo,Muy bajo,Muy bajo,Muy bajo,Muy bajo,Bajo,Bajo
Tabanera la Luenga (Segovia),Muy bajo,Muy bajo,Muy bajo,Muy bajo,Muy bajo,Bajo,Bajo
Tabera de Abajo (Salamanca),Muy bajo,Muy bajo,Muy bajo,Muy bajo,Bajo,Bajo,Bajo
Tabernas (Almería),Muy bajo,Muy bajo,Muy bajo,Muy bajo,Muy bajo,Muy bajo,Muy bajo
Taberno (Almería),Muy bajo,Muy bajo,Muy bajo,Muy bajo,Muy bajo,Muy bajo,Muy bajo
Taboada (Lugo),Bajo,Muy bajo,Muy bajo,Muy bajo,Muy bajo,Bajo,Bajo
Taboadela (Ourense),Bajo,Muy bajo,Muy bajo,Muy bajo,Bajo,Bajo,Bajo
Tabuenca (Zaragoza),Muy bajo,Muy bajo,Muy bajo,Muy bajo,Muy bajo,Muy bajo,Bajo
Tacoronte (Tenerife),Muy bajo,Muy bajo,Muy bajo,Muy bajo,Muy bajo,Muy bajo,Muy bajo
Tafalla (Navarra),Muy bajo,Bajo,Muy bajo,Muy bajo,Muy bajo,Muy bajo,Bajo
Tagamanent (Barcelona),Muy bajo,Muy bajo,Muy bajo,Muy bajo,Muy bajo,Muy bajo,Bajo
Tahal (Almería),Muy bajo,Muy bajo,Muy bajo,Muy bajo,Muy bajo,Muy bajo,Muy bajo
Tajahuerce (Soria),Muy bajo,Muy bajo,Muy bajo,Muy bajo,Bajo,Bajo,Bajo
Tajueco (Soria),Muy bajo,Muy bajo,Muy bajo,Muy bajo,Muy bajo,Muy bajo,Bajo
Talamanca (Barcelona),Muy bajo,Muy bajo,Muy bajo,Muy bajo,Muy bajo,Muy bajo,Muy bajo
Talamanca de Jarama (Madrid),Muy bajo,Muy bajo,Muy bajo,Muy bajo,Muy bajo,Muy bajo,Muy bajo
Talamantes (Zaragoza),Muy bajo,Muy bajo,Muy bajo,Muy bajo,Muy bajo,Muy bajo,Bajo
Talarn (Lleida),Muy bajo,Muy bajo,Muy bajo,Muy bajo,Muy bajo,Bajo,Bajo
Talarrubias (Badajoz),Muy bajo,Muy bajo,Muy bajo,Muy bajo,Muy bajo,Bajo,Muy bajo
Talavera (Lleida),Muy bajo,Muy bajo,Muy bajo,Muy bajo,Muy bajo,Muy bajo,Muy bajo
Talavera de la Reina (Toledo),Muy bajo,Muy bajo,Muy bajo,Muy bajo,Muy bajo,Muy bajo,Muy bajo
Talavera la Real (Badajoz),Muy bajo,Muy bajo,Muy bajo,Muy bajo,Muy bajo,Bajo,Muy bajo
Talaveruela de la Vera (Cáceres),Muy bajo,Muy bajo,Muy bajo,Muy bajo,Muy bajo,Muy bajo,Muy bajo
Talaván (Cáceres),Muy bajo,Muy bajo,Muy bajo,Muy bajo,Muy bajo,Muy bajo,Bajo
Talayuela (Cáceres),Muy bajo,Muy bajo,Muy bajo,Muy bajo,Muy bajo,Muy bajo,Bajo
Talayuelas (Cuenca),Muy bajo,Muy bajo,Muy bajo,Muy bajo,Muy bajo,Muy bajo,Muy bajo
Tales (Castellón),Muy bajo,Muy bajo,Muy bajo,Muy bajo,Muy bajo,Muy bajo,Muy bajo
Talveila (Soria),Muy bajo,Muy bajo,Muy bajo,Muy bajo,Muy bajo,Bajo,Bajo
Tamajón (Guadalajara),Muy bajo,Muy bajo,Muy bajo,Muy bajo,Muy bajo,Bajo,Bajo
Tamames (Salamanca),Muy bajo,Muy bajo,Muy bajo,Muy bajo,Bajo,Bajo,Bajo
Tamarite de Litera (Huesca),Muy bajo,Muy bajo,Muy bajo,Muy bajo,Muy bajo,Muy bajo,Muy bajo
Tamariz de Campos (Valladolid),Muy bajo,Muy bajo,Muy bajo,Muy bajo,Bajo,Bajo,Bajo
Tamarón (Burgos),Muy bajo,Bajo,Bajo,Bajo,Bajo,Bajo,Moderado
Tamurejo (Badajoz),Muy bajo,Muy bajo,Muy bajo,Muy bajo,Bajo,Bajo,Bajo
Tapia de Casariego (Asturias),Muy bajo,Muy bajo,Muy bajo,Muy bajo,Bajo,Bajo,Bajo
Tapioles (Zamora),Muy bajo,Muy bajo,Muy bajo,Bajo,Bajo,Bajo,Bajo
Taradell (Barcelona),Muy bajo,Muy bajo,Muy bajo,Muy bajo,Muy bajo,Muy bajo,Bajo
Taragudo (Guadalajara),Muy bajo,Muy bajo,Muy bajo,Muy bajo,Muy bajo,Muy bajo,Muy bajo
Taramundi (Asturias),Muy bajo,Muy bajo,Muy bajo,Muy bajo,Muy bajo,Muy bajo,Bajo
Tarancón (Cuenca),Muy bajo,Muy bajo,Muy bajo,Muy bajo,Muy bajo,Muy bajo,Muy bajo
Taravilla (Guadalajara),Muy bajo,Muy bajo,Muy bajo,Muy bajo,Muy bajo,Bajo,Bajo
Tarazona (Zaragoza),Muy bajo,Bajo,Muy bajo,Muy bajo,Muy bajo,Bajo,Bajo
Tarazona de Guareña (Salamanca),Muy bajo,Muy bajo,Muy bajo,Muy bajo,Muy bajo,Muy bajo,Bajo
Tarazona de la Mancha (Albacete),Muy bajo,Muy bajo,Muy bajo,Muy bajo,Muy bajo,Muy bajo,Muy bajo
Tardajos (Burgos),Bajo,Bajo,Bajo,Bajo,Bajo,Bajo,Moderado
Tardelcuende (Soria),Muy bajo,Muy bajo,Muy bajo,Muy bajo,Muy bajo,Bajo,Bajo
Tardienta (Huesca),Muy bajo,Muy bajo,Muy bajo,Bajo,Muy bajo,Muy bajo,Bajo
Tardáguila (Salamanca),Muy bajo,Muy bajo,Muy bajo,Muy bajo,Muy bajo,Muy bajo,Bajo
Tariego de Cerrato (Palencia),Muy bajo,Muy bajo,Muy bajo,Muy bajo,Bajo,Bajo,Bajo
Tarifa (Cádiz),Bajo,Muy bajo,Muy bajo,Muy bajo,Bajo,Moderado,Muy bajo
Taroda (Soria),Muy bajo,Muy bajo,Muy bajo,Muy bajo,Muy bajo,Bajo,Bajo
Tarragona (Tarragona),Muy bajo,Muy bajo,Muy bajo,Muy bajo,Muy bajo,Muy bajo,Muy bajo
Tarroja de Segarra (Lleida),Muy bajo,Muy bajo,Muy bajo,Muy bajo,Muy bajo,Muy bajo,Muy bajo
Tarrés (Lleida),Muy bajo,Muy bajo,Muy bajo,Muy bajo,Muy bajo,Muy bajo,Muy bajo
Tartanedo (Guadalajara),Muy bajo,Muy bajo,Muy bajo,Muy bajo,Muy bajo,Bajo,Bajo
Tauste (Zaragoza),Muy bajo,Bajo,Muy bajo,Muy bajo,Bajo,Muy bajo,Bajo
Tavernes Blanques (Valencia),Muy bajo,Muy bajo,Muy bajo,Muy bajo,Muy bajo,Muy bajo,Muy bajo
Tavernes de la Valldigna (Valencia),Muy bajo,Muy bajo,Muy bajo,Muy bajo,Muy bajo,Muy bajo,Muy bajo
Tavertet (Barcelona),Muy bajo,Muy bajo,Muy bajo,Muy bajo,Muy bajo,Muy bajo,Bajo
Tavèrnoles (Barcelona),Muy bajo,Muy bajo,Muy bajo,Muy bajo,Muy bajo,Muy bajo,Bajo
Tazacorte (Tenerife),Bajo,Bajo,Muy bajo,Muy bajo,Muy bajo,Muy bajo,Muy bajo
Teba (Málaga),Muy bajo,Muy bajo,Muy bajo,Muy bajo,Muy bajo,Muy bajo,Muy bajo
Tegueste (Tenerife),Moderado,Bajo,Muy bajo,Muy bajo,Muy bajo,Muy bajo,Muy bajo
Teguise (Las Palmas),Muy bajo,Muy bajo,Muy bajo,Muy bajo,Muy bajo,Muy bajo,Muy bajo
Teià (Barcelona),Muy bajo,Muy bajo,Muy bajo,Muy bajo,Muy bajo,Muy bajo,Muy bajo
Tejada (Burgos),Bajo,Bajo,Muy bajo,Bajo,Bajo,Bajo,Bajo
Tejadillos (Cuenca),Muy bajo,Muy bajo,Muy bajo,Muy bajo,Muy bajo,Muy bajo,Bajo
Tejado (Soria),Muy bajo,Muy bajo,Muy bajo,Muy bajo,Bajo,Bajo,Bajo
Tejeda (Las Palmas),Bajo,Muy bajo,Muy bajo,Muy bajo,Muy bajo,Muy bajo,Muy bajo
Tejeda de Tiétar (Cáceres),Muy bajo,Muy bajo,Muy bajo,Muy bajo,Muy bajo,Bajo,Bajo
Tejeda y Segoyuela (Salamanca),Muy bajo,Muy bajo,Muy bajo,Muy bajo,Bajo,Bajo,Bajo
Telde (Las Palmas),Bajo,Muy bajo,Muy bajo,Muy bajo,Muy bajo,Muy bajo,Muy bajo
Tella-Sin (Huesca),Bajo,Muy bajo,Muy bajo,Muy bajo,Muy bajo,Bajo,Moderado
Tembleque (Toledo),Muy bajo,Muy bajo,Muy bajo,Muy bajo,Muy bajo,Muy bajo,Muy bajo
Tendilla (Guadalajara),Muy bajo,Muy bajo,Muy bajo,Muy bajo,Muy bajo,Muy bajo,Muy bajo
Tenebrón (Salamanca),Muy bajo,Muy bajo,Muy bajo,Muy bajo,Bajo,Bajo,Bajo
Teo (A Coruña),Bajo,Muy bajo,Muy bajo,Bajo,Bajo,Bajo,Bajo
Teresa (Castellón),Muy bajo,Muy bajo,Muy bajo,Muy bajo,Muy bajo,Muy bajo,Muy bajo
Teresa de Cofrentes (Valencia),Muy bajo,Muy bajo,Muy bajo,Muy bajo,Muy bajo,Muy bajo,Muy bajo
Teror (Las Palmas),Muy bajo,Muy bajo,Muy bajo,Muy bajo,Muy bajo,Muy bajo,Muy bajo
Terque (Almería),Muy bajo,Muy bajo,Muy bajo,Muy bajo,Muy bajo,Muy bajo,Muy bajo
Terrades (Girona),Muy bajo,Muy bajo,Muy bajo,Muy bajo,Muy bajo,Muy bajo,Muy bajo
Terradillos (Salamanca),Muy bajo,Muy bajo,Muy bajo,Muy bajo,Muy bajo,Bajo,Bajo
Terradillos de Esgueva (Burgos),Bajo,Bajo,Muy bajo,Bajo,Bajo,Bajo,Bajo
Terrassa (Barcelona),Muy bajo,Muy bajo,Muy bajo,Muy bajo,Muy bajo,Muy bajo,Muy bajo
Terrateig (Valencia),Muy bajo,Muy bajo,Muy bajo,Muy bajo,Muy bajo,Muy bajo,Muy bajo
Terrer (Zaragoza),Muy bajo,Muy bajo,Muy bajo,Muy bajo,Muy bajo,Muy bajo,Muy bajo
Terriente (Teruel),Muy bajo,Muy bajo,Muy bajo,Muy bajo,Muy bajo,Bajo,Bajo
Terrinches (Ciudad Real),Bajo,Muy bajo,Muy bajo,Muy bajo,Bajo,Bajo,Bajo
Terroba (La Rioja),Bajo,Bajo,Muy bajo,Muy bajo,Muy bajo,Muy bajo,Bajo
Teruel (Teruel),Muy bajo,Muy bajo,Muy bajo,Muy bajo,Muy bajo,Muy bajo,Muy bajo
Terzaga (Guadalajara),Muy bajo,Muy bajo,Muy bajo,Muy bajo,Muy bajo,Bajo,Muy bajo
Teulada (Alicante),Muy bajo,Muy bajo,Muy bajo,Muy bajo,Muy bajo,Muy bajo,Muy bajo
Teverga (Asturias),Muy bajo,Muy bajo,Muy bajo,Muy bajo,Muy bajo,Muy bajo,Bajo
Tiana (Barcelona),Muy bajo,Muy bajo,Muy bajo,Muy bajo,Muy bajo,Muy bajo,Muy bajo
Tibi (Alicante),Muy bajo,Bajo,Muy bajo,Muy bajo,Muy bajo,Muy bajo,Muy bajo
Tiebas-Muruarte de Reta (Navarra),Muy bajo,Bajo,Muy bajo,Muy bajo,Muy bajo,Muy bajo,Bajo
Tiedra (Valladolid),Muy bajo,Muy bajo,Muy bajo,Muy bajo,Bajo,Bajo,Bajo
Tielmes (Madrid),Muy bajo,Muy bajo,Muy bajo,Muy bajo,Muy bajo,Bajo,Muy bajo
Tierga (Zaragoza),Muy bajo,Muy bajo,Muy bajo,Muy bajo,Muy bajo,Muy bajo,Bajo
Tierz (Huesca),Muy bajo,Muy bajo,Muy bajo,Muy bajo,Muy bajo,Muy bajo,Bajo
Tierzo (Guadalajara),Muy bajo,Muy bajo,Muy bajo,Muy bajo,Muy bajo,Bajo,Bajo
Tijarafe (Tenerife),Muy bajo,Muy bajo,Muy bajo,Muy bajo,Muy bajo,Muy bajo,Muy bajo
Tinajas (Cuenca),Muy bajo,Muy bajo,Muy bajo,Muy bajo,Muy bajo,Muy bajo,Muy bajo
Tinajo (Las Palmas),Muy bajo,Muy bajo,Muy bajo,Muy bajo,Muy bajo,Muy bajo,Muy bajo
Tineo (Asturias),Muy bajo,Muy bajo,Muy bajo,Muy bajo,Muy bajo,Muy bajo,Bajo
Tinieblas de la Sierra (Burgos),Bajo,Bajo,Muy bajo,Muy bajo,Bajo,Bajo,Moderado
Tirapu (Navarra),Muy bajo,Bajo,Muy bajo,Muy bajo,Muy bajo,Muy bajo,Bajo
Tirgo (La Rioja),Muy bajo,Bajo,Bajo,Muy bajo,Muy bajo,Muy bajo,Bajo
Titaguas (Valencia),Muy bajo,Muy bajo,Muy bajo,Muy bajo,Muy bajo,Muy bajo,Muy bajo
Titulcia (Madrid),Muy bajo,Muy bajo,Muy bajo,Muy bajo,Muy bajo,Muy bajo,Muy bajo
Tiurana (Lleida),Muy bajo,Muy bajo,Muy bajo,Muy bajo,Muy bajo,Muy bajo,Muy bajo
Tivenys (Tarragona),Muy bajo,Muy bajo,Muy bajo,Muy bajo,Muy bajo,Muy bajo,Muy bajo
Tivissa (Tarragona),Muy bajo,Muy bajo,Muy bajo,Muy bajo,Muy bajo,Muy bajo,Muy bajo
Tiétar (Cáceres),Muy bajo,Muy bajo,Muy bajo,Muy bajo,Muy bajo,Muy bajo,Muy bajo
Tiñosillos (Ávila),Muy bajo,Muy bajo,Muy bajo,Muy bajo,Muy bajo,Muy bajo,Bajo
Tobar (Burgos),Muy bajo,Bajo,Muy bajo,Muy bajo,Muy bajo,Bajo,Bajo
Tobarra (Albacete),Muy bajo,Muy bajo,Muy bajo,Muy bajo,Muy bajo,Muy bajo,Muy bajo
Tobed (Zaragoza),Muy bajo,Muy bajo,Muy bajo,Muy bajo,Muy bajo,Muy bajo,Muy bajo
Tobía (La Rioja),Muy bajo,Bajo,Bajo,Muy bajo,Muy bajo,Muy bajo,Bajo
Tocina (Sevilla),Muy bajo,Muy bajo,Muy bajo,Muy bajo,Bajo,Bajo,Bajo
Todolella (Castellón),Muy bajo,Muy bajo,Muy bajo,Muy bajo,Muy bajo,Muy bajo,Muy bajo
Toga (Castellón),Muy bajo,Muy bajo,Muy bajo,Muy bajo,Muy bajo,Muy bajo,Muy bajo
Tolbaños (Ávila),Bajo,Muy bajo,Muy bajo,Muy bajo,Muy bajo,Bajo,Bajo
Toledo (Toledo),Muy bajo,Muy bajo,Muy bajo,Muy bajo,Muy bajo,Muy bajo,Muy bajo
Tollos (Alicante),Muy bajo,Muy bajo,Muy bajo,Muy bajo,Muy bajo,Muy bajo,Muy bajo
Tolocirio (Segovia),Muy bajo,Muy bajo,Muy bajo,Muy bajo,Muy bajo,Muy bajo,Bajo
Tolosa (Guipúzcoa),Bajo,Moderado,Muy bajo,Muy bajo,Muy bajo,Bajo,Moderado
Tolox (Málaga),Muy bajo,Muy bajo,Muy bajo,Muy bajo,Muy bajo,Muy bajo,Muy bajo
Tolva (Huesca),Muy bajo,Muy bajo,Muy bajo,Muy bajo,Muy bajo,Bajo,Bajo
Tomares (Sevilla),Muy bajo,Muy bajo,Muy bajo,Muy bajo,Muy bajo,Muy bajo,Muy bajo
Tomelloso (Ciudad Real),Muy bajo,Muy bajo,Muy bajo,Muy bajo,Muy bajo,Muy bajo,Muy bajo
Tomiño (Pontevedra),Bajo,Muy bajo,Muy bajo,Bajo,Bajo,Bajo,Bajo
Tona (Barcelona),Muy bajo,Muy bajo,Muy bajo,Muy bajo,Muy bajo,Muy bajo,Bajo
Topas (Salamanca),Muy bajo,Muy bajo,Muy bajo,Muy bajo,Bajo,Bajo,Bajo
Toques (A Coruña),Moderado,Muy bajo,Muy bajo,Bajo,Bajo,Bajo,Moderado
Toral de los Guzmanes (León),Muy bajo,Bajo,Muy bajo,Muy bajo,Muy bajo,Bajo,Bajo
Toral de los Vados (León),Muy bajo,Muy bajo,Muy bajo,Muy bajo,Muy bajo,Muy bajo,Bajo
Tordehumos (Valladolid),Muy bajo,Muy bajo,Muy bajo,Muy bajo,Bajo,Bajo,Bajo
Tordellego (Guadalajara),Muy bajo,Muy bajo,Muy bajo,Muy bajo,Muy bajo,Bajo,Bajo
Tordelrábano (Guadalajara),Muy bajo,Muy bajo,Muy bajo,Muy bajo,Muy bajo,Bajo,Bajo
Tordera (Barcelona),Muy bajo,Muy bajo,Muy bajo,Muy bajo,Muy bajo,Muy bajo,Muy bajo
Tordesillas (Valladolid),Muy bajo,Muy bajo,Muy bajo,Muy bajo,Muy bajo,Bajo,Bajo
Tordesilos (Guadalajara),Muy bajo,Muy bajo,Muy bajo,Muy bajo,Muy bajo,Bajo,Bajo
Tordillos (Salamanca),Muy bajo,Muy bajo,Muy bajo,Muy bajo,Muy bajo,Bajo,Bajo
Tordoia (A Coruña),Bajo,Muy bajo,Muy bajo,Muy bajo,Muy bajo,Bajo,Bajo
Tordómar (Burgos),Bajo,Bajo,Bajo,Bajo,Bajo,Bajo,Bajo
Torelló (Barcelona),Muy bajo,Muy bajo,Muy bajo,Muy bajo,Muy bajo,Muy bajo,Bajo
Toreno (León),Muy bajo,Muy bajo,Muy bajo,Muy bajo,Muy bajo,Bajo,Bajo
Torija (Guadalajara),Muy bajo,Muy bajo,Muy bajo,Muy bajo,Muy bajo,Muy bajo,Muy bajo
Toril (Cáceres),Muy bajo,Muy bajo,Muy bajo,Muy bajo,Muy bajo,Bajo,Bajo
Toril y Masegoso (Teruel),Muy bajo,Muy bajo,Muy bajo,Muy bajo,Muy bajo,Bajo,Bajo
Torla-Ordesa (Huesca),Muy bajo,Muy bajo,Muy bajo,Muy bajo,Muy bajo,Bajo,Moderado
Torlengua (Soria),Muy bajo,Muy bajo,Muy bajo,Muy bajo,Bajo,Bajo,Bajo
Tormantos (La Rioja),Muy bajo,Bajo,Bajo,Muy bajo,Bajo,Bajo,Bajo
Tormellas (Ávila),Muy bajo,Muy bajo,Muy bajo,Muy bajo,Bajo,Bajo,Bajo
Tormos (Alicante),Muy bajo,Muy bajo,Muy bajo,Muy bajo,Muy bajo,Muy bajo,Muy bajo
Tormón (Teruel),Muy bajo,Muy bajo,Muy bajo,Muy bajo,Muy bajo,Muy bajo,Muy bajo
Tornabous (Lleida),Muy bajo,Muy bajo,Muy bajo,Muy bajo,Muy bajo,Muy bajo,Muy bajo
Tornadizos de Ávila (Ávila),Muy bajo,Muy bajo,Muy bajo,Bajo,Bajo,Bajo,Bajo
Tornavacas (Cáceres),Muy bajo,Muy bajo,Muy bajo,Muy bajo,Muy bajo,Muy bajo,Bajo
Tornos (Teruel),Muy bajo,Muy bajo,Muy bajo,Muy bajo,Muy bajo,Muy bajo,Muy bajo
Toro (Zamora),Muy bajo,Muy bajo,Muy bajo,Muy bajo,Muy bajo,Muy bajo,Muy bajo
Torquemada (Palencia),Bajo,Bajo,Bajo,Muy bajo,Bajo,Bajo,Moderado
Torralba (Cuenca),Muy bajo,Muy bajo,Muy bajo,Muy bajo,Muy bajo,Muy bajo,Muy bajo
Torralba de Aragón (Huesca),Muy bajo,Muy bajo,Muy bajo,Bajo,Muy bajo,Muy bajo,Bajo
Torralba de Calatrava (Ciudad Real),Muy bajo,Muy bajo,Muy bajo,Muy bajo,Muy bajo,Muy bajo,Muy bajo
Torralba de Oropesa (Toledo),Muy bajo,Muy bajo,Muy bajo,Muy bajo,Muy bajo,Bajo,Bajo
Torralba de Ribota (Zaragoza),Muy bajo,Muy bajo,Muy bajo,Muy bajo,Muy bajo,Muy bajo,Muy bajo
Torralba de los Frailes (Zaragoza),Muy bajo,Muy bajo,Muy bajo,Muy bajo,Muy bajo,Bajo,Bajo
Torralba de los Sisones (Teruel),Muy bajo,Muy bajo,Muy bajo,Muy bajo,Muy bajo,Muy bajo,Muy bajo
Torralba del Pinar (Castellón),Muy bajo,Muy bajo,Muy bajo,Muy bajo,Muy bajo,Muy bajo,Muy bajo
Torralba del Río (Navarra),Muy bajo,Bajo,Muy bajo,Muy bajo,Muy bajo,Muy bajo,Bajo
Torralbilla (Zaragoza),Muy bajo,Muy bajo,Muy bajo,Muy bajo,Muy bajo,Muy bajo,Muy bajo
Torre Alháquime (Cádiz),Moderado,Muy bajo,Muy bajo,Muy bajo,Bajo,Bajo,Bajo
Torre Val de San Pedro (Segovia),Muy bajo,Muy bajo,Muy bajo,Muy bajo,Muy bajo,Bajo,Bajo
Torre de Arcas (Teruel),Muy bajo,Muy bajo,Muy bajo,Muy bajo,Muy bajo,Muy bajo,Muy bajo
Torre de Don Miguel (Cáceres),Muy bajo,Muy bajo,Muy bajo,Muy bajo,Muy bajo,Bajo,Bajo
Torre de Esgueva (Valladolid),Bajo,Muy bajo,Bajo,Bajo,Bajo,Bajo,Bajo
Torre de Juan Abad (Ciudad Real),Muy bajo,Muy bajo,Muy bajo,Muy bajo,Muy bajo,Bajo,Bajo
Torre de Miguel Sesmero (Badajoz),Muy bajo,Muy bajo,Muy bajo,Muy bajo,Muy bajo,Muy bajo,Muy bajo
Torre de Peñafiel (Valladolid),Muy bajo,Muy bajo,Muy bajo,Muy bajo,Muy bajo,Bajo,Bajo
Torre de Santa María (Cáceres),Muy bajo,Muy bajo,Muy bajo,Muy bajo,Muy bajo,Bajo,Muy bajo
Torre de las Arcas (Teruel),Muy bajo,Muy bajo,Muy bajo,Muy bajo,Muy bajo,Muy bajo,Bajo
Torre del Bierzo (León),Muy bajo,Muy bajo,Muy bajo,Muy bajo,Muy bajo,Bajo,Bajo
Torre del Burgo (Guadalajara),Muy bajo,Muy bajo,Muy bajo,Muy bajo,Muy bajo,Muy bajo,Muy bajo
Torre del Compte (Teruel),Muy bajo,Muy bajo,Muy bajo,Muy bajo,Muy bajo,Muy bajo,Muy bajo
Torre en Cameros (La Rioja),Bajo,Bajo,Muy bajo,Muy bajo,Muy bajo,Muy bajo,Bajo
Torre la Ribera (Huesca),Muy bajo,Muy bajo,Muy bajo,Muy bajo,Muy bajo,Bajo,Bajo
Torre los Negros (Teruel),Muy bajo,Muy bajo,Muy bajo,Muy bajo,Muy bajo,Muy bajo,Bajo
Torre-Cardela (Granada),Muy bajo,Muy bajo,Muy bajo,Muy bajo,Muy bajo,Muy bajo,Muy bajo
Torre-Pacheco (Murcia),Muy bajo,Muy bajo,Muy bajo,Muy bajo,Muy bajo,Muy bajo,Muy bajo
Torre-serona (Lleida),Muy bajo,Muy bajo,Muy bajo,Muy bajo,Muy bajo,Muy bajo,Muy bajo
Torreadrada (Segovia),Muy bajo,Muy bajo,Muy bajo,Muy bajo,Muy bajo,Muy bajo,Bajo
Torrebaja (Valencia),Muy bajo,Muy bajo,Muy bajo,Muy bajo,Muy bajo,Muy bajo,Muy bajo
Torrebesses (Lleida),Muy bajo,Muy bajo,Muy bajo,Muy bajo,Muy bajo,Muy bajo,Muy bajo
Torreblacos (Soria),Muy bajo,Muy bajo,Muy bajo,Muy bajo,Muy bajo,Bajo,Bajo
Torreblanca (Castellón),Muy bajo,Muy bajo,Muy bajo,Muy bajo,Muy bajo,Muy bajo,Muy bajo
Torreblascopedro (Jaén),Muy bajo,Muy bajo,Muy bajo,Muy bajo,Muy bajo,Muy bajo,Muy bajo
Torrecaballeros (Segovia),Muy bajo,Muy bajo,Muy bajo,Muy bajo,Muy bajo,Bajo,Bajo
Torrecampo (Córdoba),Muy bajo,Muy bajo,Muy bajo,Muy bajo,Muy bajo,Muy bajo,Bajo
Torrechiva (Castellón),Muy bajo,Muy bajo,Muy bajo,Muy bajo,Muy bajo,Muy bajo,Muy bajo
Torrecilla de Alcañiz (Teruel),Muy bajo,Muy bajo,Muy bajo,Muy bajo,Muy bajo,Muy bajo,Muy bajo
Torrecilla de la Abadesa (Valladolid),Muy bajo,Muy bajo,Muy bajo,Muy bajo,Muy bajo,Muy bajo,Bajo
Torrecilla de la Jara (Toledo),Muy bajo,Muy bajo,Muy bajo,Muy bajo,Muy bajo,Muy bajo,Muy bajo
Torrecilla de la Orden (Valladolid),Muy bajo,Muy bajo,Muy bajo,Muy bajo,Muy bajo,Muy bajo,Bajo
Torrecilla de la Torre (Valladolid),Muy bajo,Muy bajo,Muy bajo,Muy bajo,Bajo,Bajo,Bajo
Torrecilla de los Ángeles (Cáceres),Muy bajo,Muy bajo,Muy bajo,Muy bajo,Muy bajo,Bajo,Bajo
Torrecilla del Monte (Burgos),Bajo,Bajo,Muy bajo,Bajo,Bajo,Bajo,Bajo
Torrecilla del Pinar (Segovia),Muy bajo,Muy bajo,Muy bajo,Muy bajo,Muy bajo,Muy bajo,Bajo
Torrecilla del Rebollar (Teruel),Muy bajo,Muy bajo,Muy bajo,Muy bajo,Muy bajo,Muy bajo,Bajo
Torrecilla en Cameros (La Rioja),Bajo,Bajo,Muy bajo,Muy bajo,Muy bajo,Muy bajo,Bajo
Torrecilla sobre Alesanco (La Rioja),Bajo,Bajo,Muy bajo,Muy bajo,Muy bajo,Muy bajo,Bajo
Torrecillas de la Tiesa (Cáceres),Muy bajo,Muy bajo,Muy bajo,Muy bajo,Muy bajo,Muy bajo,Muy bajo
Torrecuadrada de Molina (Guadalajara),Muy bajo,Muy bajo,Muy bajo,Muy bajo,Muy bajo,Bajo,Muy bajo
Torrecuadradilla (Guadalajara),Muy bajo,Muy bajo,Muy bajo,Muy bajo,Muy bajo,Bajo,Bajo
Torredelcampo (Jaén),Muy bajo,Muy bajo,Muy bajo,Muy bajo,Muy bajo,Muy bajo,Muy bajo
Torredembarra (Tarragona),Muy bajo,Muy bajo,Muy bajo,Muy bajo,Muy bajo,Muy bajo,Muy bajo
Torredonjimeno (Jaén),Muy bajo,Muy bajo,Muy bajo,Muy bajo,Muy bajo,Muy bajo,Muy bajo
Torrefarrera (Lleida),Muy bajo,Muy bajo,Muy bajo,Muy bajo,Muy bajo,Muy bajo,Muy bajo
Torrefeta i Florejacs (Lleida),Muy bajo,Muy bajo,Muy bajo,Muy bajo,Muy bajo,Muy bajo,Muy bajo
Torregalindo (Burgos),Muy bajo,Muy bajo,Muy bajo,Muy bajo,Muy bajo,Muy bajo,Bajo
Torregamones (Zamora),Bajo,Muy bajo,Muy bajo,Muy bajo,Muy bajo,Bajo,Bajo
Torregrossa (Lleida),Muy bajo,Muy bajo,Muy bajo,Muy bajo,Muy bajo,Muy bajo,Muy bajo
Torrehermosa (Zaragoza),Muy bajo,Muy bajo,Muy bajo,Muy bajo,Muy bajo,Muy bajo,Muy bajo
Torreiglesias (Segovia),Muy bajo,Muy bajo,Muy bajo,Muy bajo,Muy bajo,Bajo,Bajo
Torrejoncillo (Cáceres),Muy bajo,Muy bajo,Muy bajo,Muy bajo,Muy bajo,Bajo,Bajo
Torrejoncillo del Rey (Cuenca),Muy bajo,Muy bajo,Muy bajo,Muy bajo,Muy bajo,Muy bajo,Muy bajo
Torrejón de Ardoz (Madrid),Muy bajo,Muy bajo,Muy bajo,Muy bajo,Muy bajo,Muy bajo,Muy bajo
Torrejón de Velasco (Madrid),Muy bajo,Muy bajo,Muy bajo,Muy bajo,Muy bajo,Muy bajo,Muy bajo
Torrejón de la Calzada (Madrid),Muy bajo,Muy bajo,Muy bajo,Muy bajo,Muy bajo,Muy bajo,Muy bajo
Torrejón del Rey (Guadalajara),Muy bajo,Muy bajo,Muy bajo,Muy bajo,Muy bajo,Muy bajo,Muy bajo
Torrejón el Rubio (Cáceres),Muy bajo,Muy bajo,Muy bajo,Muy bajo,Muy bajo,Muy bajo,Muy bajo
Torrelacárcel (Teruel),Muy bajo,Muy bajo,Muy bajo,Muy bajo,Muy bajo,Muy bajo,Muy bajo
Torrelaguna (Madrid),Muy bajo,Muy bajo,Muy bajo,Muy bajo,Muy bajo,Muy bajo,Muy bajo
Torrelameu (Lleida),Muy bajo,Muy bajo,Muy bajo,Muy bajo,Muy bajo,Muy bajo,Muy bajo
Torrelapaja (Zaragoza),Muy bajo,Muy bajo,Muy bajo,Muy bajo,Bajo,Bajo,Bajo
Torrelara (Burgos),Bajo,Bajo,Muy bajo,Muy bajo,Bajo,Bajo,Bajo
Torrelavega (Cantabria),Muy bajo,Muy bajo,Muy bajo,Muy bajo,Muy bajo,Muy bajo,Muy bajo
Torrelavit (Barcelona),Muy bajo,Muy bajo,Muy bajo,Muy bajo,Muy bajo,Muy bajo,Muy bajo
Torrella (Valencia),Muy bajo,Muy bajo,Muy bajo,Muy bajo,Muy bajo,Muy bajo,Muy bajo
Torrellas (Zaragoza),Muy bajo,Muy bajo,Muy bajo,Muy bajo,Muy bajo,Bajo,Bajo
Torrelles de Foix (Barcelona),Muy bajo,Muy bajo,Muy bajo,Muy bajo,Muy bajo,Muy bajo,Muy bajo
Torrelles de Llobregat (Barcelona),Muy bajo,Muy bajo,Muy bajo,Muy bajo,Muy bajo,Muy bajo,Muy bajo
Torrelobatón (Valladolid),Muy bajo,Muy bajo,Muy bajo,Muy bajo,Bajo,Bajo,Bajo
Torrelodones (Madrid),Muy bajo,Muy bajo,Muy bajo,Muy bajo,Muy bajo,Muy bajo,Muy bajo
Torremayor (Badajoz),Muy bajo,Muy bajo,Muy bajo,Muy bajo,Muy bajo,Muy bajo,Muy bajo
Torremejía (Badajoz),Muy bajo,Muy bajo,Muy bajo,Muy bajo,Muy bajo,Muy bajo,Muy bajo
Torremenga (Cáceres),Muy bajo,Muy bajo,Muy bajo,Muy bajo,Muy bajo,Muy bajo,Bajo
Torremocha (Cáceres),Muy bajo,Muy bajo,Muy bajo,Muy bajo,Muy bajo,Muy bajo,Muy bajo
Torremocha de Jadraque (Guadalajara),Muy bajo,Muy bajo,Muy bajo,Muy bajo,Muy bajo,Muy bajo,Muy bajo
Torremocha de Jarama (Madrid),Muy bajo,Muy bajo,Muy bajo,Muy bajo,Muy bajo,Muy bajo,Bajo
Torremocha de Jiloca (Teruel),Muy bajo,Muy bajo,Muy bajo,Muy bajo,Muy bajo,Muy bajo,Muy bajo
Torremocha del Campo (Guadalajara),Muy bajo,Muy bajo,Muy bajo,Muy bajo,Muy bajo,Bajo,Bajo
Torremocha del Pinar (Guadalajara),Muy bajo,Muy bajo,Muy bajo,Muy bajo,Muy bajo,Bajo,Bajo
Torremochuela (Guadalajara),Muy bajo,Muy bajo,Muy bajo,Muy bajo,Muy bajo,Bajo,Bajo
Torremolinos (Málaga),Muy bajo,Muy bajo,Muy bajo,Muy bajo,Muy bajo,Muy bajo,Muy bajo
Torremontalbo (La Rioja),Muy bajo,Bajo,Muy bajo,Muy bajo,Muy bajo,Muy bajo,Bajo
Torremormojón (Palencia),Muy bajo,Muy bajo,Bajo,Muy bajo,Muy bajo,Bajo,Bajo
Torrent (Girona),Muy bajo,Muy bajo,Muy bajo,Muy bajo,Muy bajo,Muy bajo,Muy bajo
Torrent (Valencia),Muy bajo,Muy bajo,Muy bajo,Muy bajo,Muy bajo,Muy bajo,Muy bajo
Torrente de Cinca (Huesca),Muy bajo,Muy bajo,Muy bajo,Bajo,Bajo,Muy bajo,Bajo
Torrenueva (Ciudad Real),Muy bajo,Muy bajo,Muy bajo,Muy bajo,Muy bajo,Bajo,Bajo
Torrenueva Costa (Granada),Muy bajo,Muy bajo,Muy bajo,Muy bajo,Muy bajo,Muy bajo,Muy bajo
Torreorgaz (Cáceres),Muy bajo,Muy bajo,Muy bajo,Muy bajo,Muy bajo,Muy bajo,Muy bajo
Torrepadre (Burgos),Bajo,Bajo,Bajo,Bajo,Bajo,Bajo,Bajo
Torreperogil (Jaén),Muy bajo,Muy bajo,Muy bajo,Muy bajo,Muy bajo,Muy bajo,Muy bajo
Torrequemada (Cáceres),Muy bajo,Muy bajo,Muy bajo,Muy bajo,Muy bajo,Muy bajo,Muy bajo
Torres (Jaén),Muy bajo,Muy bajo,Muy bajo,Muy bajo,Muy bajo,Muy bajo,Muy bajo
Torres Torres (Valencia),Muy bajo,Muy bajo,Muy bajo,Muy bajo,Muy bajo,Muy bajo,Muy bajo
Torres de Albarracín (Teruel),Muy bajo,Muy bajo,Muy bajo,Muy bajo,Muy bajo,Bajo,Bajo
Torres de Albánchez (Jaén),Muy bajo,Bajo,Muy bajo,Muy bajo,Bajo,Bajo,Bajo
Torres de Alcanadre (Huesca),Muy bajo,Muy bajo,Muy bajo,Muy bajo,Muy bajo,Muy bajo,Bajo
Torres de Barbués (Huesca),Muy bajo,Muy bajo,Muy bajo,Muy bajo,Muy bajo,Muy bajo,Bajo
Torres de Berrellén (Zaragoza),Muy bajo,Muy bajo,Muy bajo,Muy bajo,Bajo,Muy bajo,Muy bajo
Torres de Segre (Lleida),Muy bajo,Muy bajo,Muy bajo,Muy bajo,Muy bajo,Muy bajo,Muy bajo
Torres de la Alameda (Madrid),Muy bajo,Muy bajo,Muy bajo,Muy bajo,Muy bajo,Muy bajo,Muy bajo
Torres del Carrizal (Zamora),Muy bajo,Muy bajo,Muy bajo,Muy bajo,Muy bajo,Bajo,Muy bajo
Torres del Río (Navarra),Bajo,Bajo,Muy bajo,Muy bajo,Muy bajo,Bajo,Bajo
Torresandino (Burgos),Bajo,Bajo,Bajo,Bajo,Bajo,Bajo,Bajo
Torrescárcela (Valladolid),Muy bajo,Muy bajo,Muy bajo,Muy bajo,Muy bajo,Muy bajo,Bajo
Torresmenudas (Salamanca),Muy bajo,Muy bajo,Muy bajo,Muy bajo,Muy bajo,Bajo,Bajo
Torrevelilla (Teruel),Muy bajo,Muy bajo,Muy bajo,Muy bajo,Muy bajo,Muy bajo,Muy bajo
Torrevieja (Alicante),Muy bajo,Muy bajo,Muy bajo,Muy bajo,Muy bajo,Muy bajo,Muy bajo
Torrico (Toledo),Muy bajo,Muy bajo,Muy bajo,Muy bajo,Muy bajo,Bajo,Muy bajo
Torrijas (Teruel),Muy bajo,Muy bajo,Muy bajo,Muy bajo,Muy bajo,Muy bajo,Muy bajo
Torrijo de la Cañada (Zaragoza),Muy bajo,Muy bajo,Muy bajo,Muy bajo,Muy bajo,Bajo,Bajo
Torrijo del Campo (Teruel),Muy bajo,Muy bajo,Muy bajo,Muy bajo,Muy bajo,Muy bajo,Muy bajo
Torrijos (Toledo),Muy bajo,Muy bajo,Muy bajo,Muy bajo,Muy bajo,Muy bajo,Muy bajo
Torroella de Fluvià (Girona),Muy bajo,Muy bajo,Muy bajo,Muy bajo,Muy bajo,Muy bajo,Muy bajo
Torroella de Montgrí (Girona),Muy bajo,Muy bajo,Muy bajo,Muy bajo,Muy bajo,Muy bajo,Muy bajo
Torroja del Priorat (Tarragona),Muy bajo,Muy bajo,Muy bajo,Muy bajo,Muy bajo,Muy bajo,Muy bajo
Torrox (Málaga),Muy bajo,Muy bajo,Muy bajo,Muy bajo,Muy bajo,Muy bajo,Muy bajo
Torrubia (Guadalajara),Muy bajo,Muy bajo,Muy bajo,Bajo,Bajo,Bajo,Bajo
Torrubia de Soria (Soria),Muy bajo,Muy bajo,Muy bajo,Bajo,Bajo,Bajo,Bajo
Torrubia del Campo (Cuenca),Muy bajo,Muy bajo,Muy bajo,Muy bajo,Muy bajo,Muy bajo,Muy bajo
Torrubia del Castillo (Cuenca),Muy bajo,Muy bajo,Muy bajo,Bajo,Muy bajo,Bajo,Bajo
Tortellà (Girona),Muy bajo,Muy bajo,Muy bajo,Muy bajo,Muy bajo,Muy bajo,Muy bajo
Tortosa (Tarragona),Muy bajo,Muy bajo,Muy bajo,Muy bajo,Muy bajo,Muy bajo,Muy bajo
Tortuera (Guadalajara),Muy bajo,Muy bajo,Muy bajo,Bajo,Bajo,Bajo,Bajo
Tortuero (Guadalajara),Muy bajo,Muy bajo,Muy bajo,Muy bajo,Muy bajo,Muy bajo,Bajo
Torvizcón (Granada),Muy bajo,Muy bajo,Muy bajo,Muy bajo,Muy bajo,Muy bajo,Muy bajo
Torà (Lleida),Muy bajo,Muy bajo,Muy bajo,Muy bajo,Muy bajo,Muy bajo,Bajo
Torás (Castellón),Muy bajo,Muy bajo,Muy bajo,Muy bajo,Muy bajo,Muy bajo,Muy bajo
Tosantos (Burgos),Muy bajo,Bajo,Bajo,Muy bajo,Muy bajo,Muy bajo,Bajo
Toses (Girona),Muy bajo,Muy bajo,Muy bajo,Muy bajo,Muy bajo,Bajo,Bajo
Tosos (Zaragoza),Muy bajo,Muy bajo,Muy bajo,Muy bajo,Bajo,Bajo,Bajo
Tossa de Mar (Girona),Muy bajo,Muy bajo,Muy bajo,Muy bajo,Muy bajo,Muy bajo,Muy bajo
Totalán (Málaga),Muy bajo,Muy bajo,Muy bajo,Muy bajo,Muy bajo,Muy bajo,Muy bajo
Totana (Murcia),Muy bajo,Muy bajo,Muy bajo,Muy bajo,Muy bajo,Muy bajo,Muy bajo
Totanés (Toledo),Muy bajo,Muy bajo,Muy bajo,Muy bajo,Muy bajo,Muy bajo,Muy bajo
Touro (A Coruña),Moderado,Muy bajo,Muy bajo,Bajo,Bajo,Bajo,Bajo
Tous (Valencia),Muy bajo,Muy bajo,Muy bajo,Muy bajo,Muy bajo,Muy bajo,Muy bajo
Toén (Ourense),Bajo,Muy bajo,Muy bajo,Muy bajo,Bajo,Bajo,Bajo
Trabada (Lugo),Muy bajo,Muy bajo,Muy bajo,Muy bajo,Muy bajo,Bajo,Bajo
Trabadelo (León),Bajo,Muy bajo,Muy bajo,Muy bajo,Muy bajo,Bajo,Bajo
Trabanca (Salamanca),Muy bajo,Muy bajo,Muy bajo,Muy bajo,Bajo,Bajo,Bajo
Trabazos (Zamora),Bajo,Muy bajo,Muy bajo,Bajo,Bajo,Bajo,Bajo
Tragacete (Cuenca),Muy bajo,Muy bajo,Muy bajo,Muy bajo,Muy bajo,Bajo,Bajo
Traiguera (Castellón),Muy bajo,Muy bajo,Muy bajo,Muy bajo,Muy bajo,Muy bajo,Muy bajo
Tramacastiel (Teruel),Muy bajo,Muy bajo,Muy bajo,Muy bajo,Muy bajo,Muy bajo,Muy bajo
Tramacastilla (Teruel),Muy bajo,Muy bajo,Muy bajo,Muy bajo,Muy bajo,Bajo,Bajo
Tramaced (Huesca),Muy bajo,Muy bajo,Muy bajo,Muy bajo,Muy bajo,Muy bajo,Muy bajo
Trasierra (Badajoz),Muy bajo,Muy bajo,Muy bajo,Muy bajo,Muy bajo,Muy bajo,Muy bajo
Trasmiras (Ourense),Bajo,Muy bajo,Muy bajo,Muy bajo,Muy bajo,Bajo,Bajo
Trasmoz (Zaragoza),Muy bajo,Muy bajo,Muy bajo,Muy bajo,Muy bajo,Bajo,Bajo
Trasobares (Zaragoza),Muy bajo,Muy bajo,Muy bajo,Muy bajo,Muy bajo,Muy bajo,Bajo
Traspinedo (Valladolid),Muy bajo,Muy bajo,Muy bajo,Muy bajo,Bajo,Bajo,Bajo
Trazo (A Coruña),Bajo,Muy bajo,Muy bajo,Muy bajo,Bajo,Bajo,Bajo
Traíd (Guadalajara),Muy bajo,Muy bajo,Muy bajo,Muy bajo,Muy bajo,Bajo,Muy bajo
Trebujena (Cádiz),Bajo,Muy bajo,Muy bajo,Bajo,Bajo,Bajo,Bajo
Trefacio (Zamora),Muy bajo,Muy bajo,Muy bajo,Muy bajo,Muy bajo,Bajo,Bajo
Tremedal de Tormes (Salamanca),Muy bajo,Muy bajo,Muy bajo,Bajo,Bajo,Bajo,Bajo
Tremp (Lleida),Muy bajo,Muy bajo,Muy bajo,Muy bajo,Muy bajo,Bajo,Bajo
Tres Cantos (Madrid),Muy bajo,Muy bajo,Muy bajo,Muy bajo,Muy bajo,Muy bajo,Muy bajo
Trescasas (Segovia),Muy bajo,Muy bajo,Muy bajo,Muy bajo,Muy bajo,Bajo,Bajo
Tresjuncos (Cuenca),Muy bajo,Muy bajo,Muy bajo,Muy bajo,Muy bajo,Muy bajo,Muy bajo
Trespaderne (Burgos),Muy bajo,Bajo,Muy bajo,Muy bajo,Muy bajo,Muy bajo,Bajo
Tresviso (Cantabria),Muy bajo,Bajo,Muy bajo,Muy bajo,Muy bajo,Bajo,Bajo
Treviana (La Rioja),Muy bajo,Bajo,Bajo,Muy bajo,Muy bajo,Bajo,Bajo
Trevélez (Granada),Muy bajo,Muy bajo,Muy bajo,Muy bajo,Muy bajo,Muy bajo,Muy bajo
Triacastela (Lugo),Bajo,Muy bajo,Muy bajo,Muy bajo,Bajo,Bajo,Moderado
Tribaldos (Cuenca),Muy bajo,Muy bajo,Muy bajo,Muy bajo,Muy bajo,Muy bajo,Muy bajo
Tricio (La Rioja),Bajo,Bajo,Muy bajo,Muy bajo,Muy bajo,Muy bajo,Bajo
Trigueros (Huelva),Bajo,Muy bajo,Muy bajo,Bajo,Moderado,Moderado,Bajo
Trigueros del Valle (Valladolid),Muy bajo,Muy bajo,Muy bajo,Muy bajo,Bajo,Bajo,Bajo
Trijueque (Guadalajara),Muy bajo,Muy bajo,Muy bajo,Muy bajo,Muy bajo,Muy bajo,Muy bajo
Trillo (Guadalajara),Muy bajo,Muy bajo,Muy bajo,Muy bajo,Muy bajo,Muy bajo,Muy bajo
Triollo (Palencia),Muy bajo,Bajo,Muy bajo,Muy bajo,Muy bajo,Muy bajo,Bajo
Tronchón (Teruel),Muy bajo,Muy bajo,Muy bajo,Muy bajo,Muy bajo,Muy bajo,Bajo
Truchas (León),Muy bajo,Muy bajo,Muy bajo,Muy bajo,Muy bajo,Bajo,Bajo
Trucios-Turtzioz (Vizcaya),Muy bajo,Bajo,Muy bajo,Muy bajo,Muy bajo,Muy bajo,Bajo
Trujillanos (Badajoz),Muy bajo,Muy bajo,Muy bajo,Muy bajo,Bajo,Bajo,Bajo
Trujillo (Cáceres),Muy bajo,Muy bajo,Muy bajo,Muy bajo,Muy bajo,Muy bajo,Muy bajo
Trévago (Soria),Muy bajo,Muy bajo,Muy bajo,Muy bajo,Muy bajo,Muy bajo,Bajo
Tubilla del Agua (Burgos),Muy bajo,Bajo,Muy bajo,Muy bajo,Muy bajo,Muy bajo,Bajo
Tubilla del Lago (Burgos),Bajo,Bajo,Muy bajo,Bajo,Muy bajo,Bajo,Bajo
Tudanca (Cantabria),Muy bajo,Muy bajo,Muy bajo,Muy bajo,Muy bajo,Muy bajo,Bajo
Tudela (Navarra),Muy bajo,Bajo,Muy bajo,Muy bajo,Bajo,Bajo,Bajo
Tudela de Duero (Valladolid),Muy bajo,Muy bajo,Muy bajo,Muy bajo,Bajo,Bajo,Bajo
Tudelilla (La Rioja),Bajo,Moderado,Muy bajo,Muy bajo,Bajo,Bajo,Bajo
Tui (Pontevedra),Bajo,Muy bajo,Muy bajo,Bajo,Bajo,Bajo,Bajo
Tuineje (Las Palmas),Muy bajo,Muy bajo,Muy bajo,Muy bajo,Muy bajo,Muy bajo,Muy bajo
Tulebras (Navarra),Muy bajo,Bajo,Muy bajo,Muy bajo,Bajo,Bajo,Bajo
Turcia (León),Muy bajo,Bajo,Muy bajo,Muy bajo,Muy bajo,Bajo,Bajo
Turleque (Toledo),Muy bajo,Muy bajo,Muy bajo,Muy bajo,Muy bajo,Muy bajo,Muy bajo
Turre (Almería),Muy bajo,Muy bajo,Muy bajo,Muy bajo,Muy bajo,Muy bajo,Muy bajo
Turrillas (Almería),Muy bajo,Muy bajo,Muy bajo,Muy bajo,Muy bajo,Muy bajo,Muy bajo
Turégano (Segovia),Muy bajo,Muy bajo,Muy bajo,Muy bajo,Muy bajo,Bajo,Bajo
Turís (Valencia),Muy bajo,Muy bajo,Muy bajo,Muy bajo,Muy bajo,Muy bajo,Muy bajo
Turón (Granada),Muy bajo,Muy bajo,Muy bajo,Muy bajo,Muy bajo,Muy bajo,Muy bajo
Tuéjar (Valencia),Muy bajo,Muy bajo,Muy bajo,Muy bajo,Muy bajo,Muy bajo,Muy bajo
Tàrbena (Alicante),Muy bajo,Muy bajo,Muy bajo,Muy bajo,Muy bajo,Muy bajo,Muy bajo
Tàrrega (Lleida),Muy bajo,Muy bajo,Muy bajo,Muy bajo,Muy bajo,Muy bajo,Muy bajo
Tábara (Zamora),Muy bajo,Muy bajo,Muy bajo,Muy bajo,Muy bajo,Bajo,Bajo
Táliga (Badajoz),Muy bajo,Muy bajo,Muy bajo,Muy bajo,Muy bajo,Muy bajo,Bajo
Támara de Campos (Palencia),Muy bajo,Muy bajo,Bajo,Bajo,Bajo,Bajo,Moderado
Tébar (Cuenca),Muy bajo,Muy bajo,Muy bajo,Muy bajo,Muy bajo,Bajo,Bajo
Térmens (Lleida),Muy bajo,Muy bajo,Muy bajo,Muy bajo,Muy bajo,Muy bajo,Muy bajo
Tías (Las Palmas),Muy bajo,Muy bajo,Muy bajo,Muy bajo,Muy bajo,Muy bajo,Muy bajo
Tíjola (Almería),Muy bajo,Muy bajo,Muy bajo,Muy bajo,Muy bajo,Muy bajo,Muy bajo
Tírig (Castellón),Muy bajo,Muy bajo,Muy bajo,Muy bajo,Muy bajo,Muy bajo,Muy bajo
Tírvia (Lleida),Muy bajo,Muy bajo,Muy bajo,Muy bajo,Bajo,Moderado,Moderado
Tórtola de Henares (Guadalajara),Muy bajo,Muy bajo,Muy bajo,Muy bajo,Muy bajo,Muy bajo,Muy bajo
Tórtoles (Ávila),Muy bajo,Muy bajo,Muy bajo,Muy bajo,Muy bajo,Bajo,Bajo
Tórtoles de Esgueva (Burgos),Bajo,Bajo,Bajo,Bajo,Bajo,Bajo,Moderado
Ubide (Vizcaya),Bajo,Moderado,Muy bajo,Muy bajo,Muy bajo,Muy bajo,Bajo
Ubrique (Cádiz),Moderado,Muy bajo,Muy bajo,Muy bajo,Bajo,Bajo,Bajo
Ucar (Navarra),Muy bajo,Bajo,Muy bajo,Muy bajo,Muy bajo,Muy bajo,Bajo
Uceda (Guadalajara),Muy bajo,Muy bajo,Muy bajo,Muy bajo,Muy bajo,Muy bajo,Muy bajo
Ucero (Soria),Muy bajo,Muy bajo,Muy bajo,Muy bajo,Muy bajo,Bajo,Bajo
Uclés (Cuenca),Muy bajo,Muy bajo,Muy bajo,Muy bajo,Muy bajo,Muy bajo,Muy bajo
Udías (Cantabria),Muy bajo,Muy bajo,Muy bajo,Muy bajo,Muy bajo,Muy bajo,Bajo
Ugao-Miraballes (Vizcaya),Muy bajo,Muy bajo,Muy bajo,Muy bajo,Muy bajo,Muy bajo,Muy bajo
Ugena (Toledo),Muy bajo,Muy bajo,Muy bajo,Muy bajo,Muy bajo,Muy bajo,Muy bajo
Ugíjar (Granada),Muy bajo,Muy bajo,Muy bajo,Muy bajo,Muy bajo,Muy bajo,Muy bajo
Uharte Arakil (Navarra),Bajo,Moderado,Muy bajo,Muy bajo,Muy bajo,Muy bajo,Bajo
Ujados (Guadalajara),Muy bajo,Muy bajo,Muy bajo,Muy bajo,Bajo,Bajo,Bajo
Ujué/Uxue (Navarra),Muy bajo,Muy bajo,Muy bajo,Muy bajo,Muy bajo,Muy bajo,Bajo
Ulea (Murcia),Muy bajo,Muy bajo,Muy bajo,Muy bajo,Muy bajo,Muy bajo,Muy bajo
Uleila del Campo (Almería),Muy bajo,Muy bajo,Muy bajo,Muy bajo,Muy bajo,Muy bajo,Muy bajo
Ullastrell (Barcelona),Muy bajo,Muy bajo,Muy bajo,Muy bajo,Muy bajo,Muy bajo,Muy bajo
Ullastret (Girona),Muy bajo,Muy bajo,Muy bajo,Muy bajo,Muy bajo,Muy bajo,Muy bajo
Ulldecona (Tarragona),Muy bajo,Muy bajo,Muy bajo,Muy bajo,Muy bajo,Muy bajo,Muy bajo
Ulldemolins (Tarragona),Muy bajo,Muy bajo,Muy bajo,Muy bajo,Muy bajo,Muy bajo,Muy bajo
Ullà (Girona),Muy bajo,Muy bajo,Muy bajo,Muy bajo,Muy bajo,Muy bajo,Muy bajo
Ultramort (Girona),Muy bajo,Muy bajo,Muy bajo,Muy bajo,Muy bajo,Muy bajo,Muy bajo
Ultzama (Navarra),Bajo,Moderado,Muy bajo,Muy bajo,Muy bajo,Muy bajo,Bajo
Umbrete (Sevilla),Bajo,Bajo,Muy bajo,Bajo,Alto,Moderado,Moderado
Umbrías (Ávila),Muy bajo,Muy bajo,Muy bajo,Muy bajo,Muy bajo,Bajo,Bajo
Uncastillo (Zaragoza),Muy bajo,Muy bajo,Muy bajo,Muy bajo,Muy bajo,Muy bajo,Bajo
Unciti (Navarra),Muy bajo,Bajo,Muy bajo,Muy bajo,Muy bajo,Muy bajo,Bajo
Undués de Lerda (Zaragoza),Muy bajo,Muy bajo,Muy bajo,Muy bajo,Muy bajo,Muy bajo,Bajo
Unzué/Untzue (Navarra),Muy bajo,Bajo,Muy bajo,Muy bajo,Muy bajo,Muy bajo,Bajo
Urda (Toledo),Muy bajo,Muy bajo,Muy bajo,Muy bajo,Muy bajo,Muy bajo,Muy bajo
Urdazubi/Urdax (Navarra),Bajo,Moderado,Muy bajo,Muy bajo,Muy bajo,Bajo,Moderado
Urdiain (Navarra),Bajo,Moderado,Muy bajo,Muy bajo,Muy bajo,Muy bajo,Bajo
Urdiales del Páramo (León),Muy bajo,Muy bajo,Muy bajo,Muy bajo,Muy bajo,Bajo,Bajo
Urduliz (Vizcaya),Muy bajo,Bajo,Muy bajo,Muy bajo,Muy bajo,Muy bajo,Bajo
Urduña/Orduña (Vizcaya),Bajo,Moderado,Muy bajo,Muy bajo,Muy bajo,Muy bajo,Bajo
Urkabustaiz (Álava),Bajo,Moderado,Muy bajo,Muy bajo,Muy bajo,Muy bajo,Bajo
Urnieta (Guipúzcoa),Bajo,Moderado,Muy bajo,Muy bajo,Muy bajo,Bajo,Moderado
Urones de Castroponce (Valladolid),Muy bajo,Bajo,Muy bajo,Bajo,Bajo,Bajo,Bajo
Urraul Alto (Navarra),Muy bajo,Bajo,Muy bajo,Muy bajo,Muy bajo,Muy bajo,Bajo
Urraul Bajo (Navarra),Muy bajo,Bajo,Muy bajo,Muy bajo,Muy bajo,Muy bajo,Bajo
Urrea de Gaén (Teruel),Muy bajo,Muy bajo,Muy bajo,Muy bajo,Muy bajo,Muy bajo,Muy bajo
Urrea de Jalón (Zaragoza),Muy bajo,Muy bajo,Muy bajo,Muy bajo,Bajo,Muy bajo,Bajo
Urretxu (Guipúzcoa),Bajo,Alto,Muy bajo,Muy bajo,Muy bajo,Muy bajo,Moderado
Urriés (Zaragoza),Muy bajo,Muy bajo,Muy bajo,Muy bajo,Muy bajo,Muy bajo,Bajo
Urroz (Navarra),Moderado,Moderado,Muy bajo,Muy bajo,Muy bajo,Muy bajo,Moderado
Urroz-Villa (Navarra),Muy bajo,Bajo,Muy bajo,Muy bajo,Muy bajo,Muy bajo,Bajo
Urrácal (Almería),Muy bajo,Muy bajo,Muy bajo,Muy bajo,Muy bajo,Muy bajo,Muy bajo
Urueña (Valladolid),Muy bajo,Muy bajo,Muy bajo,Muy bajo,Bajo,Bajo,Bajo
Urueñas (Segovia),Muy bajo,Muy bajo,Muy bajo,Muy bajo,Muy bajo,Bajo,Bajo
Uruñuela (La Rioja),Muy bajo,Bajo,Muy bajo,Muy bajo,Muy bajo,Muy bajo,Bajo
Urzainqui/Urzainki (Navarra),Bajo,Bajo,Muy bajo,Muy bajo,Muy bajo,Muy bajo,Bajo
Urús (Girona),Muy bajo,Muy bajo,Muy bajo,Muy bajo,Bajo,Bajo,Bajo
Usagre (Badajoz),Muy bajo,Muy bajo,Muy bajo,Muy bajo,Muy bajo,Muy bajo,Muy bajo
Usansolo (Vizcaya),Bajo,Moderado,Muy bajo,Muy bajo,Muy bajo,Muy bajo,Bajo
Used (Zaragoza),Muy bajo,Muy bajo,Muy bajo,Muy bajo,Muy bajo,Muy bajo,Muy bajo
Usurbil (Guipúzcoa),Bajo,Moderado,Muy bajo,Muy bajo,Muy bajo,Bajo,Bajo
Utande (Guadalajara),Muy bajo,Muy bajo,Muy bajo,Muy bajo,Muy bajo,Muy bajo,Muy bajo
Utebo (Zaragoza),Muy bajo,Muy bajo,Muy bajo,Muy bajo,Muy bajo,Muy bajo,Muy bajo
Uterga (Navarra),Muy bajo,Bajo,Muy bajo,Muy bajo,Muy bajo,Muy bajo,Bajo
Utiel (Valencia),Muy bajo,Muy bajo,Muy bajo,Muy bajo,Muy bajo,Muy bajo,Muy bajo
Utrera (Sevilla),Bajo,Muy bajo,Muy bajo,Bajo,Bajo,Bajo,Bajo
Utrillas (Teruel),Muy bajo,Muy bajo,Muy bajo,Muy bajo,Muy bajo,Muy bajo,Bajo
Uztárroz/Uztarroze (Navarra),Bajo,Bajo,Muy bajo,Muy bajo,Muy bajo,Muy bajo,Moderado
Uña (Cuenca),Muy bajo,Muy bajo,Muy bajo,Muy bajo,Muy bajo,Bajo,Bajo
Uña de Quintana (Zamora),Bajo,Muy bajo,Muy bajo,Muy bajo,Muy bajo,Bajo,Bajo
Vacarisses (Barcelona),Muy bajo,Muy bajo,Muy bajo,Muy bajo,Muy bajo,Muy bajo,Muy bajo
Vadillo (Soria),Muy bajo,Muy bajo,Muy bajo,Muy bajo,Muy bajo,Bajo,Bajo
Vadillo de la Guareña (Zamora),Muy bajo,Muy bajo,Muy bajo,Muy bajo,Muy bajo,Bajo,Bajo
Vadillo de la Sierra (Ávila),Muy bajo,Muy bajo,Muy bajo,Muy bajo,Muy bajo,Bajo,Bajo
Vadocondes (Burgos),Muy bajo,Muy bajo,Muy bajo,Muy bajo,Muy bajo,Muy bajo,Muy bajo
Val de Goñi/Goñerri (Navarra),Bajo,Bajo,Muy bajo,Muy bajo,Muy bajo,Muy bajo,Bajo
Val de San Lorenzo (León),Muy bajo,Bajo,Muy bajo,Muy bajo,Muy bajo,Bajo,Bajo
Val de San Martín (Zaragoza),Muy bajo,Muy bajo,Muy bajo,Muy bajo,Muy bajo,Muy bajo,Muy bajo
Val de San Vicente (Cantabria),Muy bajo,Muy bajo,Muy bajo,Muy bajo,Muy bajo,Bajo,Bajo
Val do Dubra (A Coruña),Bajo,Muy bajo,Muy bajo,Muy bajo,Bajo,Bajo,Bajo
Valacloche (Teruel),Muy bajo,Muy bajo,Muy bajo,Muy bajo,Muy bajo,Muy bajo,Muy bajo
Valbona (Teruel),Muy bajo,Muy bajo,Muy bajo,Muy bajo,Muy bajo,Muy bajo,Muy bajo
Valbuena de Duero (Valladolid),Muy bajo,Muy bajo,Muy bajo,Muy bajo,Bajo,Bajo,Bajo
Valbuena de Pisuerga (Palencia),Muy bajo,Bajo,Bajo,Muy bajo,Bajo,Bajo,Moderado
Valcabado (Zamora),Muy bajo,Muy bajo,Muy bajo,Muy bajo,Muy bajo,Bajo,Muy bajo
Valdaracete (Madrid),Muy bajo,Muy bajo,Muy bajo,Muy bajo,Muy bajo,Muy bajo,Muy bajo
Valdarachas (Guadalajara),Muy bajo,Muy bajo,Muy bajo,Muy bajo,Muy bajo,Muy bajo,Muy bajo
Valdastillas (Cáceres),Muy bajo,Muy bajo,Muy bajo,Muy bajo,Muy bajo,Muy bajo,Bajo
Valde-Ucieza (Palencia),Muy bajo,Bajo,Bajo,Muy bajo,Bajo,Bajo,Bajo
Valdealgorfa (Teruel),Muy bajo,Muy bajo,Muy bajo,Muy bajo,Muy bajo,Muy bajo,Muy bajo
Valdeande (Burgos),Bajo,Bajo,Muy bajo,Bajo,Muy bajo,Bajo,Bajo
Valdearcos de la Vega (Valladolid),Bajo,Muy bajo,Muy bajo,Muy bajo,Bajo,Bajo,Bajo
Valdearenas (Guadalajara),Muy bajo,Muy bajo,Muy bajo,Muy bajo,Muy bajo,Muy bajo,Muy bajo
Valdeavellano (Guadalajara),Muy bajo,Muy bajo,Muy bajo,Muy bajo,Muy bajo,Muy bajo,Muy bajo
Valdeavellano de Tera (Soria),Muy bajo,Muy bajo,Muy bajo,Muy bajo,Muy bajo,Bajo,Bajo
Valdeavero (Madrid),Muy bajo,Muy bajo,Muy bajo,Muy bajo,Muy bajo,Muy bajo,Muy bajo
Valdeaveruelo (Guadalajara),Muy bajo,Muy bajo,Muy bajo,Muy bajo,Muy bajo,Muy bajo,Muy bajo
Valdecaballeros (Badajoz),Muy bajo,Muy bajo,Muy bajo,Muy bajo,Muy bajo,Bajo,Muy bajo
Valdecarros (Salamanca),Muy bajo,Muy bajo,Muy bajo,Muy bajo,Bajo,Bajo,Bajo
Valdecasa (Ávila),Muy bajo,Muy bajo,Muy bajo,Muy bajo,Muy bajo,Bajo,Bajo
Valdecañas de Tajo (Cáceres),Muy bajo,Muy bajo,Muy bajo,Muy bajo,Muy bajo,Muy bajo,Muy bajo
Valdeconcha (Guadalajara),Muy bajo,Muy bajo,Muy bajo,Muy bajo,Muy bajo,Muy bajo,Muy bajo
Valdecuenca (Teruel),Muy bajo,Muy bajo,Muy bajo,Muy bajo,Muy bajo,Muy bajo,Bajo
Valdefinjas (Zamora),Muy bajo,Muy bajo,Muy bajo,Muy bajo,Muy bajo,Muy bajo,Muy bajo
Valdefresno (León),Muy bajo,Muy bajo,Muy bajo,Muy bajo,Muy bajo,Muy bajo,Bajo
Valdefuentes (Cáceres),Muy bajo,Muy bajo,Muy bajo,Muy bajo,Muy bajo,Bajo,Muy bajo
Valdefuentes de Sangusín (Salamanca),Muy bajo,Muy bajo,Muy bajo,Bajo,Bajo,Bajo,Bajo
Valdefuentes del Páramo (León),Muy bajo,Bajo,Muy bajo,Muy bajo,Muy bajo,Bajo,Bajo
Valdeganga (Albacete),Muy bajo,Muy bajo,Muy bajo,Muy bajo,Muy bajo,Muy bajo,Muy bajo
Valdegeña (Soria),Muy bajo,Muy bajo,Muy bajo,Muy bajo,Muy bajo,Bajo,Bajo
Valdegovía/Gaubea (Álava),Muy bajo,Bajo,Muy bajo,Muy bajo,Muy bajo,Muy bajo,Bajo
Valdegrudas (Guadalajara),Muy bajo,Muy bajo,Muy bajo,Muy bajo,Muy bajo,Muy bajo,Muy bajo
Valdehijaderos (Salamanca),Muy bajo,Muy bajo,Muy bajo,Bajo,Bajo,Bajo,Bajo
Valdehorna (Zaragoza),Muy bajo,Muy bajo,Muy bajo,Muy bajo,Muy bajo,Muy bajo,Muy bajo
Valdehúncar (Cáceres),Muy bajo,Muy bajo,Muy bajo,Muy bajo,Muy bajo,Bajo,Muy bajo
Valdelacalzada (Badajoz),Muy bajo,Muy bajo,Muy bajo,Muy bajo,Muy bajo,Muy bajo,Muy bajo
Valdelacasa (Salamanca),Muy bajo,Muy bajo,Muy bajo,Bajo,Bajo,Bajo,Bajo
Valdelacasa de Tajo (Cáceres),Muy bajo,Muy bajo,Muy bajo,Muy bajo,Muy bajo,Muy bajo,Muy bajo
Valdelageve (Salamanca),Muy bajo,Muy bajo,Muy bajo,Muy bajo,Muy bajo,Muy bajo,Bajo
Valdelagua del Cerro (Soria),Muy bajo,Muy bajo,Muy bajo,Muy bajo,Muy bajo,Muy bajo,Bajo
Valdelaguna (Madrid),Muy bajo,Muy bajo,Muy bajo,Muy bajo,Muy bajo,Muy bajo,Muy bajo
Valdelarco (Huelva),Muy bajo,Muy bajo,Muy bajo,Muy bajo,Bajo,Bajo,Bajo
Valdelcubo (Guadalajara),Muy bajo,Muy bajo,Muy bajo,Muy bajo,Muy bajo,Muy bajo,Bajo
Valdelinares (Teruel),Muy bajo,Muy bajo,Muy bajo,Muy bajo,Muy bajo,Muy bajo,Bajo
Valdelosa (Salamanca),Muy bajo,Muy bajo,Muy bajo,Muy bajo,Bajo,Bajo,Bajo
Valdeltormo (Teruel),Muy bajo,Muy bajo,Muy bajo,Muy bajo,Muy bajo,Muy bajo,Muy bajo
Valdelugueros (León),Muy bajo,Muy bajo,Muy bajo,Muy bajo,Muy bajo,Muy bajo,Bajo
Valdemadera (La Rioja),Muy bajo,Muy bajo,Muy bajo,Muy bajo,Muy bajo,Muy bajo,Bajo
Valdemaluque (Soria),Muy bajo,Muy bajo,Muy bajo,Muy bajo,Muy bajo,Bajo,Bajo
Valdemanco (Madrid),Muy bajo,Muy bajo,Muy bajo,Muy bajo,Muy bajo,Bajo,Bajo
Valdemanco del Esteras (Ciudad Real),Muy bajo,Muy bajo,Muy bajo,Muy bajo,Bajo,Bajo,Muy bajo
Valdemaqueda (Madrid),Muy bajo,Muy bajo,Muy bajo,Muy bajo,Muy bajo,Bajo,Bajo
Valdemeca (Cuenca),Muy bajo,Muy bajo,Muy bajo,Muy bajo,Muy bajo,Bajo,Bajo
Valdemierque (Salamanca),Muy bajo,Muy bajo,Muy bajo,Muy bajo,Muy bajo,Bajo,Bajo
Valdemora (León),Muy bajo,Bajo,Muy bajo,Muy bajo,Muy bajo,Bajo,Bajo
Valdemorales (Cáceres),Muy bajo,Muy bajo,Muy bajo,Muy bajo,Muy bajo,Bajo,Bajo
Valdemorillo (Madrid),Muy bajo,Muy bajo,Muy bajo,Muy bajo,Muy bajo,Muy bajo,Muy bajo
Valdemorillo de la Sierra (Cuenca),Muy bajo,Muy bajo,Muy bajo,Muy bajo,Muy bajo,Bajo,Muy bajo
Valdemoro (Madrid),Muy bajo,Muy bajo,Muy bajo,Muy bajo,Muy bajo,Muy bajo,Muy bajo
Valdemoro-Sierra (Cuenca),Muy bajo,Muy bajo,Muy bajo,Muy bajo,Muy bajo,Bajo,Bajo
Valdenebro (Soria),Muy bajo,Muy bajo,Muy bajo,Muy bajo,Muy bajo,Muy bajo,Bajo
Valdenebro de los Valles (Valladolid),Muy bajo,Muy bajo,Bajo,Muy bajo,Bajo,Bajo,Bajo
Valdenuño Fernández (Guadalajara),Muy bajo,Muy bajo,Muy bajo,Muy bajo,Muy bajo,Muy bajo,Muy bajo
Valdeobispo (Cáceres),Muy bajo,Muy bajo,Muy bajo,Muy bajo,Muy bajo,Muy bajo,Muy bajo
Valdeolea (Cantabria),Muy bajo,Bajo,Bajo,Muy bajo,Muy bajo,Muy bajo,Bajo
Valdeolivas (Cuenca),Muy bajo,Muy bajo,Muy bajo,Muy bajo,Muy bajo,Muy bajo,Muy bajo
Valdeolmillos (Palencia),Muy bajo,Muy bajo,Muy bajo,Bajo,Bajo,Bajo,Moderado
Valdeolmos-Alalpardo (Madrid),Muy bajo,Muy bajo,Muy bajo,Muy bajo,Muy bajo,Muy bajo,Muy bajo
Valdepeñas (Ciudad Real),Muy bajo,Muy bajo,Muy bajo,Muy bajo,Muy bajo,Muy bajo,Muy bajo
Valdepeñas de Jaén (Jaén),Muy bajo,Muy bajo,Muy bajo,Muy bajo,Muy bajo,Muy bajo,Muy bajo
Valdepeñas de la Sierra (Guadalajara),Muy bajo,Muy bajo,Muy bajo,Muy bajo,Muy bajo,Muy bajo,Bajo
Valdepiélago (León),Muy bajo,Muy bajo,Muy bajo,Muy bajo,Muy bajo,Muy bajo,Bajo
Valdepiélagos (Madrid),Muy bajo,Muy bajo,Muy bajo,Muy bajo,Muy bajo,Muy bajo,Muy bajo
Valdepolo (León),Muy bajo,Muy bajo,Muy bajo,Muy bajo,Muy bajo,Muy bajo,Bajo
Valdeprado (Soria),Muy bajo,Muy bajo,Muy bajo,Muy bajo,Muy bajo,Muy bajo,Bajo
Valdeprado del Río (Cantabria),Muy bajo,Bajo,Muy bajo,Muy bajo,Muy bajo,Muy bajo,Bajo
Valdeprados (Segovia),Bajo,Bajo,Muy bajo,Muy bajo,Muy bajo,Bajo,Bajo
Valderas (León),Muy bajo,Bajo,Muy bajo,Muy bajo,Muy bajo,Bajo,Bajo
Valderrebollo (Guadalajara),Muy bajo,Muy bajo,Muy bajo,Muy bajo,Muy bajo,Muy bajo,Muy bajo
Valderredible (Cantabria),Muy bajo,Bajo,Muy bajo,Muy bajo,Muy bajo,Muy bajo,Bajo
Valderrey (León),Bajo,Bajo,Muy bajo,Muy bajo,Muy bajo,Bajo,Bajo
Valderrobres (Teruel),Muy bajo,Muy bajo,Muy bajo,Muy bajo,Muy bajo,Muy bajo,Muy bajo
Valderrodilla (Soria),Muy bajo,Muy bajo,Muy bajo,Muy bajo,Muy bajo,Bajo,Bajo
Valderrodrigo (Salamanca),Bajo,Muy bajo,Muy bajo,Muy bajo,Bajo,Bajo,Bajo
Valderrubio (Granada),Bajo,Muy bajo,Muy bajo,Muy bajo,Muy bajo,Muy bajo,Muy bajo
Valderrueda (León),Muy bajo,Muy bajo,Muy bajo,Muy bajo,Muy bajo,Muy bajo,Bajo
Valderrábano (Palencia),Muy bajo,Muy bajo,Muy bajo,Muy bajo,Muy bajo,Bajo,Bajo
Valdesamario (León),Muy bajo,Muy bajo,Muy bajo,Muy bajo,Muy bajo,Bajo,Bajo
Valdescorriel (Zamora),Muy bajo,Bajo,Muy bajo,Bajo,Bajo,Bajo,Bajo
Valdesotos (Guadalajara),Muy bajo,Muy bajo,Muy bajo,Muy bajo,Muy bajo,Muy bajo,Bajo
Valdestillas (Valladolid),Muy bajo,Muy bajo,Muy bajo,Muy bajo,Muy bajo,Muy bajo,Bajo
Valdetorres (Badajoz),Muy bajo,Muy bajo,Muy bajo,Muy bajo,Muy bajo,Muy bajo,Muy bajo
Valdetorres de Jarama (Madrid),Muy bajo,Muy bajo,Muy bajo,Muy bajo,Muy bajo,Muy bajo,Muy bajo
Valdetórtola (Cuenca),Muy bajo,Muy bajo,Muy bajo,Muy bajo,Muy bajo,Bajo,Muy bajo
Valdevacas de Montejo (Segovia),Muy bajo,Muy bajo,Muy bajo,Muy bajo,Muy bajo,Muy bajo,Bajo
Valdevacas y Guijar (Segovia),Muy bajo,Muy bajo,Muy bajo,Muy bajo,Muy bajo,Bajo,Bajo
Valdeverdeja (Toledo),Muy bajo,Muy bajo,Muy bajo,Muy bajo,Muy bajo,Bajo,Muy bajo
Valdevimbre (León),Muy bajo,Muy bajo,Muy bajo,Muy bajo,Muy bajo,Muy bajo,Bajo
Valdezate (Burgos),Muy bajo,Muy bajo,Muy bajo,Muy bajo,Muy bajo,Muy bajo,Bajo
Valdilecha (Madrid),Muy bajo,Muy bajo,Muy bajo,Muy bajo,Muy bajo,Bajo,Bajo
Valdorros (Burgos),Bajo,Bajo,Muy bajo,Muy bajo,Bajo,Bajo,Bajo
Valdoviño (A Coruña),Bajo,Muy bajo,Muy bajo,Muy bajo,Bajo,Bajo,Bajo
Valdunciel (Salamanca),Muy bajo,Muy bajo,Muy bajo,Muy bajo,Muy bajo,Muy bajo,Bajo
Valdunquillo (Valladolid),Muy bajo,Bajo,Muy bajo,Bajo,Bajo,Bajo,Bajo
Valdáliga (Cantabria),Muy bajo,Muy bajo,Muy bajo,Muy bajo,Muy bajo,Bajo,Bajo
Valdés (Asturias),Muy bajo,Muy bajo,Muy bajo,Muy bajo,Muy bajo,Bajo,Bajo
Valencia de Alcántara (Cáceres),Muy bajo,Muy bajo,Muy bajo,Muy bajo,Bajo,Bajo,Bajo
Valencia de Don Juan (León),Muy bajo,Muy bajo,Muy bajo,Muy bajo,Muy bajo,Muy bajo,Bajo
Valencia de las Torres (Badajoz),Muy bajo,Muy bajo,Muy bajo,Muy bajo,Muy bajo,Muy bajo,Muy bajo
Valencia del Mombuey (Badajoz),Muy bajo,Muy bajo,Muy bajo,Muy bajo,Bajo,Bajo,Bajo
Valencia del Ventoso (Badajoz),Muy bajo,Muy bajo,Muy bajo,Muy bajo,Bajo,Muy bajo,Bajo
Valencina de la Concepción (Sevilla),Bajo,Muy bajo,Muy bajo,Bajo,Moderado,Moderado,Bajo
Valenzuela (Córdoba),Muy bajo,Muy bajo,Muy bajo,Muy bajo,Muy bajo,Muy bajo,Muy bajo
Valenzuela de Calatrava (Ciudad Real),Muy bajo,Muy bajo,Muy bajo,Muy bajo,Bajo,Bajo,Bajo
Valero (Salamanca),Muy bajo,Muy bajo,Muy bajo,Muy bajo,Bajo,Bajo,Bajo
Valfarta (Huesca),Bajo,Bajo,Muy bajo,Moderado,Bajo,Bajo,Bajo
Valfermoso de Tajuña (Guadalajara),Muy bajo,Muy bajo,Muy bajo,Muy bajo,Muy bajo,Muy bajo,Muy bajo
Valga (Pontevedra),Bajo,Muy bajo,Muy bajo,Bajo,Bajo,Bajo,Bajo
Valgañón (La Rioja),Muy bajo,Bajo,Bajo,Muy bajo,Muy bajo,Muy bajo,Bajo
Valhermoso (Guadalajara),Muy bajo,Muy bajo,Muy bajo,Muy bajo,Muy bajo,Bajo,Bajo
Valhermoso de la Fuente (Cuenca),Muy bajo,Muy bajo,Muy bajo,Muy bajo,Muy bajo,Bajo,Bajo
Valjunquera (Teruel),Muy bajo,Muy bajo,Muy bajo,Muy bajo,Muy bajo,Muy bajo,Muy bajo
Vall d'Alba (Castellón),Muy bajo,Muy bajo,Muy bajo,Bajo,Muy bajo,Muy bajo,Muy bajo
Vall de Almonacid (Castellón),Muy bajo,Muy bajo,Muy bajo,Muy bajo,Muy bajo,Muy bajo,Muy bajo
Vall de Cardós (Lleida),Bajo,Bajo,Bajo,Muy bajo,Bajo,Moderado,Moderado
Vall-llobrega (Girona),Muy bajo,Muy bajo,Muy bajo,Muy bajo,Muy bajo,Muy bajo,Muy bajo
Vallada (Valencia),Muy bajo,Muy bajo,Muy bajo,Muy bajo,Muy bajo,Muy bajo,Muy bajo
Valladolid (Valladolid),Muy bajo,Muy bajo,Muy bajo,Muy bajo,Bajo,Bajo,Bajo
Vallanca (Valencia),Muy bajo,Muy bajo,Muy bajo,Muy bajo,Muy bajo,Muy bajo,Muy bajo
Vallarta de Bureba (Burgos),Muy bajo,Bajo,Bajo,Muy bajo,Muy bajo,Bajo,Bajo
Vallat (Castellón),Muy bajo,Muy bajo,Muy bajo,Muy bajo,Muy bajo,Muy bajo,Muy bajo
Vallbona d'Anoia (Barcelona),Muy bajo,Muy bajo,Muy bajo,Muy bajo,Muy bajo,Muy bajo,Muy bajo
Vallbona de les Monges (Lleida),Muy bajo,Muy bajo,Muy bajo,Muy bajo,Muy bajo,Muy bajo,Muy bajo
Vallcebre (Barcelona),Muy bajo,Muy bajo,Muy bajo,Muy bajo,Muy bajo,Bajo,Moderado
Vallclara (Tarragona),Muy bajo,Muy bajo,Muy bajo,Muy bajo,Muy bajo,Muy bajo,Muy bajo
Valldemossa (Baleares),Muy bajo,Muy bajo,Muy bajo,Muy bajo,Muy bajo,Muy bajo,Muy bajo
Valle Gran Rey (Tenerife),Muy bajo,Bajo,Muy bajo,Muy bajo,Muy bajo,Muy bajo,Muy bajo
Valle de Abdalajís (Málaga),Muy bajo,Muy bajo,Muy bajo,Muy bajo,Muy bajo,Bajo,Bajo
Valle de Ancares (León),Bajo,Muy bajo,Muy bajo,Muy bajo,Muy bajo,Bajo,Bajo
Valle de Bardají (Huesca),Muy bajo,Muy bajo,Muy bajo,Muy bajo,Muy bajo,Bajo,Bajo
Valle de Cerrato (Palencia),Muy bajo,Muy bajo,Bajo,Bajo,Bajo,Bajo,Moderado
Valle de Egüés/Eguesibar (Navarra),Muy bajo,Bajo,Muy bajo,Muy bajo,Muy bajo,Muy bajo,Bajo
Valle de Elorz/Elortzibar (Navarra),Muy bajo,Bajo,Muy bajo,Muy bajo,Muy bajo,Muy bajo,Bajo
Valle de Hecho (Huesca),Muy bajo,Bajo,Muy bajo,Muy bajo,Muy bajo,Bajo,Bajo
Valle de Lierp (Huesca),Muy bajo,Muy bajo,Muy bajo,Muy bajo,Muy bajo,Bajo,Bajo
Valle de Losa (Burgos),Muy bajo,Moderado,Muy bajo,Muy bajo,Muy bajo,Muy bajo,Bajo
Valle de Manzanedo (Burgos),Muy bajo,Bajo,Muy bajo,Muy bajo,Muy bajo,Muy bajo,Moderado
Valle de Matamoros (Badajoz),Muy bajo,Muy bajo,Muy bajo,Muy bajo,Muy bajo,Muy bajo,Muy bajo
Valle de Mena (Burgos),Muy bajo,Bajo,Muy bajo,Muy bajo,Muy bajo,Muy bajo,Bajo
Valle de Oca (Burgos),Muy bajo,Bajo,Bajo,Muy bajo,Muy bajo,Bajo,Moderado
Valle de Ollo/Ollaran (Navarra),Bajo,Bajo,Muy bajo,Muy bajo,Muy bajo,Muy bajo,Bajo
Valle de Santa Ana (Badajoz),Muy bajo,Muy bajo,Muy bajo,Muy bajo,Muy bajo,Muy bajo,Muy bajo
Valle de Santibáñez (Burgos),Bajo,Bajo,Bajo,Bajo,Bajo,Bajo,Moderado
Valle de Sedano (Burgos),Muy bajo,Bajo,Muy bajo,Muy bajo,Muy bajo,Bajo,Bajo
Valle de Tabladillo (Segovia),Muy bajo,Muy bajo,Muy bajo,Muy bajo,Muy bajo,Muy bajo,Bajo
Valle de Tobalina (Burgos),Muy bajo,Bajo,Muy bajo,Muy bajo,Muy bajo,Muy bajo,Bajo
Valle de Trápaga-Trapagaran (Vizcaya),Muy bajo,Muy bajo,Muy bajo,Muy bajo,Muy bajo,Muy bajo,Muy bajo
Valle de Valdebezana (Burgos),Muy bajo,Bajo,Muy bajo,Muy bajo,Muy bajo,Muy bajo,Bajo
Valle de Valdelaguna (Burgos),Bajo,Bajo,Muy bajo,Muy bajo,Bajo,Bajo,Moderado
Valle de Valdelucio (Burgos),Muy bajo,Bajo,Muy bajo,Muy bajo,Muy bajo,Bajo,Bajo
Valle de Villaverde (Cantabria),Muy bajo,Bajo,Muy bajo,Muy bajo,Muy bajo,Muy bajo,Bajo
Valle de Yerri/Deierri (Navarra),Bajo,Moderado,Muy bajo,Muy bajo,Muy bajo,Muy bajo,Bajo
Valle de Zamanzas (Burgos),Muy bajo,Bajo,Muy bajo,Muy bajo,Muy bajo,Muy bajo,Bajo
Valle de la Serena (Badajoz),Muy bajo,Muy bajo,Muy bajo,Muy bajo,Muy bajo,Muy bajo,Muy bajo
Valle de las Navas (Burgos),Muy bajo,Bajo,Bajo,Muy bajo,Bajo,Bajo,Moderado
Valle de las Venadas (nan),Bajo,Bajo,Muy bajo,Muy bajo,Muy bajo,Bajo,Bajo
Valle del Retortillo (Palencia),Muy bajo,Bajo,Bajo,Muy bajo,Bajo,Bajo,Bajo
Valle del Zalabí (Granada),Muy bajo,Muy bajo,Muy bajo,Muy bajo,Muy bajo,Muy bajo,Muy bajo
Vallecillo (León),Muy bajo,Bajo,Muy bajo,Bajo,Bajo,Bajo,Bajo
Vallehermoso (Tenerife),Bajo,Bajo,Muy bajo,Muy bajo,Muy bajo,Muy bajo,Muy bajo
Vallejera (Burgos),Muy bajo,Bajo,Bajo,Muy bajo,Bajo,Bajo,Moderado
Vallejera de Riofrío (Salamanca),Muy bajo,Muy bajo,Muy bajo,Muy bajo,Bajo,Bajo,Bajo
Vallelado (Segovia),Muy bajo,Muy bajo,Muy bajo,Muy bajo,Muy bajo,Muy bajo,Bajo
Valleruela de Pedraza (Segovia),Muy bajo,Muy bajo,Muy bajo,Muy bajo,Muy bajo,Bajo,Bajo
Valleruela de Sepúlveda (Segovia),Bajo,Muy bajo,Muy bajo,Muy bajo,Muy bajo,Bajo,Bajo
Valles de Palenzuela (Burgos),Bajo,Bajo,Bajo,Bajo,Bajo,Bajo,Moderado
Vallesa de la Guareña (Zamora),Muy bajo,Muy bajo,Muy bajo,Muy bajo,Muy bajo,Muy bajo,Muy bajo
Valleseco (Las Palmas),Bajo,Muy bajo,Muy bajo,Muy bajo,Muy bajo,Muy bajo,Muy bajo
Vallfogona de Balaguer (Lleida),Muy bajo,Muy bajo,Muy bajo,Muy bajo,Muy bajo,Muy bajo,Muy bajo
Vallfogona de Ripollès (Girona),Muy bajo,Muy bajo,Muy bajo,Muy bajo,Muy bajo,Muy bajo,Bajo
Vallfogona de Riucorb (Tarragona),Muy bajo,Muy bajo,Muy bajo,Muy bajo,Muy bajo,Muy bajo,Muy bajo
Vallgorguina (Barcelona),Muy bajo,Muy bajo,Muy bajo,Muy bajo,Muy bajo,Muy bajo,Muy bajo
Vallibona (Castellón),Muy bajo,Muy bajo,Muy bajo,Muy bajo,Muy bajo,Muy bajo,Muy bajo
Vallirana (Barcelona),Muy bajo,Muy bajo,Muy bajo,Muy bajo,Muy bajo,Muy bajo,Muy bajo
Vallmoll (Tarragona),Muy bajo,Muy bajo,Muy bajo,Muy bajo,Muy bajo,Muy bajo,Muy bajo
Vallromanes (Barcelona),Muy bajo,Muy bajo,Muy bajo,Muy bajo,Muy bajo,Muy bajo,Muy bajo
Valls (Tarragona),Muy bajo,Muy bajo,Muy bajo,Muy bajo,Muy bajo,Muy bajo,Muy bajo
Valluércanes (Burgos),Muy bajo,Bajo,Bajo,Muy bajo,Bajo,Bajo,Bajo
Vallés (Valencia),Muy bajo,Muy bajo,Muy bajo,Muy bajo,Muy bajo,Muy bajo,Muy bajo
Valmadrid (Zaragoza),Muy bajo,Muy bajo,Muy bajo,Muy bajo,Bajo,Bajo,Bajo
Valmala (Burgos),Bajo,Bajo,Bajo,Muy bajo,Muy bajo,Muy bajo,Bajo
Valmojado (Toledo),Muy bajo,Muy bajo,Muy bajo,Muy bajo,Muy bajo,Muy bajo,Muy bajo
Valoria la Buena (Valladolid),Muy bajo,Muy bajo,Muy bajo,Bajo,Bajo,Bajo,Bajo
Valpalmas (Zaragoza),Muy bajo,Muy bajo,Muy bajo,Muy bajo,Muy bajo,Muy bajo,Bajo
Valsalabroso (Salamanca),Muy bajo,Muy bajo,Muy bajo,Muy bajo,Bajo,Bajo,Bajo
Valsalobre (Cuenca),Muy bajo,Muy bajo,Muy bajo,Muy bajo,Muy bajo,Muy bajo,Bajo
Valseca (Segovia),Muy bajo,Bajo,Muy bajo,Muy bajo,Muy bajo,Bajo,Bajo
Valsequillo (Córdoba),Muy bajo,Muy bajo,Muy bajo,Muy bajo,Muy bajo,Muy bajo,Muy bajo
Valsequillo de Gran Canaria (Las Palmas),Bajo,Muy bajo,Muy bajo,Muy bajo,Muy bajo,Muy bajo,Muy bajo
Valtablado del Río (Guadalajara),Muy bajo,Muy bajo,Muy bajo,Muy bajo,Muy bajo,Bajo,Bajo
Valtajeros (Soria),Muy bajo,Muy bajo,Muy bajo,Muy bajo,Muy bajo,Bajo,Bajo
Valtiendas (Segovia),Muy bajo,Muy bajo,Muy bajo,Muy bajo,Muy bajo,Muy bajo,Bajo
Valtierra (Navarra),Muy bajo,Muy bajo,Muy bajo,Muy bajo,Bajo,Muy bajo,Bajo
Valtorres (Zaragoza),Muy bajo,Muy bajo,Muy bajo,Muy bajo,Muy bajo,Muy bajo,Muy bajo
Valverde (Tenerife),Moderado,Moderado,Muy bajo,Muy bajo,Muy bajo,Bajo,Bajo
Valverde de Alcalá (Madrid),Muy bajo,Muy bajo,Muy bajo,Muy bajo,Muy bajo,Muy bajo,Muy bajo
Valverde de Burguillos (Badajoz),Muy bajo,Muy bajo,Muy bajo,Muy bajo,Bajo,Muy bajo,Bajo
Valverde de Campos (Valladolid),Muy bajo,Muy bajo,Muy bajo,Muy bajo,Bajo,Bajo,Bajo
Valverde de Júcar (Cuenca),Muy bajo,Muy bajo,Muy bajo,Muy bajo,Muy bajo,Bajo,Bajo
Valverde de Leganés (Badajoz),Muy bajo,Muy bajo,Muy bajo,Muy bajo,Muy bajo,Bajo,Bajo
Valverde de Llerena (Badajoz),Muy bajo,Muy bajo,Muy bajo,Muy bajo,Muy bajo,Muy bajo,Muy bajo
Valverde de Mérida (Badajoz),Muy bajo,Muy bajo,Muy bajo,Muy bajo,Bajo,Bajo,Bajo
Valverde de Valdelacasa (Salamanca),Muy bajo,Muy bajo,Muy bajo,Bajo,Bajo,Bajo,Bajo
Valverde de la Vera (Cáceres),Muy bajo,Muy bajo,Muy bajo,Muy bajo,Muy bajo,Muy bajo,Muy bajo
Valverde de la Virgen (León),Muy bajo,Muy bajo,Muy bajo,Muy bajo,Muy bajo,Muy bajo,Bajo
Valverde de los Arroyos (Guadalajara),Muy bajo,Muy bajo,Muy bajo,Muy bajo,Muy bajo,Bajo,Bajo
Valverde del Camino (Huelva),Bajo,Muy bajo,Muy bajo,Muy bajo,Bajo,Bajo,Bajo
Valverde del Fresno (Cáceres),Muy bajo,Muy bajo,Muy bajo,Muy bajo,Muy bajo,Bajo,Bajo
Valverde del Majano (Segovia),Muy bajo,Bajo,Muy bajo,Muy bajo,Muy bajo,Bajo,Bajo
Valverde-Enrique (León),Muy bajo,Bajo,Muy bajo,Bajo,Bajo,Bajo,Bajo
Valverdejo (Cuenca),Muy bajo,Muy bajo,Muy bajo,Muy bajo,Muy bajo,Bajo,Bajo
Valverdón (Salamanca),Muy bajo,Muy bajo,Muy bajo,Muy bajo,Muy bajo,Bajo,Bajo
València (Valencia),Muy bajo,Muy bajo,Muy bajo,Muy bajo,Muy bajo,Muy bajo,Muy bajo
Vandellòs i l'Hospitalet de l'Infant (Tarragona),Muy bajo,Muy bajo,Muy bajo,Muy bajo,Muy bajo,Muy bajo,Muy bajo
Vara de Rey (Cuenca),Muy bajo,Muy bajo,Muy bajo,Muy bajo,Muy bajo,Bajo,Bajo
Veciana (Barcelona),Muy bajo,Muy bajo,Muy bajo,Muy bajo,Muy bajo,Muy bajo,Muy bajo
Vecinos (Salamanca),Muy bajo,Muy bajo,Muy bajo,Muy bajo,Bajo,Bajo,Bajo
Vedra (A Coruña),Moderado,Muy bajo,Muy bajo,Bajo,Bajo,Bajo,Bajo
Vega de Espinareda (León),Bajo,Muy bajo,Muy bajo,Muy bajo,Muy bajo,Bajo,Bajo
Vega de Infanzones (León),Muy bajo,Muy bajo,Muy bajo,Muy bajo,Muy bajo,Muy bajo,Bajo
Vega de Liébana (Cantabria),Muy bajo,Bajo,Muy bajo,Muy bajo,Muy bajo,Muy bajo,Bajo
Vega de Pas (Cantabria),Muy bajo,Bajo,Muy bajo,Muy bajo,Muy bajo,Muy bajo,Bajo
Vega de Ruiponce (Valladolid),Muy bajo,Bajo,Muy bajo,Bajo,Bajo,Bajo,Bajo
Vega de San Mateo (Las Palmas),Moderado,Muy bajo,Muy bajo,Muy bajo,Muy bajo,Muy bajo,Muy bajo
Vega de Santa María (Ávila),Muy bajo,Muy bajo,Muy bajo,Muy bajo,Muy bajo,Bajo,Bajo
Vega de Tera (Zamora),Muy bajo,Muy bajo,Muy bajo,Muy bajo,Muy bajo,Bajo,Bajo
Vega de Tirados (Salamanca),Muy bajo,Muy bajo,Muy bajo,Muy bajo,Muy bajo,Bajo,Bajo
Vega de Valcarce (León),Bajo,Bajo,Muy bajo,Muy bajo,Muy bajo,Bajo,Bajo
Vega de Valdetronco (Valladolid),Muy bajo,Muy bajo,Muy bajo,Muy bajo,Muy bajo,Bajo,Bajo
Vega de Villalobos (Zamora),Muy bajo,Bajo,Muy bajo,Bajo,Bajo,Bajo,Bajo
Vega del Codorno (Cuenca),Muy bajo,Muy bajo,Muy bajo,Muy bajo,Muy bajo,Bajo,Bajo
Vegacervera (León),Muy bajo,Muy bajo,Muy bajo,Muy bajo,Muy bajo,Muy bajo,Bajo
Vegadeo (Asturias),Muy bajo,Muy bajo,Muy bajo,Muy bajo,Muy bajo,Bajo,Bajo
Vegalatrave (Zamora),Muy bajo,Muy bajo,Muy bajo,Muy bajo,Muy bajo,Bajo,Bajo
Veganzones (Segovia),Muy bajo,Muy bajo,Muy bajo,Muy bajo,Muy bajo,Muy bajo,Bajo
Vegaquemada (León),Muy bajo,Muy bajo,Muy bajo,Muy bajo,Muy bajo,Muy bajo,Bajo
Vegas de Matute (Segovia),Bajo,Bajo,Muy bajo,Muy bajo,Muy bajo,Bajo,Bajo
Vegas del Condado (León),Muy bajo,Muy bajo,Muy bajo,Muy bajo,Muy bajo,Muy bajo,Bajo
Vegas del Genil (Granada),Bajo,Muy bajo,Muy bajo,Muy bajo,Muy bajo,Muy bajo,Muy bajo
Vegaviana (Cáceres),Muy bajo,Muy bajo,Muy bajo,Muy bajo,Muy bajo,Muy bajo,Muy bajo
Veguillas de la Sierra (Teruel),Muy bajo,Muy bajo,Muy bajo,Muy bajo,Muy bajo,Muy bajo,Muy bajo
Vejer de la Frontera (Cádiz),Moderado,Muy bajo,Muy bajo,Muy bajo,Bajo,Moderado,Bajo
Velada (Toledo),Muy bajo,Muy bajo,Muy bajo,Muy bajo,Muy bajo,Bajo,Bajo
Velamazán (Soria),Muy bajo,Muy bajo,Muy bajo,Muy bajo,Muy bajo,Bajo,Bajo
Velascálvaro (Valladolid),Muy bajo,Muy bajo,Muy bajo,Muy bajo,Muy bajo,Muy bajo,Bajo
Velayos (Ávila),Muy bajo,Muy bajo,Muy bajo,Muy bajo,Muy bajo,Bajo,Bajo
Velefique (Almería),Muy bajo,Muy bajo,Muy bajo,Muy bajo,Muy bajo,Muy bajo,Muy bajo
Velilla (Valladolid),Muy bajo,Muy bajo,Muy bajo,Muy bajo,Bajo,Bajo,Bajo
Velilla de Cinca (Huesca),Muy bajo,Muy bajo,Muy bajo,Bajo,Muy bajo,Muy bajo,Muy bajo
Velilla de Ebro (Zaragoza),Muy bajo,Muy bajo,Muy bajo,Bajo,Bajo,Muy bajo,Muy bajo
Velilla de Jiloca (Zaragoza),Muy bajo,Muy bajo,Muy bajo,Muy bajo,Muy bajo,Muy bajo,Muy bajo
Velilla de San Antonio (Madrid),Muy bajo,Muy bajo,Muy bajo,Muy bajo,Muy bajo,Muy bajo,Muy bajo
Velilla de la Sierra (Soria),Muy bajo,Muy bajo,Muy bajo,Muy bajo,Muy bajo,Bajo,Bajo
Velilla de los Ajos (Soria),Muy bajo,Muy bajo,Muy bajo,Bajo,Bajo,Bajo,Bajo
Velilla del Río Carrión (Palencia),Muy bajo,Muy bajo,Muy bajo,Muy bajo,Muy bajo,Muy bajo,Bajo
Vellisca (Cuenca),Muy bajo,Muy bajo,Muy bajo,Muy bajo,Muy bajo,Muy bajo,Muy bajo
Velliza (Valladolid),Muy bajo,Muy bajo,Muy bajo,Muy bajo,Bajo,Bajo,Bajo
Vencillón (Huesca),Muy bajo,Muy bajo,Muy bajo,Muy bajo,Muy bajo,Muy bajo,Muy bajo
Venialbo (Zamora),Muy bajo,Muy bajo,Muy bajo,Muy bajo,Muy bajo,Muy bajo,Bajo
Venta de Baños (Palencia),Muy bajo,Muy bajo,Muy bajo,Muy bajo,Bajo,Bajo,Bajo
Venta del Moro (Valencia),Muy bajo,Muy bajo,Muy bajo,Muy bajo,Muy bajo,Muy bajo,Muy bajo
Ventalló (Girona),Muy bajo,Muy bajo,Muy bajo,Muy bajo,Muy bajo,Muy bajo,Muy bajo
Ventas de Huelma (Granada),Bajo,Muy bajo,Muy bajo,Muy bajo,Muy bajo,Muy bajo,Muy bajo
Ventosa (La Rioja),Bajo,Bajo,Muy bajo,Muy bajo,Muy bajo,Muy bajo,Bajo
Ventosa de la Cuesta (Valladolid),Muy bajo,Muy bajo,Muy bajo,Muy bajo,Muy bajo,Muy bajo,Bajo
Ventosa del Río Almar (Salamanca),Muy bajo,Muy bajo,Muy bajo,Muy bajo,Muy bajo,Muy bajo,Bajo
Ventosilla y Tejadilla (Segovia),Bajo,Muy bajo,Muy bajo,Muy bajo,Muy bajo,Bajo,Bajo
Ventrosa (La Rioja),Bajo,Moderado,Bajo,Muy bajo,Muy bajo,Muy bajo,Bajo
Venturada (Madrid),Muy bajo,Muy bajo,Muy bajo,Muy bajo,Muy bajo,Muy bajo,Muy bajo
Vera (Almería),Muy bajo,Muy bajo,Muy bajo,Muy bajo,Muy bajo,Muy bajo,Muy bajo
Vera de Moncayo (Zaragoza),Muy bajo,Muy bajo,Muy bajo,Muy bajo,Muy bajo,Bajo,Bajo
Verdú (Lleida),Muy bajo,Muy bajo,Muy bajo,Muy bajo,Muy bajo,Muy bajo,Muy bajo
Verea (Ourense),Bajo,Muy bajo,Muy bajo,Muy bajo,Muy bajo,Bajo,Bajo
Verges (Girona),Muy bajo,Muy bajo,Muy bajo,Muy bajo,Muy bajo,Muy bajo,Muy bajo
Vertavillo (Palencia),Muy bajo,Muy bajo,Bajo,Bajo,Bajo,Bajo,Bajo
Verín (Ourense),Bajo,Muy bajo,Muy bajo,Muy bajo,Muy bajo,Bajo,Bajo
Vespella de Gaià (Tarragona),Muy bajo,Muy bajo,Muy bajo,Muy bajo,Muy bajo,Muy bajo,Muy bajo
Vezdemarbán (Zamora),Muy bajo,Muy bajo,Muy bajo,Muy bajo,Muy bajo,Bajo,Bajo
Viacamp y Litera (Huesca),Muy bajo,Muy bajo,Muy bajo,Muy bajo,Muy bajo,Bajo,Bajo
Viana (Navarra),Bajo,Bajo,Muy bajo,Muy bajo,Muy bajo,Muy bajo,Bajo
Viana de Cega (Valladolid),Muy bajo,Muy bajo,Muy bajo,Muy bajo,Muy bajo,Muy bajo,Bajo
Viana de Duero (Soria),Muy bajo,Muy bajo,Muy bajo,Muy bajo,Muy bajo,Bajo,Bajo
Viana de Jadraque (Guadalajara),Muy bajo,Muy bajo,Muy bajo,Muy bajo,Muy bajo,Muy bajo,Muy bajo
Viana do Bolo (Ourense),Bajo,Muy bajo,Muy bajo,Muy bajo,Muy bajo,Bajo,Bajo
Viandar de la Vera (Cáceres),Muy bajo,Muy bajo,Muy bajo,Muy bajo,Muy bajo,Muy bajo,Muy bajo
Vianos (Albacete),Muy bajo,Muy bajo,Muy bajo,Muy bajo,Bajo,Bajo,Bajo
Viator (Almería),Muy bajo,Muy bajo,Muy bajo,Muy bajo,Muy bajo,Muy bajo,Bajo
Vic (Barcelona),Muy bajo,Muy bajo,Muy bajo,Muy bajo,Muy bajo,Muy bajo,Bajo
Vicién (Huesca),Muy bajo,Muy bajo,Muy bajo,Muy bajo,Muy bajo,Muy bajo,Bajo
Vidayanes (Zamora),Muy bajo,Muy bajo,Muy bajo,Bajo,Bajo,Bajo,Bajo
Videmala (Zamora),Muy bajo,Muy bajo,Muy bajo,Muy bajo,Muy bajo,Bajo,Muy bajo
Vidreres (Girona),Muy bajo,Muy bajo,Muy bajo,Muy bajo,Muy bajo,Muy bajo,Muy bajo
Vidrà (Girona),Muy bajo,Muy bajo,Muy bajo,Muy bajo,Muy bajo,Muy bajo,Bajo
Vidángoz/Bidankoze (Navarra),Bajo,Bajo,Muy bajo,Muy bajo,Muy bajo,Muy bajo,Bajo
Vielha e Mijaran (Lleida),Muy bajo,Bajo,Muy bajo,Muy bajo,Muy bajo,Bajo,Moderado
Vierlas (Zaragoza),Muy bajo,Bajo,Muy bajo,Muy bajo,Muy bajo,Muy bajo,Bajo
Vigo (Pontevedra),Muy bajo,Muy bajo,Muy bajo,Muy bajo,Muy bajo,Muy bajo,Muy bajo
Viguera (La Rioja),Bajo,Bajo,Muy bajo,Muy bajo,Muy bajo,Muy bajo,Bajo
Vila de Cruces (Pontevedra),Moderado,Muy bajo,Muy bajo,Bajo,Bajo,Bajo,Moderado
Vila-real (Castellón),Muy bajo,Muy bajo,Muy bajo,Muy bajo,Muy bajo,Muy bajo,Muy bajo
Vila-rodona (Tarragona),Muy bajo,Muy bajo,Muy bajo,Muy bajo,Muy bajo,Muy bajo,Muy bajo
Vila-sacra (Girona),Muy bajo,Muy bajo,Muy bajo,Muy bajo,Muy bajo,Muy bajo,Muy bajo
Vila-sana (Lleida),Muy bajo,Muy bajo,Muy bajo,Muy bajo,Muy bajo,Muy bajo,Muy bajo
Vila-seca (Tarragona),Muy bajo,Muy bajo,Muy bajo,Muy bajo,Muy bajo,Muy bajo,Muy bajo
Vilabella (Tarragona),Muy bajo,Muy bajo,Muy bajo,Muy bajo,Muy bajo,Muy bajo,Muy bajo
Vilabertran (Girona),Muy bajo,Muy bajo,Muy bajo,Muy bajo,Muy bajo,Muy bajo,Muy bajo
Vilablareix (Girona),Muy bajo,Muy bajo,Muy bajo,Muy bajo,Muy bajo,Muy bajo,Muy bajo
Vilaboa (Pontevedra),Moderado,Muy bajo,Muy bajo,Bajo,Bajo,Bajo,Moderado
Vilada (Barcelona),Muy bajo,Muy bajo,Muy bajo,Muy bajo,Muy bajo,Muy bajo,Bajo
Viladamat (Girona),Muy bajo,Muy bajo,Muy bajo,Muy bajo,Muy bajo,Muy bajo,Muy bajo
Viladasens (Girona),Muy bajo,Muy bajo,Muy bajo,Muy bajo,Muy bajo,Muy bajo,Muy bajo
Viladecans (Barcelona),Muy bajo,Muy bajo,Muy bajo,Muy bajo,Muy bajo,Muy bajo,Muy bajo
Viladecavalls (Barcelona),Muy bajo,Muy bajo,Muy bajo,Muy bajo,Muy bajo,Muy bajo,Muy bajo
Vilademuls (Girona),Muy bajo,Muy bajo,Muy bajo,Muy bajo,Muy bajo,Muy bajo,Muy bajo
Viladrau (Girona),Muy bajo,Muy bajo,Muy bajo,Muy bajo,Muy bajo,Muy bajo,Bajo
Vilafamés (Castellón),Muy bajo,Muy bajo,Muy bajo,Bajo,Muy bajo,Muy bajo,Muy bajo
Vilafant (Girona),Muy bajo,Muy bajo,Muy bajo,Muy bajo,Muy bajo,Muy bajo,Muy bajo
Vilaflor de Chasna (Tenerife),Muy bajo,Muy bajo,Muy bajo,Muy bajo,Muy bajo,Muy bajo,Muy bajo
Vilafranca de Bonany (Baleares),Muy bajo,Muy bajo,Bajo,Muy bajo,Muy bajo,Muy bajo,Muy bajo
Vilafranca del Penedès (Barcelona),Muy bajo,Muy bajo,Muy bajo,Muy bajo,Muy bajo,Muy bajo,Muy bajo
Vilafranca/Villafranca del Cid (Castellón),Muy bajo,Muy bajo,Muy bajo,Muy bajo,Muy bajo,Muy bajo,Bajo
Vilagarcía de Arousa (Pontevedra),Bajo,Muy bajo,Muy bajo,Bajo,Bajo,Bajo,Bajo
Vilagrassa (Lleida),Muy bajo,Muy bajo,Muy bajo,Muy bajo,Muy bajo,Muy bajo,Muy bajo
Vilajuïga (Girona),Muy bajo,Muy bajo,Muy bajo,Muy bajo,Muy bajo,Muy bajo,Muy bajo
Vilalba (Lugo),Bajo,Muy bajo,Muy bajo,Muy bajo,Bajo,Bajo,Bajo
Vilalba Sasserra (Barcelona),Muy bajo,Muy bajo,Muy bajo,Muy bajo,Muy bajo,Muy bajo,Muy bajo
Vilalba dels Arcs (Tarragona),Muy bajo,Muy bajo,Muy bajo,Muy bajo,Muy bajo,Muy bajo,Muy bajo
Vilaller (Lleida),Muy bajo,Muy bajo,Muy bajo,Muy bajo,Muy bajo,Bajo,Moderado
Vilallonga de Ter (Girona),Muy bajo,Muy bajo,Muy bajo,Muy bajo,Muy bajo,Bajo,Moderado
Vilallonga del Camp (Tarragona),Muy bajo,Muy bajo,Muy bajo,Muy bajo,Muy bajo,Muy bajo,Muy bajo
Vilallonga/Villalonga (Valencia),Muy bajo,Muy bajo,Muy bajo,Muy bajo,Muy bajo,Muy bajo,Muy bajo
Vilamacolum (Girona),Muy bajo,Muy bajo,Muy bajo,Muy bajo,Muy bajo,Muy bajo,Muy bajo
Vilamalla (Girona),Muy bajo,Muy bajo,Muy bajo,Muy bajo,Muy bajo,Muy bajo,Muy bajo
Vilamaniscle (Girona),Muy bajo,Muy bajo,Muy bajo,Muy bajo,Muy bajo,Muy bajo,Muy bajo
Vilamartín de Valdeorras (Ourense),Bajo,Bajo,Muy bajo,Muy bajo,Muy bajo,Bajo,Bajo
Vilamarxant (Valencia),Muy bajo,Muy bajo,Muy bajo,Muy bajo,Muy bajo,Muy bajo,Muy bajo
Vilamarín (Ourense),Bajo,Muy bajo,Muy bajo,Bajo,Bajo,Bajo,Bajo
Vilamòs (Lleida),Muy bajo,Bajo,Muy bajo,Muy bajo,Muy bajo,Bajo,Moderado
Vilanant (Girona),Muy bajo,Muy bajo,Muy bajo,Muy bajo,Muy bajo,Muy bajo,Muy bajo
Vilanova d'Alcolea (Castellón),Muy bajo,Muy bajo,Muy bajo,Muy bajo,Muy bajo,Muy bajo,Muy bajo
Vilanova d'Escornalbou (Tarragona),Muy bajo,Muy bajo,Muy bajo,Muy bajo,Muy bajo,Muy bajo,Muy bajo
Vilanova de Arousa (Pontevedra),Bajo,Muy bajo,Muy bajo,Bajo,Bajo,Bajo,Bajo
Vilanova de Bellpuig (Lleida),Muy bajo,Muy bajo,Muy bajo,Muy bajo,Muy bajo,Muy bajo,Muy bajo
Vilanova de Meià (Lleida),Muy bajo,Muy bajo,Muy bajo,Muy bajo,Muy bajo,Muy bajo,Bajo
Vilanova de Prades (Tarragona),Muy bajo,Muy bajo,Muy bajo,Muy bajo,Muy bajo,Muy bajo,Muy bajo
Vilanova de Sau (Barcelona),Muy bajo,Muy bajo,Muy bajo,Muy bajo,Muy bajo,Muy bajo,Bajo
Vilanova de Segrià (Lleida),Muy bajo,Muy bajo,Muy bajo,Muy bajo,Muy bajo,Muy bajo,Muy bajo
Vilanova de l'Aguda (Lleida),Muy bajo,Muy bajo,Muy bajo,Muy bajo,Muy bajo,Muy bajo,Muy bajo
Vilanova de la Barca (Lleida),Muy bajo,Muy bajo,Muy bajo,Muy bajo,Muy bajo,Muy bajo,Muy bajo
Vilanova del Camí (Barcelona),Muy bajo,Muy bajo,Muy bajo,Muy bajo,Muy bajo,Muy bajo,Muy bajo
Vilanova del Vallès (Barcelona),Muy bajo,Muy bajo,Muy bajo,Muy bajo,Muy bajo,Muy bajo,Muy bajo
Vilanova i la Geltrú (Barcelona),Muy bajo,Muy bajo,Muy bajo,Muy bajo,Muy bajo,Muy bajo,Muy bajo
Vilaplana (Tarragona),Muy bajo,Muy bajo,Muy bajo,Muy bajo,Muy bajo,Muy bajo,Muy bajo
Vilar de Barrio (Ourense),Bajo,Muy bajo,Muy bajo,Muy bajo,Muy bajo,Bajo,Bajo
Vilar de Canes (Castellón),Muy bajo,Muy bajo,Muy bajo,Muy bajo,Muy bajo,Muy bajo,Muy bajo
Vilar de Santos (Ourense),Bajo,Muy bajo,Muy bajo,Muy bajo,Muy bajo,Bajo,Bajo
Vilardevós (Ourense),Muy bajo,Muy bajo,Muy bajo,Muy bajo,Muy bajo,Bajo,Bajo
Vilariño de Conso (Ourense),Bajo,Muy bajo,Muy bajo,Muy bajo,Muy bajo,Bajo,Bajo
Vilarmaior (A Coruña),Bajo,Muy bajo,Muy bajo,Bajo,Bajo,Bajo,Bajo
Vilasantar (A Coruña),Moderado,Muy bajo,Muy bajo,Bajo,Bajo,Bajo,Moderado
Vilassar de Dalt (Barcelona),Muy bajo,Muy bajo,Muy bajo,Muy bajo,Muy bajo,Muy bajo,Muy bajo
Vilassar de Mar (Barcelona),Muy bajo,Muy bajo,Muy bajo,Muy bajo,Muy bajo,Muy bajo,Muy bajo
Vilaverd (Tarragona),Muy bajo,Muy bajo,Muy bajo,Muy bajo,Muy bajo,Muy bajo,Muy bajo
Vilaür (Girona),Muy bajo,Muy bajo,Muy bajo,Muy bajo,Muy bajo,Muy bajo,Muy bajo
Vilches (Jaén),Muy bajo,Muy bajo,Muy bajo,Muy bajo,Muy bajo,Muy bajo,Muy bajo
Vileña (Burgos),Muy bajo,Bajo,Bajo,Muy bajo,Muy bajo,Bajo,Moderado
Villa de Mazo (Tenerife),Bajo,Bajo,Muy bajo,Muy bajo,Muy bajo,Bajo,Bajo
Villa de Otura (Granada),Bajo,Muy bajo,Muy bajo,Muy bajo,Muy bajo,Muy bajo,Muy bajo
Villa de Ves (Albacete),Muy bajo,Muy bajo,Muy bajo,Muy bajo,Muy bajo,Muy bajo,Muy bajo
Villa del Campo (Cáceres),Muy bajo,Muy bajo,Muy bajo,Muy bajo,Muy bajo,Muy bajo,Bajo
Villa del Prado (Madrid),Muy bajo,Muy bajo,Muy bajo,Muy bajo,Muy bajo,Muy bajo,Muy bajo
Villa del Rey (Cáceres),Muy bajo,Muy bajo,Muy bajo,Muy bajo,Muy bajo,Bajo,Bajo
Villa del Río (Córdoba),Muy bajo,Muy bajo,Muy bajo,Muy bajo,Bajo,Muy bajo,Muy bajo
Villabaruz de Campos (Valladolid),Muy bajo,Bajo,Muy bajo,Muy bajo,Bajo,Bajo,Bajo
Villabasta de Valdavia (Palencia),Muy bajo,Bajo,Bajo,Muy bajo,Bajo,Bajo,Bajo
Villablanca (Huelva),Bajo,Muy bajo,Muy bajo,Bajo,Moderado,Bajo,Bajo
Villablino (León),Bajo,Bajo,Muy bajo,Muy bajo,Muy bajo,Bajo,Bajo
Villabona (Guipúzcoa),Bajo,Moderado,Muy bajo,Muy bajo,Muy bajo,Bajo,Moderado
Villabraz (León),Muy bajo,Bajo,Muy bajo,Muy bajo,Muy bajo,Bajo,Bajo
Villabrágima (Valladolid),Muy bajo,Muy bajo,Muy bajo,Muy bajo,Bajo,Bajo,Bajo
Villabrázaro (Zamora),Muy bajo,Bajo,Muy bajo,Muy bajo,Bajo,Bajo,Bajo
Villabuena de Álava/Eskuernaga (Álava),Muy bajo,Bajo,Muy bajo,Muy bajo,Muy bajo,Muy bajo,Bajo
Villabuena del Puente (Zamora),Muy bajo,Muy bajo,Muy bajo,Muy bajo,Muy bajo,Muy bajo,Bajo
Villabáñez (Valladolid),Muy bajo,Muy bajo,Muy bajo,Muy bajo,Bajo,Bajo,Bajo
Villacarralón (Valladolid),Muy bajo,Bajo,Muy bajo,Muy bajo,Bajo,Bajo,Bajo
Villacarriedo (Cantabria),Muy bajo,Bajo,Muy bajo,Muy bajo,Muy bajo,Muy bajo,Bajo
Villacarrillo (Jaén),Muy bajo,Muy bajo,Muy bajo,Muy bajo,Muy bajo,Muy bajo,Bajo
Villacastín (Segovia),Bajo,Muy bajo,Muy bajo,Muy bajo,Muy bajo,Bajo,Bajo
Villacañas (Toledo),Muy bajo,Muy bajo,Muy bajo,Muy bajo,Muy bajo,Muy bajo,Muy bajo
Villacid de Campos (Valladolid),Muy bajo,Bajo,Muy bajo,Bajo,Bajo,Bajo,Bajo
Villacidaler (Palencia),Muy bajo,Muy bajo,Muy bajo,Muy bajo,Bajo,Bajo,Bajo
Villaciervos (Soria),Muy bajo,Muy bajo,Muy bajo,Muy bajo,Muy bajo,Bajo,Bajo
Villaco (Valladolid),Muy bajo,Muy bajo,Muy bajo,Bajo,Bajo,Bajo,Bajo
Villaconancio (Palencia),Bajo,Muy bajo,Bajo,Bajo,Bajo,Bajo,Bajo
Villaconejos (Madrid),Muy bajo,Muy bajo,Muy bajo,Muy bajo,Muy bajo,Muy bajo,Muy bajo
Villaconejos de Trabaque (Cuenca),Muy bajo,Muy bajo,Muy bajo,Muy bajo,Muy bajo,Muy bajo,Muy bajo
Villada (Palencia),Muy bajo,Muy bajo,Muy bajo,Muy bajo,Muy bajo,Bajo,Bajo
Villadangos del Páramo (León),Muy bajo,Muy bajo,Muy bajo,Muy bajo,Muy bajo,Muy bajo,Bajo
Villademor de la Vega (León),Muy bajo,Bajo,Muy bajo,Muy bajo,Muy bajo,Muy bajo,Bajo
Villadepera (Zamora),Muy bajo,Muy bajo,Muy bajo,Muy bajo,Muy bajo,Bajo,Bajo
Villadiego (Burgos),Muy bajo,Bajo,Muy bajo,Muy bajo,Muy bajo,Bajo,Bajo
Villadoz (Zaragoza),Muy bajo,Muy bajo,Muy bajo,Muy bajo,Muy bajo,Muy bajo,Muy bajo
Villaeles de Valdavia (Palencia),Muy bajo,Bajo,Muy bajo,Muy bajo,Muy bajo,Bajo,Bajo
Villaescusa (Cantabria),Muy bajo,Muy bajo,Muy bajo,Muy bajo,Muy bajo,Muy bajo,Bajo
Villaescusa (Zamora),Muy bajo,Muy bajo,Muy bajo,Muy bajo,Muy bajo,Muy bajo,Bajo
Villaescusa de Haro (Cuenca),Muy bajo,Muy bajo,Muy bajo,Muy bajo,Muy bajo,Muy bajo,Muy bajo
Villaescusa de Roa (Burgos),Bajo,Bajo,Muy bajo,Bajo,Bajo,Bajo,Bajo
Villaescusa la Sombría (Burgos),Muy bajo,Bajo,Bajo,Muy bajo,Muy bajo,Bajo,Moderado
Villaespasa (Burgos),Bajo,Bajo,Muy bajo,Bajo,Bajo,Bajo,Moderado
Villafeliche (Zaragoza),Muy bajo,Muy bajo,Muy bajo,Muy bajo,Muy bajo,Muy bajo,Muy bajo
Villaferrueña (Zamora),Muy bajo,Bajo,Muy bajo,Muy bajo,Muy bajo,Bajo,Bajo
Villaflor (Ávila),Muy bajo,Muy bajo,Muy bajo,Muy bajo,Muy bajo,Bajo,Bajo
Villaflores (Salamanca),Muy bajo,Muy bajo,Muy bajo,Muy bajo,Muy bajo,Muy bajo,Bajo
Villafrades de Campos (Valladolid),Muy bajo,Bajo,Muy bajo,Muy bajo,Bajo,Bajo,Bajo
Villafranca (Navarra),Muy bajo,Bajo,Muy bajo,Muy bajo,Bajo,Muy bajo,Bajo
Villafranca Montes de Oca (Burgos),Muy bajo,Bajo,Bajo,Muy bajo,Muy bajo,Muy bajo,Bajo
Villafranca de Córdoba (Córdoba),Muy bajo,Muy bajo,Muy bajo,Muy bajo,Bajo,Muy bajo,Muy bajo
Villafranca de Duero (Valladolid),Muy bajo,Muy bajo,Muy bajo,Muy bajo,Muy bajo,Muy bajo,Bajo
Villafranca de Ebro (Zaragoza),Muy bajo,Muy bajo,Muy bajo,Bajo,Bajo,Muy bajo,Muy bajo
Villafranca de la Sierra (Ávila),Muy bajo,Muy bajo,Muy bajo,Muy bajo,Muy bajo,Bajo,Bajo
Villafranca de los Barros (Badajoz),Muy bajo,Muy bajo,Muy bajo,Muy bajo,Muy bajo,Muy bajo,Muy bajo
Villafranca de los Caballeros (Toledo),Muy bajo,Muy bajo,Muy bajo,Muy bajo,Muy bajo,Muy bajo,Muy bajo
Villafranca del Bierzo (León),Bajo,Muy bajo,Muy bajo,Muy bajo,Muy bajo,Bajo,Bajo
Villafranca del Campo (Teruel),Muy bajo,Muy bajo,Muy bajo,Muy bajo,Muy bajo,Muy bajo,Muy bajo
Villafrechós (Valladolid),Muy bajo,Muy bajo,Muy bajo,Bajo,Bajo,Bajo,Bajo
Villafruela (Burgos),Bajo,Bajo,Bajo,Bajo,Bajo,Bajo,Bajo
Villafuerte (Valladolid),Muy bajo,Muy bajo,Muy bajo,Bajo,Bajo,Bajo,Bajo
Villafufre (Cantabria),Muy bajo,Bajo,Muy bajo,Muy bajo,Muy bajo,Muy bajo,Bajo
Villafáfila (Zamora),Muy bajo,Muy bajo,Muy bajo,Bajo,Bajo,Bajo,Bajo
Villagalijo (Burgos),Muy bajo,Bajo,Bajo,Muy bajo,Muy bajo,Muy bajo,Bajo
Villagarcía de Campos (Valladolid),Muy bajo,Muy bajo,Muy bajo,Muy bajo,Bajo,Bajo,Bajo
Villagarcía de la Torre (Badajoz),Muy bajo,Muy bajo,Muy bajo,Muy bajo,Muy bajo,Muy bajo,Muy bajo
Villagarcía del Llano (Cuenca),Muy bajo,Muy bajo,Muy bajo,Muy bajo,Muy bajo,Muy bajo,Muy bajo
Villagatón (León),Muy bajo,Muy bajo,Muy bajo,Muy bajo,Muy bajo,Bajo,Bajo
Villageriz (Zamora),Muy bajo,Bajo,Muy bajo,Muy bajo,Muy bajo,Bajo,Bajo
Villagonzalo (Badajoz),Muy bajo,Muy bajo,Muy bajo,Muy bajo,Muy bajo,Muy bajo,Muy bajo
Villagonzalo Pedernales (Burgos),Bajo,Bajo,Bajo,Bajo,Bajo,Bajo,Moderado
Villagonzalo de Tormes (Salamanca),Muy bajo,Muy bajo,Muy bajo,Muy bajo,Bajo,Bajo,Bajo
Villagómez la Nueva (Valladolid),Muy bajo,Bajo,Muy bajo,Bajo,Bajo,Bajo,Bajo
Villaharta (Córdoba),Muy bajo,Muy bajo,Muy bajo,Muy bajo,Bajo,Bajo,Bajo
Villahermosa (Ciudad Real),Muy bajo,Muy bajo,Muy bajo,Muy bajo,Muy bajo,Bajo,Bajo
Villahermosa del Campo (Teruel),Muy bajo,Muy bajo,Muy bajo,Muy bajo,Muy bajo,Muy bajo,Muy bajo
Villahermosa del Río (Castellón),Muy bajo,Muy bajo,Muy bajo,Muy bajo,Muy bajo,Bajo,Bajo
Villaherreros (Palencia),Muy bajo,Bajo,Bajo,Muy bajo,Bajo,Bajo,Bajo
Villahoz (Burgos),Bajo,Bajo,Bajo,Bajo,Bajo,Bajo,Bajo
Villahán (Palencia),Bajo,Bajo,Bajo,Bajo,Bajo,Bajo,Moderado
Villalaco (Palencia),Muy bajo,Bajo,Bajo,Muy bajo,Bajo,Bajo,Bajo
Villalar de los Comuneros (Valladolid),Muy bajo,Muy bajo,Muy bajo,Muy bajo,Muy bajo,Muy bajo,Bajo
Villalazán (Zamora),Muy bajo,Muy bajo,Muy bajo,Muy bajo,Muy bajo,Muy bajo,Muy bajo
Villalba de Duero (Burgos),Muy bajo,Bajo,Muy bajo,Muy bajo,Muy bajo,Muy bajo,Bajo
Villalba de Guardo (Palencia),Muy bajo,Muy bajo,Muy bajo,Muy bajo,Muy bajo,Bajo,Bajo
Villalba de Perejil (Zaragoza),Muy bajo,Muy bajo,Muy bajo,Muy bajo,Muy bajo,Muy bajo,Muy bajo
Villalba de Rioja (La Rioja),Muy bajo,Bajo,Bajo,Muy bajo,Muy bajo,Muy bajo,Bajo
Villalba de la Lampreana (Zamora),Muy bajo,Muy bajo,Muy bajo,Bajo,Bajo,Bajo,Bajo
Villalba de la Loma (Valladolid),Muy bajo,Bajo,Muy bajo,Bajo,Bajo,Bajo,Bajo
Villalba de la Sierra (Cuenca),Muy bajo,Muy bajo,Muy bajo,Muy bajo,Muy bajo,Bajo,Bajo
Villalba de los Alcores (Valladolid),Muy bajo,Muy bajo,Muy bajo,Muy bajo,Muy bajo,Bajo,Bajo
Villalba de los Barros (Badajoz),Muy bajo,Muy bajo,Muy bajo,Muy bajo,Muy bajo,Muy bajo,Muy bajo
Villalba de los Llanos (Salamanca),Muy bajo,Muy bajo,Muy bajo,Bajo,Bajo,Bajo,Bajo
Villalba del Alcor (Huelva),Bajo,Muy bajo,Bajo,Bajo,Muy alto,Moderado,Bajo
Villalba del Rey (Cuenca),Muy bajo,Muy bajo,Muy bajo,Muy bajo,Muy bajo,Muy bajo,Muy bajo
Villalbarba (Valladolid),Muy bajo,Muy bajo,Muy bajo,Muy bajo,Bajo,Bajo,Bajo
Villalbilla (Madrid),Muy bajo,Muy bajo,Muy bajo,Muy bajo,Muy bajo,Muy bajo,Muy bajo
Villalbilla de Burgos (Burgos),Bajo,Bajo,Bajo,Bajo,Bajo,Bajo,Moderado
Villalbilla de Gumiel (Burgos),Bajo,Bajo,Muy bajo,Bajo,Bajo,Bajo,Bajo
Villalcampo (Zamora),Muy bajo,Muy bajo,Muy bajo,Muy bajo,Muy bajo,Muy bajo,Muy bajo
Villalcázar de Sirga (Palencia),Muy bajo,Bajo,Bajo,Muy bajo,Bajo,Bajo,Bajo
Villalcón (Palencia),Muy bajo,Muy bajo,Muy bajo,Muy bajo,Muy bajo,Bajo,Bajo
Villaldemiro (Burgos),Bajo,Bajo,Bajo,Bajo,Bajo,Bajo,Moderado
Villalengua (Zaragoza),Muy bajo,Muy bajo,Muy bajo,Muy bajo,Muy bajo,Bajo,Bajo
Villalgordo del Júcar (Albacete),Muy bajo,Muy bajo,Muy bajo,Muy bajo,Muy bajo,Bajo,Bajo
Villalgordo del Marquesado (Cuenca),Muy bajo,Muy bajo,Muy bajo,Muy bajo,Muy bajo,Bajo,Bajo
Villalmanzo (Burgos),Bajo,Bajo,Muy bajo,Bajo,Bajo,Bajo,Bajo
Villalobar de Rioja (La Rioja),Muy bajo,Bajo,Bajo,Muy bajo,Muy bajo,Bajo,Bajo
Villalobos (Zamora),Muy bajo,Bajo,Muy bajo,Bajo,Bajo,Bajo,Bajo
Villalobón (Palencia),Muy bajo,Muy bajo,Muy bajo,Muy bajo,Bajo,Bajo,Bajo
Villalonso (Zamora),Muy bajo,Muy bajo,Muy bajo,Muy bajo,Muy bajo,Muy bajo,Bajo
Villalpando (Zamora),Muy bajo,Muy bajo,Muy bajo,Bajo,Bajo,Bajo,Bajo
Villalpardo (Cuenca),Muy bajo,Muy bajo,Muy bajo,Muy bajo,Muy bajo,Muy bajo,Muy bajo
Villalube (Zamora),Muy bajo,Muy bajo,Muy bajo,Muy bajo,Muy bajo,Bajo,Muy bajo
Villaluenga de la Sagra (Toledo),Muy bajo,Muy bajo,Muy bajo,Muy bajo,Muy bajo,Muy bajo,Muy bajo
Villaluenga de la Vega (Palencia),Muy bajo,Muy bajo,Muy bajo,Muy bajo,Muy bajo,Bajo,Bajo
Villaluenga del Rosario (Cádiz),Bajo,Muy bajo,Muy bajo,Muy bajo,Bajo,Bajo,Bajo
Villalán de Campos (Valladolid),Muy bajo,Muy bajo,Muy bajo,Bajo,Bajo,Bajo,Bajo
Villalón de Campos (Valladolid),Muy bajo,Bajo,Muy bajo,Muy bajo,Bajo,Bajo,Bajo
Villamalea (Albacete),Muy bajo,Muy bajo,Muy bajo,Muy bajo,Muy bajo,Muy bajo,Muy bajo
Villamalur (Castellón),Muy bajo,Muy bajo,Muy bajo,Muy bajo,Muy bajo,Muy bajo,Muy bajo
Villamandos (León),Muy bajo,Bajo,Muy bajo,Muy bajo,Muy bajo,Bajo,Bajo
Villamanrique (Ciudad Real),Muy bajo,Muy bajo,Muy bajo,Muy bajo,Bajo,Bajo,Bajo
Villamanrique de Tajo (Madrid),Muy bajo,Muy bajo,Muy bajo,Muy bajo,Muy bajo,Muy bajo,Muy bajo
Villamanrique de la Condesa (Sevilla),Bajo,Bajo,Bajo,Bajo,Moderado,Bajo,Bajo
Villamanta (Madrid),Muy bajo,Muy bajo,Muy bajo,Muy bajo,Muy bajo,Muy bajo,Muy bajo
Villamantilla (Madrid),Muy bajo,Muy bajo,Muy bajo,Muy bajo,Muy bajo,Bajo,Muy bajo
Villamanín (León),Muy bajo,Muy bajo,Muy bajo,Muy bajo,Muy bajo,Muy bajo,Bajo
Villamartín (Cádiz),Muy alto,Muy bajo,Muy bajo,Bajo,Bajo,Bajo,Bajo
Villamartín de Campos (Palencia),Muy bajo,Muy bajo,Bajo,Muy bajo,Bajo,Bajo,Bajo
Villamartín de Don Sancho (León),Muy bajo,Muy bajo,Muy bajo,Muy bajo,Muy bajo,Bajo,Bajo
Villamayor (Salamanca),Muy bajo,Muy bajo,Muy bajo,Muy bajo,Muy bajo,Muy bajo,Bajo
Villamayor de Calatrava (Ciudad Real),Muy bajo,Muy bajo,Muy bajo,Muy bajo,Muy bajo,Muy bajo,Muy bajo
Villamayor de Campos (Zamora),Muy bajo,Muy bajo,Muy bajo,Bajo,Bajo,Bajo,Bajo
Villamayor de Gállego (Zaragoza),Muy bajo,Muy bajo,Muy bajo,Muy bajo,Muy bajo,Muy bajo,Muy bajo
Villamayor de Monjardín (Navarra),Bajo,Bajo,Muy bajo,Muy bajo,Bajo,Bajo,Bajo
Villamayor de Santiago (Cuenca),Muy bajo,Muy bajo,Muy bajo,Muy bajo,Muy bajo,Muy bajo,Muy bajo
Villamayor de Treviño (Burgos),Muy bajo,Bajo,Muy bajo,Muy bajo,Muy bajo,Bajo,Bajo
Villamayor de los Montes (Burgos),Bajo,Bajo,Muy bajo,Bajo,Bajo,Bajo,Bajo
Villamañán (León),Muy bajo,Muy bajo,Muy bajo,Muy bajo,Muy bajo,Muy bajo,Bajo
Villambistia (Burgos),Muy bajo,Bajo,Bajo,Muy bajo,Muy bajo,Muy bajo,Bajo
Villamediana (Palencia),Muy bajo,Muy bajo,Bajo,Muy bajo,Bajo,Bajo,Bajo
Villamediana de Iregua (La Rioja),Bajo,Bajo,Muy bajo,Muy bajo,Muy bajo,Muy bajo,Bajo
Villamedianilla (Burgos),Muy bajo,Bajo,Bajo,Muy bajo,Bajo,Bajo,Moderado
Villamejil (León),Bajo,Bajo,Muy bajo,Muy bajo,Muy bajo,Bajo,Bajo
Villamena (Granada),Muy bajo,Muy bajo,Muy bajo,Muy bajo,Muy bajo,Muy bajo,Muy bajo
Villameriel (Palencia),Muy bajo,Bajo,Muy bajo,Muy bajo,Muy bajo,Bajo,Bajo
Villamesías (Cáceres),Muy bajo,Muy bajo,Muy bajo,Muy bajo,Muy bajo,Bajo,Bajo
Villamiel (Cáceres),Muy bajo,Muy bajo,Muy bajo,Muy bajo,Muy bajo,Bajo,Bajo
Villamiel de Toledo (Toledo),Muy bajo,Muy bajo,Muy bajo,Muy bajo,Muy bajo,Muy bajo,Muy bajo
Villamiel de la Sierra (Burgos),Bajo,Bajo,Muy bajo,Muy bajo,Bajo,Bajo,Bajo
Villaminaya (Toledo),Muy bajo,Muy bajo,Muy bajo,Muy bajo,Muy bajo,Muy bajo,Muy bajo
Villamol (León),Muy bajo,Muy bajo,Muy bajo,Muy bajo,Muy bajo,Bajo,Bajo
Villamontán de la Valduerna (León),Muy bajo,Bajo,Muy bajo,Muy bajo,Muy bajo,Bajo,Bajo
Villamor de los Escuderos (Zamora),Muy bajo,Muy bajo,Muy bajo,Muy bajo,Muy bajo,Bajo,Bajo
Villamoratiel de las Matas (León),Muy bajo,Muy bajo,Muy bajo,Muy bajo,Muy bajo,Bajo,Bajo
Villamoronta (Palencia),Muy bajo,Bajo,Muy bajo,Muy bajo,Bajo,Bajo,Bajo
Villamuelas (Toledo),Muy bajo,Muy bajo,Muy bajo,Muy bajo,Muy bajo,Muy bajo,Muy bajo
Villamuera de la Cueza (Palencia),Muy bajo,Bajo,Bajo,Muy bajo,Bajo,Bajo,Bajo
Villamuriel de Campos (Valladolid),Muy bajo,Muy bajo,Muy bajo,Bajo,Bajo,Bajo,Bajo
Villamuriel de Cerrato (Palencia),Muy bajo,Muy bajo,Muy bajo,Muy bajo,Bajo,Bajo,Bajo
Villangómez (Burgos),Bajo,Bajo,Bajo,Muy bajo,Bajo,Bajo,Bajo
Villanova (Huesca),Muy bajo,Muy bajo,Muy bajo,Muy bajo,Bajo,Bajo,Moderado
Villanubla (Valladolid),Muy bajo,Muy bajo,Muy bajo,Muy bajo,Bajo,Bajo,Bajo
Villanueva Mesía (Granada),Bajo,Muy bajo,Muy bajo,Muy bajo,Muy bajo,Muy bajo,Muy bajo
Villanueva de Alcardete (Toledo),Muy bajo,Muy bajo,Muy bajo,Muy bajo,Muy bajo,Muy bajo,Muy bajo
Villanueva de Alcorón (Guadalajara),Muy bajo,Muy bajo,Muy bajo,Muy bajo,Muy bajo,Bajo,Bajo
Villanueva de Algaidas (Málaga),Bajo,Muy bajo,Muy bajo,Muy bajo,Muy bajo,Muy bajo,Muy bajo
Villanueva de Argaño (Burgos),Muy bajo,Bajo,Bajo,Bajo,Bajo,Bajo,Moderado
Villanueva de Argecilla (Guadalajara),Muy bajo,Muy bajo,Muy bajo,Muy bajo,Muy bajo,Muy bajo,Muy bajo
Villanueva de Azoague (Zamora),Muy bajo,Bajo,Muy bajo,Bajo,Bajo,Bajo,Bajo
Villanueva de Bogas (Toledo),Muy bajo,Muy bajo,Muy bajo,Muy bajo,Muy bajo,Muy bajo,Muy bajo
Villanueva de Cameros (La Rioja),Bajo,Bajo,Muy bajo,Muy bajo,Muy bajo,Muy bajo,Bajo
Villanueva de Campeán (Zamora),Muy bajo,Muy bajo,Muy bajo,Muy bajo,Muy bajo,Muy bajo,Muy bajo
Villanueva de Carazo (Burgos),Bajo,Moderado,Muy bajo,Bajo,Bajo,Bajo,Moderado
Villanueva de Córdoba (Córdoba),Muy bajo,Muy bajo,Muy bajo,Muy bajo,Muy bajo,Bajo,Bajo
Villanueva de Duero (Valladolid),Muy bajo,Muy bajo,Muy bajo,Muy bajo,Bajo,Bajo,Bajo
Villanueva de Gormaz (Soria),Muy bajo,Bajo,Muy bajo,Bajo,Bajo,Bajo,Bajo
Villanueva de Guadamejud (Cuenca),Muy bajo,Muy bajo,Muy bajo,Muy bajo,Muy bajo,Muy bajo,Muy bajo
Villanueva de Gumiel (Burgos),Muy bajo,Bajo,Muy bajo,Muy bajo,Muy bajo,Muy bajo,Bajo
Villanueva de Gállego (Zaragoza),Muy bajo,Muy bajo,Muy bajo,Muy bajo,Muy bajo,Muy bajo,Muy bajo
Villanueva de Gómez (Ávila),Muy bajo,Muy bajo,Muy bajo,Muy bajo,Muy bajo,Muy bajo,Bajo
Villanueva de Huerva (Zaragoza),Muy bajo,Muy bajo,Muy bajo,Bajo,Bajo,Bajo,Bajo
Villanueva de Jiloca (Zaragoza),Muy bajo,Muy bajo,Muy bajo,Muy bajo,Muy bajo,Muy bajo,Muy bajo
Villanueva de Oscos (Asturias),Muy bajo,Muy bajo,Muy bajo,Muy bajo,Muy bajo,Muy bajo,Bajo
Villanueva de Perales (Madrid),Muy bajo,Muy bajo,Muy bajo,Muy bajo,Muy bajo,Bajo,Muy bajo
Villanueva de San Carlos (Ciudad Real),Muy bajo,Muy bajo,Muy bajo,Muy bajo,Bajo,Bajo,Bajo
Villanueva de San Juan (Sevilla),Moderado,Muy bajo,Muy bajo,Muy bajo,Bajo,Bajo,Bajo
Villanueva de San Mancio (Valladolid),Muy bajo,Muy bajo,Bajo,Muy bajo,Bajo,Bajo,Bajo
Villanueva de Sigena (Huesca),Muy bajo,Muy bajo,Muy bajo,Moderado,Bajo,Bajo,Bajo
Villanueva de Tapia (Málaga),Bajo,Muy bajo,Muy bajo,Muy bajo,Muy bajo,Muy bajo,Muy bajo
Villanueva de Teba (Burgos),Muy bajo,Bajo,Muy bajo,Muy bajo,Muy bajo,Bajo,Bajo
Villanueva de Viver (Castellón),Muy bajo,Muy bajo,Muy bajo,Muy bajo,Muy bajo,Muy bajo,Muy bajo
Villanueva de la Cañada (Madrid),Muy bajo,Muy bajo,Muy bajo,Muy bajo,Muy bajo,Muy bajo,Muy bajo
Villanueva de la Concepción (Málaga),Muy bajo,Muy bajo,Muy bajo,Muy bajo,Bajo,Bajo,Bajo
Villanueva de la Condesa (Valladolid),Muy bajo,Bajo,Muy bajo,Bajo,Bajo,Bajo,Bajo
Villanueva de la Fuente (Ciudad Real),Muy bajo,Muy bajo,Muy bajo,Muy bajo,Muy bajo,Bajo,Bajo
Villanueva de la Jara (Cuenca),Muy bajo,Muy bajo,Muy bajo,Muy bajo,Muy bajo,Bajo,Bajo
Villanueva de la Reina (Jaén),Muy bajo,Muy bajo,Muy bajo,Muy bajo,Bajo,Bajo,Bajo
Villanueva de la Serena (Badajoz),Muy bajo,Muy bajo,Muy bajo,Muy bajo,Muy bajo,Muy bajo,Muy bajo
Villanueva de la Sierra (Cáceres),Muy bajo,Muy bajo,Muy bajo,Muy bajo,Muy bajo,Muy bajo,Bajo
Villanueva de la Torre (Guadalajara),Muy bajo,Muy bajo,Muy bajo,Muy bajo,Muy bajo,Muy bajo,Muy bajo
Villanueva de la Vera (Cáceres),Muy bajo,Muy bajo,Muy bajo,Muy bajo,Muy bajo,Muy bajo,Muy bajo
Villanueva de las Cruces (Huelva),Bajo,Muy bajo,Muy bajo,Muy bajo,Bajo,Bajo,Bajo
Villanueva de las Manzanas (León),Muy bajo,Muy bajo,Muy bajo,Muy bajo,Muy bajo,Muy bajo,Bajo
Villanueva de las Peras (Zamora),Muy bajo,Muy bajo,Muy bajo,Muy bajo,Muy bajo,Bajo,Bajo
Villanueva de las Torres (Granada),Muy bajo,Muy bajo,Muy bajo,Muy bajo,Muy bajo,Muy bajo,Muy bajo
Villanueva de los Caballeros (Valladolid),Muy bajo,Muy bajo,Muy bajo,Muy bajo,Bajo,Bajo,Bajo
Villanueva de los Castillejos (Huelva),Bajo,Muy bajo,Muy bajo,Muy bajo,Bajo,Bajo,Bajo
Villanueva de los Infantes (Ciudad Real),Muy bajo,Muy bajo,Muy bajo,Muy bajo,Muy bajo,Muy bajo,Muy bajo
Villanueva de los Infantes (Valladolid),Muy bajo,Muy bajo,Bajo,Bajo,Bajo,Bajo,Moderado
Villanueva de Ávila (Ávila),Muy bajo,Muy bajo,Muy bajo,Muy bajo,Muy bajo,Bajo,Bajo
Villanueva del Aceral (Ávila),Muy bajo,Muy bajo,Muy bajo,Muy bajo,Muy bajo,Muy bajo,Bajo
Villanueva del Ariscal (Sevilla),Muy bajo,Muy bajo,Muy bajo,Muy bajo,Muy bajo,Muy bajo,Muy bajo
Villanueva del Arzobispo (Jaén),Muy bajo,Muy bajo,Muy bajo,Muy bajo,Muy bajo,Muy bajo,Muy bajo
Villanueva del Campillo (Ávila),Muy bajo,Muy bajo,Muy bajo,Muy bajo,Muy bajo,Bajo,Bajo
Villanueva del Campo (Zamora),Muy bajo,Bajo,Muy bajo,Bajo,Bajo,Bajo,Bajo
Villanueva del Conde (Salamanca),Muy bajo,Muy bajo,Muy bajo,Muy bajo,Bajo,Bajo,Bajo
Villanueva del Duque (Córdoba),Muy bajo,Muy bajo,Muy bajo,Muy bajo,Muy bajo,Bajo,Bajo
Villanueva del Fresno (Badajoz),Muy bajo,Muy bajo,Muy bajo,Muy bajo,Muy bajo,Muy bajo,Muy bajo
Villanueva del Pardillo (Madrid),Muy bajo,Muy bajo,Muy bajo,Muy bajo,Muy bajo,Muy bajo,Muy bajo
Villanueva del Rebollar (Palencia),Muy bajo,Bajo,Bajo,Muy bajo,Bajo,Bajo,Bajo
Villanueva del Rebollar de la Sierra (Teruel),Muy bajo,Muy bajo,Muy bajo,Muy bajo,Muy bajo,Muy bajo,Bajo
Villanueva del Rey (Córdoba),Muy bajo,Muy bajo,Muy bajo,Muy bajo,Bajo,Bajo,Bajo
Villanueva del Rosario (Málaga),Bajo,Muy bajo,Muy bajo,Muy bajo,Muy bajo,Muy bajo,Bajo
Villanueva del Río Segura (Murcia),Muy bajo,Muy bajo,Muy bajo,Muy bajo,Muy bajo,Muy bajo,Muy bajo
Villanueva del Río y Minas (Sevilla),Muy bajo,Muy bajo,Muy bajo,Muy bajo,Bajo,Bajo,Bajo
Villanueva del Trabuco (Málaga),Bajo,Muy bajo,Muy bajo,Muy bajo,Muy bajo,Muy bajo,Muy bajo
Villanuño de Valdavia (Palencia),Muy bajo,Bajo,Muy bajo,Muy bajo,Muy bajo,Bajo,Bajo
Villanázar (Zamora),Muy bajo,Bajo,Bajo,Bajo,Bajo,Bajo,Bajo
Villanúa (Huesca),Bajo,Muy bajo,Muy bajo,Muy bajo,Muy bajo,Bajo,Moderado
Villaobispo de Otero (León),Bajo,Bajo,Muy bajo,Muy bajo,Bajo,Bajo,Bajo
Villaornate y Castro (León),Muy bajo,Bajo,Muy bajo,Muy bajo,Muy bajo,Bajo,Bajo
Villapalacios (Albacete),Bajo,Bajo,Muy bajo,Muy bajo,Bajo,Bajo,Bajo
Villaprovedo (Palencia),Muy bajo,Bajo,Muy bajo,Muy bajo,Bajo,Bajo,Bajo
Villaquejida (León),Muy bajo,Bajo,Muy bajo,Muy bajo,Muy bajo,Bajo,Bajo
Villaquilambre (León),Muy bajo,Muy bajo,Muy bajo,Muy bajo,Muy bajo,Muy bajo,Bajo
Villaquirán de la Puebla (Burgos),Muy bajo,Bajo,Bajo,Muy bajo,Bajo,Bajo,Moderado
Villaquirán de los Infantes (Burgos),Bajo,Bajo,Bajo,Bajo,Bajo,Bajo,Moderado
Villar de Argañán (Salamanca),Bajo,Muy bajo,Muy bajo,Muy bajo,Bajo,Bajo,Bajo
Villar de Cañas (Cuenca),Muy bajo,Muy bajo,Muy bajo,Muy bajo,Muy bajo,Muy bajo,Muy bajo
Villar de Ciervo (Salamanca),Bajo,Muy bajo,Muy bajo,Muy bajo,Bajo,Bajo,Bajo
Villar de Corneja (Ávila),Muy bajo,Muy bajo,Muy bajo,Muy bajo,Bajo,Bajo,Bajo
Villar de Domingo García (Cuenca),Muy bajo,Muy bajo,Muy bajo,Muy bajo,Muy bajo,Muy bajo,Muy bajo
Villar de Fallaves (Zamora),Muy bajo,Muy bajo,Muy bajo,Bajo,Bajo,Bajo,Bajo
Villar de Gallimazo (Salamanca),Muy bajo,Muy bajo,Muy bajo,Muy bajo,Muy bajo,Muy bajo,Bajo
Villar de Olalla (Cuenca),Muy bajo,Muy bajo,Muy bajo,Muy bajo,Muy bajo,Muy bajo,Muy bajo
Villar de Peralonso (Salamanca),Muy bajo,Muy bajo,Muy bajo,Bajo,Bajo,Bajo,Bajo
Villar de Plasencia (Cáceres),Muy bajo,Muy bajo,Muy bajo,Muy bajo,Muy bajo,Muy bajo,Bajo
Villar de Rena (Badajoz),Muy bajo,Muy bajo,Muy bajo,Muy bajo,Muy bajo,Muy bajo,Muy bajo
Villar de Samaniego (Salamanca),Muy bajo,Muy bajo,Muy bajo,Bajo,Bajo,Bajo,Bajo
Villar de Torre (La Rioja),Bajo,Bajo,Muy bajo,Muy bajo,Muy bajo,Muy bajo,Bajo
Villar de la Encina (Cuenca),Muy bajo,Muy bajo,Muy bajo,Muy bajo,Muy bajo,Bajo,Bajo
Villar de la Yegua (Salamanca),Bajo,Muy bajo,Muy bajo,Muy bajo,Bajo,Bajo,Bajo
Villar de los Navarros (Zaragoza),Muy bajo,Muy bajo,Muy bajo,Muy bajo,Muy bajo,Muy bajo,Muy bajo
Villar del Ala (Soria),Muy bajo,Muy bajo,Muy bajo,Muy bajo,Muy bajo,Bajo,Bajo
Villar del Arzobispo (Valencia),Muy bajo,Muy bajo,Muy bajo,Muy bajo,Muy bajo,Muy bajo,Muy bajo
Villar del Buey (Zamora),Muy bajo,Muy bajo,Muy bajo,Muy bajo,Muy bajo,Bajo,Bajo
Villar del Campo (Soria),Muy bajo,Muy bajo,Muy bajo,Muy bajo,Muy bajo,Bajo,Bajo
Villar del Cobo (Teruel),Muy bajo,Muy bajo,Muy bajo,Muy bajo,Muy bajo,Bajo,Bajo
Villar del Humo (Cuenca),Muy bajo,Muy bajo,Muy bajo,Muy bajo,Muy bajo,Muy bajo,Muy bajo
Villar del Infantado (Cuenca),Muy bajo,Muy bajo,Muy bajo,Muy bajo,Muy bajo,Muy bajo,Muy bajo
Villar del Olmo (Madrid),Muy bajo,Muy bajo,Muy bajo,Muy bajo,Muy bajo,Bajo,Bajo
Villar del Pedroso (Cáceres),Muy bajo,Muy bajo,Muy bajo,Muy bajo,Muy bajo,Muy bajo,Muy bajo
Villar del Pozo (Ciudad Real),Muy bajo,Muy bajo,Muy bajo,Muy bajo,Muy bajo,Muy bajo,Muy bajo
Villar del Rey (Badajoz),Muy bajo,Muy bajo,Muy bajo,Muy bajo,Muy bajo,Bajo,Bajo
Villar del Río (Soria),Bajo,Bajo,Muy bajo,Muy bajo,Muy bajo,Bajo,Bajo
Villar del Salz (Teruel),Muy bajo,Muy bajo,Muy bajo,Muy bajo,Muy bajo,Muy bajo,Muy bajo
Villar y Velasco (Cuenca),Muy bajo,Muy bajo,Muy bajo,Muy bajo,Muy bajo,Muy bajo,Muy bajo
Villaralbo (Zamora),Muy bajo,Muy bajo,Muy bajo,Muy bajo,Muy bajo,Bajo,Muy bajo
Villaralto (Córdoba),Muy bajo,Muy bajo,Muy bajo,Muy bajo,Muy bajo,Muy bajo,Bajo
Villarcayo de Merindad de Castilla la Vieja (Burgos),Muy bajo,Bajo,Muy bajo,Muy bajo,Muy bajo,Muy bajo,Bajo
Villardeciervos (Zamora),Bajo,Muy bajo,Muy bajo,Muy bajo,Muy bajo,Bajo,Bajo
Villardefrades (Valladolid),Muy bajo,Muy bajo,Muy bajo,Muy bajo,Bajo,Bajo,Bajo
Villardiegua de la Ribera (Zamora),Bajo,Muy bajo,Muy bajo,Muy bajo,Muy bajo,Bajo,Bajo
Villardompardo (Jaén),Muy bajo,Muy bajo,Muy bajo,Muy bajo,Muy bajo,Muy bajo,Muy bajo
Villardondiego (Zamora),Muy bajo,Muy bajo,Muy bajo,Muy bajo,Muy bajo,Muy bajo,Muy bajo
Villarejo (La Rioja),Muy bajo,Muy bajo,Muy bajo,Muy bajo,Muy bajo,Muy bajo,Bajo
Villarejo de Fuentes (Cuenca),Muy bajo,Muy bajo,Muy bajo,Muy bajo,Muy bajo,Muy bajo,Muy bajo
Villarejo de Montalbán (Toledo),Muy bajo,Muy bajo,Muy bajo,Muy bajo,Muy bajo,Muy bajo,Muy bajo
Villarejo de Salvanés (Madrid),Muy bajo,Muy bajo,Muy bajo,Muy bajo,Muy bajo,Muy bajo,Muy bajo
Villarejo de la Peñuela (Cuenca),Muy bajo,Muy bajo,Muy bajo,Muy bajo,Muy bajo,Muy bajo,Muy bajo
Villarejo de Órbigo (León),Muy bajo,Bajo,Muy bajo,Muy bajo,Muy bajo,Bajo,Bajo
Villarejo del Valle (Ávila),Muy bajo,Muy bajo,Muy bajo,Muy bajo,Muy bajo,Bajo,Bajo
Villarejo-Periesteban (Cuenca),Muy bajo,Muy bajo,Muy bajo,Muy bajo,Muy bajo,Muy bajo,Muy bajo
Villares de Jadraque (Guadalajara),Muy bajo,Muy bajo,Muy bajo,Muy bajo,Muy bajo,Muy bajo,Bajo
Villares de Yeltes (Salamanca),Muy bajo,Muy bajo,Muy bajo,Muy bajo,Bajo,Bajo,Bajo
Villares de la Reina (Salamanca),Muy bajo,Muy bajo,Muy bajo,Muy bajo,Muy bajo,Muy bajo,Bajo
Villares de Órbigo (León),Muy bajo,Bajo,Muy bajo,Muy bajo,Muy bajo,Bajo,Bajo
Villares del Saz (Cuenca),Muy bajo,Muy bajo,Muy bajo,Muy bajo,Muy bajo,Muy bajo,Muy bajo
Villargordo del Cabriel (Valencia),Muy bajo,Muy bajo,Muy bajo,Muy bajo,Muy bajo,Muy bajo,Muy bajo
Villariezo (Burgos),Bajo,Bajo,Bajo,Bajo,Bajo,Bajo,Moderado
Villarino de los Aires (Salamanca),Bajo,Muy bajo,Muy bajo,Bajo,Bajo,Bajo,Bajo
Villarluengo (Teruel),Muy bajo,Muy bajo,Muy bajo,Muy bajo,Muy bajo,Muy bajo,Bajo
Villarmayor (Salamanca),Muy bajo,Muy bajo,Muy bajo,Muy bajo,Bajo,Bajo,Bajo
Villarmentero de Campos (Palencia),Muy bajo,Bajo,Bajo,Bajo,Bajo,Bajo,Bajo
Villarmentero de Esgueva (Valladolid),Muy bajo,Muy bajo,Muy bajo,Bajo,Bajo,Bajo,Bajo
Villarmuerto (Salamanca),Muy bajo,Muy bajo,Muy bajo,Bajo,Bajo,Bajo,Bajo
Villarquemado (Teruel),Muy bajo,Muy bajo,Muy bajo,Muy bajo,Muy bajo,Muy bajo,Muy bajo
Villarrabé (Palencia),Muy bajo,Muy bajo,Muy bajo,Muy bajo,Muy bajo,Bajo,Bajo
Villarramiel (Palencia),Muy bajo,Muy bajo,Bajo,Muy bajo,Bajo,Bajo,Bajo
Villarrasa (Huelva),Bajo,Muy bajo,Bajo,Bajo,Muy alto,Moderado,Bajo
Villarreal de Huerva (Zaragoza),Muy bajo,Muy bajo,Muy bajo,Muy bajo,Muy bajo,Muy bajo,Muy bajo
Villarrobledo (Albacete),Muy bajo,Muy bajo,Muy bajo,Muy bajo,Muy bajo,Muy bajo,Muy bajo
Villarrodrigo (Jaén),Bajo,Bajo,Muy bajo,Muy bajo,Bajo,Bajo,Bajo
Villarroya (La Rioja),Muy bajo,Bajo,Muy bajo,Muy bajo,Muy bajo,Bajo,Bajo
Villarroya de la Sierra (Zaragoza),Muy bajo,Muy bajo,Muy bajo,Muy bajo,Muy bajo,Muy bajo,Bajo
Villarroya de los Pinares (Teruel),Muy bajo,Muy bajo,Muy bajo,Muy bajo,Muy bajo,Muy bajo,Bajo
Villarroya del Campo (Zaragoza),Muy bajo,Muy bajo,Muy bajo,Muy bajo,Muy bajo,Muy bajo,Muy bajo
Villarrubia de Santiago (Toledo),Muy bajo,Muy bajo,Muy bajo,Muy bajo,Muy bajo,Muy bajo,Muy bajo
Villarrubia de los Ojos (Ciudad Real),Muy bajo,Muy bajo,Muy bajo,Muy bajo,Muy bajo,Muy bajo,Muy bajo
Villarrubio (Cuenca),Muy bajo,Muy bajo,Muy bajo,Muy bajo,Muy bajo,Muy bajo,Muy bajo
Villarrín de Campos (Zamora),Muy bajo,Muy bajo,Muy bajo,Bajo,Bajo,Bajo,Bajo
Villarta (Cuenca),Muy bajo,Muy bajo,Muy bajo,Muy bajo,Muy bajo,Muy bajo,Muy bajo
Villarta de San Juan (Ciudad Real),Muy bajo,Muy bajo,Muy bajo,Muy bajo,Muy bajo,Muy bajo,Muy bajo
Villarta de los Montes (Badajoz),Muy bajo,Muy bajo,Muy bajo,Muy bajo,Muy bajo,Muy bajo,Muy bajo
Villarta-Quintana (La Rioja),Muy bajo,Muy bajo,Bajo,Muy bajo,Muy bajo,Muy bajo,Bajo
Villas de la Ventosa (Cuenca),Muy bajo,Muy bajo,Muy bajo,Muy bajo,Muy bajo,Muy bajo,Muy bajo
Villasabariego (León),Muy bajo,Muy bajo,Muy bajo,Muy bajo,Muy bajo,Muy bajo,Bajo
Villasandino (Burgos),Muy bajo,Bajo,Muy bajo,Muy bajo,Muy bajo,Bajo,Bajo
Villasarracino (Palencia),Muy bajo,Bajo,Bajo,Muy bajo,Bajo,Bajo,Bajo
Villasayas (Soria),Muy bajo,Muy bajo,Muy bajo,Muy bajo,Muy bajo,Bajo,Bajo
Villasbuenas (Salamanca),Bajo,Muy bajo,Muy bajo,Muy bajo,Bajo,Bajo,Bajo
Villasbuenas de Gata (Cáceres),Muy bajo,Muy bajo,Muy bajo,Muy bajo,Muy bajo,Muy bajo,Bajo
Villasdardo (Salamanca),Muy bajo,Muy bajo,Muy bajo,Muy bajo,Bajo,Bajo,Bajo
Villaseca de Arciel (Soria),Muy bajo,Muy bajo,Muy bajo,Muy bajo,Bajo,Bajo,Bajo
Villaseca de Henares (Guadalajara),Muy bajo,Muy bajo,Muy bajo,Muy bajo,Muy bajo,Muy bajo,Muy bajo
Villaseca de Uceda (Guadalajara),Muy bajo,Muy bajo,Muy bajo,Muy bajo,Muy bajo,Muy bajo,Muy bajo
Villaseca de la Sagra (Toledo),Muy bajo,Muy bajo,Muy bajo,Muy bajo,Muy bajo,Muy bajo,Muy bajo
Villaseco de los Gamitos (Salamanca),Muy bajo,Muy bajo,Muy bajo,Muy bajo,Bajo,Bajo,Bajo
Villaseco de los Reyes (Salamanca),Muy bajo,Muy bajo,Muy bajo,Muy bajo,Bajo,Bajo,Bajo
Villaseco del Pan (Zamora),Muy bajo,Muy bajo,Muy bajo,Muy bajo,Muy bajo,Muy bajo,Muy bajo
Villaselán (León),Muy bajo,Muy bajo,Muy bajo,Muy bajo,Muy bajo,Bajo,Bajo
Villasequilla (Toledo),Muy bajo,Muy bajo,Muy bajo,Muy bajo,Muy bajo,Muy bajo,Muy bajo
Villasexmir (Valladolid),Muy bajo,Muy bajo,Muy bajo,Muy bajo,Bajo,Bajo,Bajo
Villasila de Valdavia (Palencia),Muy bajo,Bajo,Muy bajo,Muy bajo,Muy bajo,Bajo,Bajo
Villasrubias (Salamanca),Muy bajo,Muy bajo,Muy bajo,Muy bajo,Muy bajo,Bajo,Bajo
Villastar (Teruel),Muy bajo,Muy bajo,Muy bajo,Muy bajo,Muy bajo,Muy bajo,Muy bajo
Villasur de Herreros (Burgos),Bajo,Bajo,Bajo,Muy bajo,Muy bajo,Bajo,Bajo
Villatobas (Toledo),Muy bajo,Muy bajo,Muy bajo,Muy bajo,Muy bajo,Muy bajo,Muy bajo
Villatoro (Ávila),Muy bajo,Muy bajo,Muy bajo,Muy bajo,Muy bajo,Bajo,Bajo
Villatorres (Jaén),Muy bajo,Muy bajo,Muy bajo,Muy bajo,Muy bajo,Muy bajo,Muy bajo
Villatoya (Albacete),Muy bajo,Muy bajo,Muy bajo,Muy bajo,Muy bajo,Muy bajo,Muy bajo
Villatuelda (Burgos),Bajo,Bajo,Bajo,Bajo,Bajo,Bajo,Bajo
Villatuerta (Navarra),Muy bajo,Bajo,Muy bajo,Muy bajo,Muy bajo,Muy bajo,Bajo
Villaturde (Palencia),Muy bajo,Bajo,Muy bajo,Muy bajo,Bajo,Bajo,Bajo
Villaturiel (León),Muy bajo,Muy bajo,Muy bajo,Muy bajo,Muy bajo,Muy bajo,Muy bajo
Villaumbrales (Palencia),Muy bajo,Muy bajo,Muy bajo,Muy bajo,Bajo,Bajo,Bajo
Villava/Atarrabia (Navarra),Muy bajo,Muy bajo,Muy bajo,Muy bajo,Muy bajo,Muy bajo,Muy bajo
Villavaliente (Albacete),Muy bajo,Muy bajo,Muy bajo,Muy bajo,Muy bajo,Muy bajo,Muy bajo
Villavaquerín (Valladolid),Muy bajo,Muy bajo,Muy bajo,Muy bajo,Bajo,Bajo,Bajo
Villavelayo (La Rioja),Bajo,Bajo,Muy bajo,Muy bajo,Muy bajo,Bajo,Moderado
Villavellid (Valladolid),Muy bajo,Muy bajo,Muy bajo,Muy bajo,Bajo,Bajo,Bajo
Villavendimio (Zamora),Muy bajo,Muy bajo,Muy bajo,Muy bajo,Muy bajo,Muy bajo,Muy bajo
Villaverde de Guadalimar (Albacete),Muy bajo,Muy bajo,Muy bajo,Muy bajo,Bajo,Bajo,Bajo
Villaverde de Guareña (Salamanca),Muy bajo,Muy bajo,Muy bajo,Muy bajo,Muy bajo,Muy bajo,Bajo
Villaverde de Medina (Valladolid),Muy bajo,Muy bajo,Muy bajo,Muy bajo,Muy bajo,Muy bajo,Bajo
Villaverde de Montejo (Segovia),Muy bajo,Muy bajo,Muy bajo,Muy bajo,Muy bajo,Muy bajo,Muy bajo
Villaverde de Rioja (La Rioja),Muy bajo,Muy bajo,Muy bajo,Muy bajo,Muy bajo,Muy bajo,Bajo
Villaverde de Íscar (Segovia),Muy bajo,Muy bajo,Muy bajo,Muy bajo,Muy bajo,Muy bajo,Bajo
Villaverde del Monte (Burgos),Bajo,Bajo,Bajo,Bajo,Bajo,Bajo,Bajo
Villaverde del Río (Sevilla),Muy bajo,Muy bajo,Muy bajo,Muy bajo,Bajo,Bajo,Bajo
Villaverde y Pasaconsol (Cuenca),Muy bajo,Muy bajo,Muy bajo,Muy bajo,Muy bajo,Bajo,Bajo
Villaverde-Mogina (Burgos),Bajo,Bajo,Bajo,Bajo,Bajo,Bajo,Moderado
Villaveza de Valverde (Zamora),Muy bajo,Bajo,Bajo,Muy bajo,Bajo,Bajo,Bajo
Villaveza del Agua (Zamora),Muy bajo,Muy bajo,Muy bajo,Bajo,Bajo,Bajo,Bajo
Villavicencio de los Caballeros (Valladolid),Muy bajo,Bajo,Muy bajo,Bajo,Bajo,Bajo,Bajo
Villaviciosa (Asturias),Muy bajo,Bajo,Muy bajo,Muy bajo,Muy bajo,Bajo,Bajo
Villaviciosa de Córdoba (Córdoba),Muy bajo,Muy bajo,Muy bajo,Muy bajo,Bajo,Bajo,Bajo
Villaviciosa de Odón (Madrid),Muy bajo,Muy bajo,Muy bajo,Muy bajo,Muy bajo,Muy bajo,Muy bajo
Villavieja de Yeltes (Salamanca),Muy bajo,Muy bajo,Muy bajo,Muy bajo,Bajo,Bajo,Bajo
Villavieja del Lozoya (Madrid),Muy bajo,Muy bajo,Muy bajo,Muy bajo,Muy bajo,Bajo,Bajo
Villaviudas (Palencia),Bajo,Muy bajo,Bajo,Bajo,Bajo,Bajo,Moderado
Villayerno Morquillas (Burgos),Muy bajo,Bajo,Bajo,Muy bajo,Bajo,Bajo,Moderado
Villayón (Asturias),Muy bajo,Muy bajo,Muy bajo,Muy bajo,Muy bajo,Bajo,Moderado
Villazala (León),Muy bajo,Bajo,Muy bajo,Muy bajo,Muy bajo,Bajo,Bajo
Villazanzo de Valderaduey (León),Muy bajo,Muy bajo,Muy bajo,Muy bajo,Muy bajo,Bajo,Bajo
Villazopeque (Burgos),Bajo,Bajo,Bajo,Bajo,Bajo,Bajo,Moderado
Villegas (Burgos),Muy bajo,Bajo,Muy bajo,Muy bajo,Muy bajo,Bajo,Bajo
Villeguillo (Segovia),Muy bajo,Muy bajo,Muy bajo,Muy bajo,Muy bajo,Muy bajo,Bajo
Villel (Teruel),Muy bajo,Muy bajo,Muy bajo,Muy bajo,Muy bajo,Muy bajo,Muy bajo
Villel de Mesa (Guadalajara),Muy bajo,Muy bajo,Muy bajo,Muy bajo,Muy bajo,Muy bajo,Muy bajo
Villena (Alicante),Muy bajo,Muy bajo,Muy bajo,Muy bajo,Muy bajo,Muy bajo,Muy bajo
Villerías de Campos (Palencia),Muy bajo,Muy bajo,Bajo,Muy bajo,Muy bajo,Bajo,Bajo
Villodre (Palencia),Muy bajo,Bajo,Bajo,Muy bajo,Bajo,Bajo,Moderado
Villodrigo (Palencia),Bajo,Bajo,Bajo,Bajo,Bajo,Bajo,Moderado
Villoldo (Palencia),Muy bajo,Bajo,Bajo,Bajo,Bajo,Bajo,Moderado
Villores (Castellón),Muy bajo,Muy bajo,Muy bajo,Muy bajo,Muy bajo,Muy bajo,Muy bajo
Villoria (Salamanca),Muy bajo,Muy bajo,Muy bajo,Muy bajo,Muy bajo,Muy bajo,Bajo
Villoruebo (Burgos),Bajo,Bajo,Muy bajo,Muy bajo,Bajo,Bajo,Bajo
Villoruela (Salamanca),Muy bajo,Muy bajo,Muy bajo,Muy bajo,Muy bajo,Muy bajo,Bajo
Villoslada de Cameros (La Rioja),Bajo,Bajo,Muy bajo,Muy bajo,Muy bajo,Bajo,Bajo
Villota del Páramo (Palencia),Muy bajo,Muy bajo,Muy bajo,Muy bajo,Muy bajo,Bajo,Bajo
Villovieco (Palencia),Muy bajo,Bajo,Bajo,Muy bajo,Bajo,Bajo,Bajo
Villán de Tordesillas (Valladolid),Muy bajo,Muy bajo,Muy bajo,Muy bajo,Bajo,Bajo,Bajo
Villárdiga (Zamora),Muy bajo,Muy bajo,Muy bajo,Bajo,Bajo,Bajo,Bajo
Vilobí d'Onyar (Girona),Muy bajo,Muy bajo,Muy bajo,Muy bajo,Muy bajo,Muy bajo,Muy bajo
Vilobí del Penedès (Barcelona),Muy bajo,Muy bajo,Muy bajo,Muy bajo,Muy bajo,Muy bajo,Muy bajo
Vilopriu (Girona),Muy bajo,Muy bajo,Muy bajo,Muy bajo,Muy bajo,Muy bajo,Muy bajo
Viloria (Valladolid),Muy bajo,Muy bajo,Muy bajo,Muy bajo,Muy bajo,Muy bajo,Bajo
Viloria de Rioja (Burgos),Muy bajo,Bajo,Bajo,Muy bajo,Muy bajo,Bajo,Bajo
Vilvestre (Salamanca),Bajo,Muy bajo,Muy bajo,Bajo,Bajo,Bajo,Bajo
Vilviestre del Pinar (Burgos),Bajo,Bajo,Muy bajo,Muy bajo,Muy bajo,Bajo,Bajo
Vimbodí i Poblet (Tarragona),Muy bajo,Muy bajo,Muy bajo,Muy bajo,Muy bajo,Muy bajo,Muy bajo
Vimianzo (A Coruña),Bajo,Bajo,Muy bajo,Muy bajo,Bajo,Bajo,Bajo
Vinaceite (Teruel),Muy bajo,Muy bajo,Muy bajo,Muy bajo,Muy bajo,Muy bajo,Muy bajo
Vinaixa (Lleida),Muy bajo,Muy bajo,Muy bajo,Muy bajo,Muy bajo,Muy bajo,Muy bajo
Vinalesa (Valencia),Muy bajo,Muy bajo,Muy bajo,Muy bajo,Muy bajo,Muy bajo,Muy bajo
Vinaròs (Castellón),Muy bajo,Muy bajo,Muy bajo,Muy bajo,Muy bajo,Muy bajo,Muy bajo
Vindel (Cuenca),Muy bajo,Muy bajo,Muy bajo,Muy bajo,Muy bajo,Muy bajo,Bajo
Vinebre (Tarragona),Muy bajo,Muy bajo,Muy bajo,Muy bajo,Muy bajo,Muy bajo,Muy bajo
Viniegra de Abajo (La Rioja),Bajo,Moderado,Bajo,Muy bajo,Muy bajo,Bajo,Moderado
Viniegra de Arriba (La Rioja),Bajo,Bajo,Muy bajo,Muy bajo,Muy bajo,Bajo,Moderado
Vinuesa (Soria),Bajo,Bajo,Muy bajo,Muy bajo,Muy bajo,Bajo,Bajo
Vinyols i els Arcs (Tarragona),Muy bajo,Muy bajo,Muy bajo,Muy bajo,Muy bajo,Muy bajo,Muy bajo
Visiedo (Teruel),Muy bajo,Muy bajo,Muy bajo,Muy bajo,Muy bajo,Muy bajo,Bajo
Viso del Marqués (Ciudad Real),Muy bajo,Muy bajo,Muy bajo,Muy bajo,Bajo,Bajo,Bajo
Vistabella (Zaragoza),Muy bajo,Muy bajo,Muy bajo,Muy bajo,Muy bajo,Muy bajo,Muy bajo
Vistabella del Maestrat (Castellón),Muy bajo,Muy bajo,Muy bajo,Muy bajo,Muy bajo,Bajo,Bajo
Vita (Ávila),Muy bajo,Muy bajo,Muy bajo,Muy bajo,Muy bajo,Bajo,Bajo
Vitigudino (Salamanca),Bajo,Muy bajo,Muy bajo,Bajo,Bajo,Bajo,Bajo
Vitoria-Gasteiz (Álava),Muy bajo,Moderado,Muy bajo,Muy bajo,Muy bajo,Muy bajo,Bajo
Viveiro (Lugo),Muy bajo,Muy bajo,Muy bajo,Muy bajo,Muy bajo,Bajo,Bajo
Vivel del Río Martín (Teruel),Muy bajo,Muy bajo,Muy bajo,Muy bajo,Muy bajo,Muy bajo,Bajo
Viver (Castellón),Muy bajo,Muy bajo,Muy bajo,Muy bajo,Muy bajo,Muy bajo,Muy bajo
Viver i Serrateix (Barcelona),Muy bajo,Muy bajo,Muy bajo,Muy bajo,Muy bajo,Muy bajo,Bajo
Viveros (Albacete),Muy bajo,Bajo,Muy bajo,Muy bajo,Bajo,Bajo,Bajo
Vizcaínos (Burgos),Bajo,Bajo,Muy bajo,Bajo,Bajo,Bajo,Moderado
Vizmanos (Soria),Muy bajo,Bajo,Muy bajo,Muy bajo,Muy bajo,Bajo,Bajo
Viñas (Zamora),Muy bajo,Muy bajo,Muy bajo,Muy bajo,Bajo,Bajo,Bajo
Viñegra de Moraña (Ávila),Muy bajo,Muy bajo,Muy bajo,Muy bajo,Muy bajo,Muy bajo,Bajo
Viñuela (Málaga),Muy bajo,Muy bajo,Muy bajo,Muy bajo,Muy bajo,Muy bajo,Bajo
Viñuelas (Guadalajara),Muy bajo,Muy bajo,Muy bajo,Muy bajo,Muy bajo,Muy bajo,Muy bajo
Voto (Cantabria),Muy bajo,Muy bajo,Muy bajo,Muy bajo,Muy bajo,Bajo,Bajo
Vozmediano (Soria),Muy bajo,Muy bajo,Muy bajo,Muy bajo,Muy bajo,Muy bajo,Bajo
Válor (Granada),Muy bajo,Muy bajo,Muy bajo,Muy bajo,Muy bajo,Muy bajo,Muy bajo
Vélez de Benaudalla (Granada),Muy bajo,Muy bajo,Muy bajo,Muy bajo,Muy bajo,Muy bajo,Muy bajo
Vélez-Blanco (Almería),Muy bajo,Muy bajo,Muy bajo,Muy bajo,Muy bajo,Muy bajo,Muy bajo
Vélez-Málaga (Málaga),Muy bajo,Muy bajo,Muy bajo,Muy bajo,Muy bajo,Muy bajo,Muy bajo
Vélez-Rubio (Almería),Muy bajo,Muy bajo,Muy bajo,Muy bajo,Muy bajo,Muy bajo,Muy bajo
Vícar (Almería),Muy bajo,Muy bajo,Muy bajo,Muy bajo,Muy bajo,Muy bajo,Muy bajo
Víllora (Cuenca),Muy bajo,Muy bajo,Muy bajo,Muy bajo,Muy bajo,Muy bajo,Muy bajo
Víznar (Granada),Bajo,Muy bajo,Muy bajo,Muy bajo,Muy bajo,Muy bajo,Muy bajo
Wamba (Valladolid),Muy bajo,Muy bajo,Muy bajo,Muy bajo,Bajo,Bajo,Bajo
Xaló (Alicante),Muy bajo,Muy bajo,Muy bajo,Muy bajo,Muy bajo,Muy bajo,Muy bajo
Xeraco (Valencia),Muy bajo,Muy bajo,Muy bajo,Muy bajo,Muy bajo,Muy bajo,Muy bajo
Xeresa (Valencia),Muy bajo,Muy bajo,Muy bajo,Muy bajo,Muy bajo,Muy bajo,Muy bajo
Xermade (Lugo),Bajo,Muy bajo,Muy bajo,Muy bajo,Bajo,Bajo,Bajo
Xert (Castellón),Muy bajo,Muy bajo,Muy bajo,Muy bajo,Muy bajo,Muy bajo,Muy bajo
Xerta (Tarragona),Muy bajo,Muy bajo,Muy bajo,Muy bajo,Muy bajo,Muy bajo,Muy bajo
Xinzo de Limia (Ourense),Bajo,Muy bajo,Muy bajo,Muy bajo,Muy bajo,Bajo,Bajo
Xirivella (Valencia),Muy bajo,Muy bajo,Muy bajo,Muy bajo,Muy bajo,Muy bajo,Muy bajo
Xixona/Jijona (Alicante),Muy bajo,Bajo,Muy bajo,Muy bajo,Muy bajo,Muy bajo,Muy bajo
Xodos/Chodos (Castellón),Muy bajo,Muy bajo,Muy bajo,Muy bajo,Bajo,Bajo,Bajo
Xove (Lugo),Muy bajo,Muy bajo,Muy bajo,Muy bajo,Muy bajo,Bajo,Bajo
Xunqueira de Ambía (Ourense),Bajo,Muy bajo,Muy bajo,Muy bajo,Muy bajo,Bajo,Bajo
Xunqueira de Espadanedo (Ourense),Bajo,Muy bajo,Muy bajo,Muy bajo,Muy bajo,Bajo,Bajo
Xàbia/Jávea (Alicante),Muy bajo,Muy bajo,Muy bajo,Muy bajo,Muy bajo,Muy bajo,Muy bajo
Xàtiva (Valencia),Muy bajo,Muy bajo,Muy bajo,Muy bajo,Muy bajo,Muy bajo,Muy bajo
Yaiza (Las Palmas),Muy bajo,Muy bajo,Muy bajo,Muy bajo,Muy bajo,Muy bajo,Muy bajo
Yanguas (Soria),Bajo,Bajo,Muy bajo,Muy bajo,Muy bajo,Muy bajo,Bajo
Yanguas de Eresma (Segovia),Muy bajo,Muy bajo,Muy bajo,Muy bajo,Muy bajo,Bajo,Bajo
Yebes (Guadalajara),Muy bajo,Muy bajo,Muy bajo,Muy bajo,Muy bajo,Muy bajo,Muy bajo
Yebra (Guadalajara),Muy bajo,Muy bajo,Muy bajo,Muy bajo,Muy bajo,Muy bajo,Muy bajo
Yebra de Basa (Huesca),Muy bajo,Muy bajo,Muy bajo,Muy bajo,Muy bajo,Bajo,Moderado
Yecla (Murcia),Muy bajo,Muy bajo,Muy bajo,Muy bajo,Muy bajo,Muy bajo,Muy bajo
Yecla de Yeltes (Salamanca),Bajo,Muy bajo,Muy bajo,Bajo,Bajo,Bajo,Bajo
Yeles (Toledo),Muy bajo,Muy bajo,Muy bajo,Muy bajo,Muy bajo,Muy bajo,Muy bajo
Yelo (Soria),Muy bajo,Muy bajo,Muy bajo,Muy bajo,Muy bajo,Muy bajo,Bajo
Yepes (Toledo),Muy bajo,Muy bajo,Muy bajo,Muy bajo,Muy bajo,Muy bajo,Muy bajo
Yernes y Tameza (Asturias),Muy bajo,Muy bajo,Muy bajo,Muy bajo,Muy bajo,Bajo,Bajo
Yesa (Navarra),Muy bajo,Muy bajo,Muy bajo,Muy bajo,Muy bajo,Muy bajo,Bajo
Yeste (Albacete),Muy bajo,Muy bajo,Muy bajo,Muy bajo,Muy bajo,Muy bajo,Muy bajo
Yuncler (Toledo),Muy bajo,Muy bajo,Muy bajo,Muy bajo,Muy bajo,Muy bajo,Muy bajo
Yunclillos (Toledo),Muy bajo,Muy bajo,Muy bajo,Muy bajo,Muy bajo,Muy bajo,Muy bajo
Yuncos (Toledo),Muy bajo,Muy bajo,Muy bajo,Muy bajo,Muy bajo,Muy bajo,Muy bajo
Yunquera (Málaga),Muy bajo,Muy bajo,Muy bajo,Muy bajo,Muy bajo,Muy bajo,Muy bajo
Yunquera de Henares (Guadalajara),Muy bajo,Muy bajo,Muy bajo,Muy bajo,Muy bajo,Muy bajo,Muy bajo
Yátova (Valencia),Muy bajo,Muy bajo,Muy bajo,Muy bajo,Muy bajo,Muy bajo,Muy bajo
Yécora/Iekora (Álava),Muy bajo,Bajo,Muy bajo,Muy bajo,Muy bajo,Muy bajo,Bajo
Yélamos de Abajo (Guadalajara),Muy bajo,Muy bajo,Muy bajo,Muy bajo,Muy bajo,Muy bajo,Muy bajo
Yélamos de Arriba (Guadalajara),Muy bajo,Muy bajo,Muy bajo,Muy bajo,Muy bajo,Muy bajo,Muy bajo
Yémeda (Cuenca),Muy bajo,Muy bajo,Muy bajo,Muy bajo,Muy bajo,Muy bajo,Muy bajo
Yésero (Huesca),Bajo,Muy bajo,Muy bajo,Muy bajo,Muy bajo,Bajo,Moderado
Zabalza/Zabaltza (Navarra),Muy bajo,Moderado,Muy bajo,Muy bajo,Muy bajo,Bajo,Bajo
Zael (Burgos),Bajo,Bajo,Bajo,Bajo,Bajo,Bajo,Bajo
Zafarraya (Granada),Bajo,Muy bajo,Muy bajo,Muy bajo,Muy bajo,Muy bajo,Bajo
Zafra (Badajoz),Muy bajo,Muy bajo,Muy bajo,Muy bajo,Muy bajo,Muy bajo,Muy bajo
Zafra de Záncara (Cuenca),Muy bajo,Muy bajo,Muy bajo,Muy bajo,Muy bajo,Muy bajo,Muy bajo
Zafrilla (Cuenca),Muy bajo,Muy bajo,Muy bajo,Muy bajo,Muy bajo,Bajo,Bajo
Zagra (Granada),Muy bajo,Muy bajo,Muy bajo,Muy bajo,Muy bajo,Muy bajo,Muy bajo
Zahara (Cádiz),Moderado,Muy bajo,Muy bajo,Bajo,Bajo,Bajo,Bajo
Zahínos (Badajoz),Muy bajo,Muy bajo,Muy bajo,Muy bajo,Bajo,Muy bajo,Bajo
Zaidín (Huesca),Muy bajo,Muy bajo,Muy bajo,Muy bajo,Muy bajo,Muy bajo,Muy bajo
Zalamea de la Serena (Badajoz),Muy bajo,Muy bajo,Muy bajo,Muy bajo,Muy bajo,Muy bajo,Muy bajo
Zalamea la Real (Huelva),Bajo,Muy bajo,Muy bajo,Muy bajo,Bajo,Bajo,Bajo
Zaldibar (Vizcaya),Bajo,Moderado,Muy bajo,Muy bajo,Muy bajo,Muy bajo,Bajo
Zaldibia (Guipúzcoa),Moderado,Alto,Muy bajo,Muy bajo,Muy bajo,Bajo,Moderado
Zalduondo (Álava),Bajo,Moderado,Muy bajo,Muy bajo,Muy bajo,Muy bajo,Bajo
Zalla (Vizcaya),Muy bajo,Bajo,Muy bajo,Muy bajo,Muy bajo,Muy bajo,Bajo
Zamarra (Salamanca),Muy bajo,Muy bajo,Muy bajo,Muy bajo,Bajo,Bajo,Bajo
Zamayón (Salamanca),Muy bajo,Muy bajo,Muy bajo,Muy bajo,Bajo,Bajo,Bajo
Zambrana (Álava),Muy bajo,Bajo,Muy bajo,Muy bajo,Muy bajo,Bajo,Bajo
Zamora (Zamora),Muy bajo,Muy bajo,Muy bajo,Muy bajo,Muy bajo,Muy bajo,Muy bajo
Zamudio (Vizcaya),Muy bajo,Bajo,Muy bajo,Muy bajo,Muy bajo,Muy bajo,Bajo
Zaorejas (Guadalajara),Muy bajo,Muy bajo,Muy bajo,Muy bajo,Muy bajo,Bajo,Bajo
Zapardiel de la Cañada (Ávila),Muy bajo,Muy bajo,Muy bajo,Muy bajo,Bajo,Bajo,Bajo
Zapardiel de la Ribera (Ávila),Muy bajo,Muy bajo,Muy bajo,Muy bajo,Muy bajo,Bajo,Bajo
Zaragoza (Zaragoza),Muy bajo,Muy bajo,Muy bajo,Muy bajo,Bajo,Muy bajo,Muy bajo
Zarapicos (Salamanca),Muy bajo,Muy bajo,Muy bajo,Muy bajo,Muy bajo,Bajo,Bajo
Zaratamo (Vizcaya),Bajo,Moderado,Muy bajo,Muy bajo,Muy bajo,Muy bajo,Bajo
Zaratán (Valladolid),Muy bajo,Muy bajo,Muy bajo,Muy bajo,Bajo,Bajo,Bajo
Zarautz (Guipúzcoa),Bajo,Moderado,Muy bajo,Muy bajo,Muy bajo,Bajo,Bajo
Zarra (Valencia),Muy bajo,Muy bajo,Muy bajo,Muy bajo,Muy bajo,Muy bajo,Muy bajo
Zarratón (La Rioja),Muy bajo,Bajo,Muy bajo,Muy bajo,Muy bajo,Muy bajo,Bajo
Zarza de Granadilla (Cáceres),Muy bajo,Muy bajo,Muy bajo,Muy bajo,Muy bajo,Muy bajo,Bajo
Zarza de Montánchez (Cáceres),Muy bajo,Muy bajo,Muy bajo,Muy bajo,Muy bajo,Bajo,Muy bajo
Zarza de Tajo (Cuenca),Muy bajo,Muy bajo,Muy bajo,Muy bajo,Muy bajo,Muy bajo,Muy bajo
Zarza la Mayor (Cáceres),Muy bajo,Muy bajo,Muy bajo,Muy bajo,Bajo,Bajo,Bajo
Zarza-Capilla (Badajoz),Muy bajo,Muy bajo,Muy bajo,Muy bajo,Muy bajo,Muy bajo,Muy bajo
Zarzalejo (Madrid),Muy bajo,Muy bajo,Muy bajo,Muy bajo,Muy bajo,Bajo,Bajo
Zarzosa (La Rioja),Bajo,Bajo,Muy bajo,Muy bajo,Muy bajo,Muy bajo,Bajo
Zarzosa de Río Pisuerga (Burgos),Muy bajo,Bajo,Muy bajo,Muy bajo,Muy bajo,Bajo,Bajo
Zarzuela (Cuenca),Muy bajo,Muy bajo,Muy bajo,Muy bajo,Muy bajo,Muy bajo,Bajo
Zarzuela de Jadraque (Guadalajara),Muy bajo,Muy bajo,Muy bajo,Muy bajo,Muy bajo,Muy bajo,Bajo
Zarzuela del Monte (Segovia),Bajo,Muy bajo,Muy bajo,Muy bajo,Muy bajo,Bajo,Bajo
Zarzuela del Pinar (Segovia),Muy bajo,Muy bajo,Muy bajo,Muy bajo,Muy bajo,Muy bajo,Bajo
Zas (A Coruña),Bajo,Muy bajo,Muy bajo,Muy bajo,Muy bajo,Bajo,Bajo
Zazuar (Burgos),Muy bajo,Muy bajo,Muy bajo,Muy bajo,Muy bajo,Muy bajo,Bajo
Zeanuri (Vizcaya),Bajo,Moderado,Muy bajo,Muy bajo,Muy bajo,Muy bajo,Bajo
Zeberio (Vizcaya),Bajo,Moderado,Muy bajo,Muy bajo,Muy bajo,Muy bajo,Bajo
Zegama (Guipúzcoa),Bajo,Moderado,Muy bajo,Muy bajo,Muy bajo,Muy bajo,Bajo
Zerain (Guipúzcoa),Bajo,Moderado,Muy bajo,Muy bajo,Muy bajo,Muy bajo,Bajo
Zestoa (Guipúzcoa),Bajo,Moderado,Muy bajo,Muy bajo,Muy bajo,Bajo,Moderado
Zierbena (Vizcaya),Muy bajo,Muy bajo,Muy bajo,Muy bajo,Muy bajo,Muy bajo,Muy bajo
Zigoitia (Álava),Bajo,Moderado,Muy bajo,Muy bajo,Muy bajo,Muy bajo,Bajo
Ziordia (Navarra),Bajo,Moderado,Muy bajo,Muy bajo,Muy bajo,Muy bajo,Bajo
Ziortza-Bolibar (Vizcaya),Bajo,Moderado,Muy bajo,Muy bajo,Muy bajo,Muy bajo,Bajo
Zizur Mayor/Zizur Nagusia (Navarra),Muy bajo,Muy bajo,Muy bajo,Muy bajo,Muy bajo,Muy bajo,Muy bajo
Zizurkil (Guipúzcoa),Muy bajo,Moderado,Muy bajo,Muy bajo,Muy bajo,Bajo,Moderado
Zorita (Cáceres),Muy bajo,Muy bajo,Muy bajo,Muy bajo,Muy bajo,Bajo,Bajo
Zorita de la Frontera (Salamanca),Muy bajo,Muy bajo,Muy bajo,Muy bajo,Muy bajo,Muy bajo,Bajo
Zorita de los Canes (Guadalajara),Muy bajo,Muy bajo,Muy bajo,Muy bajo,Muy bajo,Muy bajo,Muy bajo
Zorita del Maestrazgo (Castellón),Muy bajo,Muy bajo,Muy bajo,Muy bajo,Muy bajo,Muy bajo,Muy bajo
Zorraquín (La Rioja),Muy bajo,Bajo,Bajo,Muy bajo,Muy bajo,Muy bajo,Bajo
Zotes del Páramo (León),Muy bajo,Bajo,Muy bajo,Muy bajo,Muy bajo,Muy bajo,Bajo
Zubieta (Navarra),Moderado,Moderado,Muy bajo,Muy bajo,Muy bajo,Bajo,Moderado
Zucaina (Castellón),Muy bajo,Muy bajo,Muy bajo,Muy bajo,Muy bajo,Muy bajo,Muy bajo
Zuera (Zaragoza),Muy bajo,Muy bajo,Muy bajo,Bajo,Bajo,Muy bajo,Bajo
Zufre (Huelva),Muy bajo,Muy bajo,Muy bajo,Muy bajo,Bajo,Bajo,Bajo
Zugarramurdi (Navarra),Bajo,Moderado,Muy bajo,Muy bajo,Muy bajo,Bajo,Moderado
Zuheros (Córdoba),Muy bajo,Muy bajo,Muy bajo,Muy bajo,Muy bajo,Muy bajo,Muy bajo
Zuia (Álava),Bajo,Moderado,Muy bajo,Muy bajo,Muy bajo,Muy bajo,Bajo
Zumaia (Guipúzcoa),Bajo,Moderado,Muy bajo,Muy bajo,Muy bajo,Bajo,Bajo
Zumarraga (Guipúzcoa),Bajo,Alto,Muy bajo,Muy bajo,Muy bajo,Muy bajo,Moderado
Zurgena (Almería),Muy bajo,Muy bajo,Muy bajo,Muy bajo,Muy bajo,Muy bajo,Muy bajo
Zuñeda (Burgos),Muy bajo,Bajo,Bajo,Muy bajo,Muy bajo,Bajo,Bajo
Zújar (Granada),Muy bajo,Muy bajo,Muy bajo,Muy bajo,Muy bajo,Muy bajo,Muy bajo
Zúñiga (Navarra),Bajo,Bajo,Muy bajo,Muy bajo,Muy bajo,Bajo,Bajo
el Brull (Barcelona),Muy bajo,Muy bajo,Muy bajo,Muy bajo,Muy bajo,Muy bajo,Bajo
el Camp de Mirra/Campo de Mirra (Alicante),Muy bajo,Muy bajo,Muy bajo,Muy bajo,Muy bajo,Muy bajo,Muy bajo
el Campello (Alicante),Muy bajo,Muy bajo,Muy bajo,Muy bajo,Muy bajo,Muy bajo,Muy bajo
el Castell de Guadalest (Alicante),Muy bajo,Muy bajo,Muy bajo,Muy bajo,Muy bajo,Muy bajo,Muy bajo
el Cogul (Lleida),Muy bajo,Muy bajo,Muy bajo,Muy bajo,Muy bajo,Muy bajo,Muy bajo
el Fondó de les Neus/Hondón de las Nieves (Alicante),Muy bajo,Muy bajo,Muy bajo,Muy bajo,Muy bajo,Muy bajo,Muy bajo
el Genovés (Valencia),Muy bajo,Muy bajo,Muy bajo,Muy bajo,Muy bajo,Muy bajo,Muy bajo
el Montmell (Tarragona),Muy bajo,Muy bajo,Muy bajo,Muy bajo,Muy bajo,Muy bajo,Muy bajo
el Palau d'Anglesola (Lleida),Muy bajo,Muy bajo,Muy bajo,Muy bajo,Muy bajo,Muy bajo,Muy bajo
el Palomar (Valencia),Muy bajo,Muy bajo,Muy bajo,Muy bajo,Muy bajo,Muy bajo,Muy bajo
el Pinós/Pinoso (Alicante),Muy bajo,Muy bajo,Muy bajo,Muy bajo,Muy bajo,Muy bajo,Muy bajo
el Poal (Lleida),Muy bajo,Muy bajo,Muy bajo,Muy bajo,Muy bajo,Muy bajo,Muy bajo
el Poble Nou de Benitatxell/Benitachell (Alicante),Muy bajo,Muy bajo,Muy bajo,Muy bajo,Muy bajo,Muy bajo,Muy bajo
el Pont de Bar (Lleida),Muy bajo,Muy bajo,Muy bajo,Muy bajo,Bajo,Bajo,Moderado
el Pont de Suert (Lleida),Muy bajo,Muy bajo,Muy bajo,Muy bajo,Muy bajo,Bajo,Bajo
el Puig de Santa Maria (Valencia),Muy bajo,Muy bajo,Muy bajo,Muy bajo,Muy bajo,Muy bajo,Muy bajo
el Real de Gandia (Valencia),Muy bajo,Muy bajo,Muy bajo,Muy bajo,Muy bajo,Muy bajo,Muy bajo
el Ràfol d'Almúnia (Alicante),Muy bajo,Muy bajo,Muy bajo,Muy bajo,Muy bajo,Muy bajo,Muy bajo
el Soleràs (Lleida),Muy bajo,Muy bajo,Muy bajo,Muy bajo,Muy bajo,Muy bajo,Muy bajo
el Verger (Alicante),Muy bajo,Muy bajo,Muy bajo,Muy bajo,Muy bajo,Muy bajo,Muy bajo
el Vilosell (Lleida),Muy bajo,Muy bajo,Muy bajo,Muy bajo,Muy bajo,Muy bajo,Muy bajo
els Alamús (Lleida),Muy bajo,Muy bajo,Muy bajo,Muy bajo,Muy bajo,Muy bajo,Muy bajo
els Omellons (Lleida),Muy bajo,Muy bajo,Muy bajo,Muy bajo,Muy bajo,Muy bajo,Muy bajo
els Omells de na Gaia (Lleida),Muy bajo,Muy bajo,Muy bajo,Muy bajo,Muy bajo,Muy bajo,Muy bajo
els Plans de Sió (Lleida),Muy bajo,Muy bajo,Muy bajo,Muy bajo,Muy bajo,Muy bajo,Muy bajo
els Poblets (Alicante),Muy bajo,Muy bajo,Muy bajo,Muy bajo,Muy bajo,Muy bajo,Muy bajo
els Torms (Lleida),Muy bajo,Muy bajo,Muy bajo,Muy bajo,Muy bajo,Muy bajo,Muy bajo
es Castell (Baleares),Muy bajo,Muy bajo,Muy bajo,Muy bajo,Muy bajo,Muy bajo,Muy bajo
l'Albagés (Lleida),Muy bajo,Muy bajo,Muy bajo,Muy bajo,Muy bajo,Muy bajo,Muy bajo
l'Albi (Lleida),Muy bajo,Muy bajo,Muy bajo,Muy bajo,Muy bajo,Muy bajo,Muy bajo
l'Alcora (Castellón),Muy bajo,Muy bajo,Muy bajo,Muy bajo,Muy bajo,Muy bajo,Muy bajo
l'Alcúdia (Valencia),Muy bajo,Muy bajo,Muy bajo,Muy bajo,Muy bajo,Muy bajo,Muy bajo
l'Alcúdia de Crespins (Valencia),Muy bajo,Muy bajo,Muy bajo,Muy bajo,Muy bajo,Muy bajo,Muy bajo
l'Alfàs del Pi (Alicante),Muy bajo,Muy bajo,Muy bajo,Muy bajo,Muy bajo,Muy bajo,Muy bajo
l'Alqueria d'Asnar (Alicante),Muy bajo,Muy bajo,Muy bajo,Muy bajo,Muy bajo,Muy bajo,Muy bajo
l'Alqueria de la Comtessa (Valencia),Muy bajo,Muy bajo,Muy bajo,Muy bajo,Muy bajo,Muy bajo,Muy bajo
l'Atzúbia (Alicante),Muy bajo,Muy bajo,Muy bajo,Muy bajo,Muy bajo,Muy bajo,Muy bajo
l'Eliana (Valencia),Muy bajo,Muy bajo,Muy bajo,Muy bajo,Muy bajo,Muy bajo,Muy bajo
l'Espluga Calba (Lleida),Muy bajo,Muy bajo,Muy bajo,Muy bajo,Muy bajo,Muy bajo,Muy bajo
l'Espunyola (Barcelona),Muy bajo,Muy bajo,Muy bajo,Muy bajo,Muy bajo,Muy bajo,Bajo
l'Olleria (Valencia),Muy bajo,Muy bajo,Muy bajo,Muy bajo,Muy bajo,Muy bajo,Muy bajo
l'Orxa/Lorcha (Alicante),Muy bajo,Muy bajo,Muy bajo,Muy bajo,Muy bajo,Muy bajo,Muy bajo
l'Énova (Valencia),Muy bajo,Muy bajo,Muy bajo,Muy bajo,Muy bajo,Muy bajo,Muy bajo
la Baronia de Rialb (Lleida),Muy bajo,Muy bajo,Muy bajo,Muy bajo,Muy bajo,Muy bajo,Bajo
la Coma i la Pedra (Lleida),Muy bajo,Muy bajo,Muy bajo,Muy bajo,Muy bajo,Bajo,Moderado
la Floresta (Lleida),Muy bajo,Muy bajo,Muy bajo,Muy bajo,Muy bajo,Muy bajo,Muy bajo
la Font d'en Carròs (Valencia),Muy bajo,Muy bajo,Muy bajo,Muy bajo,Muy bajo,Muy bajo,Muy bajo
la Font de la Figuera (Valencia),Muy bajo,Muy bajo,Muy bajo,Muy bajo,Muy bajo,Muy bajo,Muy bajo
la Fuliola (Lleida),Muy bajo,Muy bajo,Muy bajo,Muy bajo,Muy bajo,Muy bajo,Muy bajo
la Granadella (Lleida),Muy bajo,Muy bajo,Muy bajo,Muy bajo,Muy bajo,Muy bajo,Muy bajo
la Granja d'Escarp (Lleida),Muy bajo,Muy bajo,Muy bajo,Bajo,Bajo,Muy bajo,Muy bajo
la Granja de la Costera (Valencia),Muy bajo,Muy bajo,Muy bajo,Muy bajo,Muy bajo,Muy bajo,Muy bajo
la Guingueta d'Àneu (Lleida),Bajo,Muy bajo,Bajo,Muy bajo,Bajo,Moderado,Moderado
la Jana (Castellón),Muy bajo,Muy bajo,Muy bajo,Muy bajo,Muy bajo,Muy bajo,Muy bajo
la Llosa (Castellón),Muy bajo,Muy bajo,Muy bajo,Muy bajo,Muy bajo,Muy bajo,Muy bajo
la Llosa de Ranes (Valencia),Muy bajo,Muy bajo,Muy bajo,Muy bajo,Muy bajo,Muy bajo,Muy bajo
la Masó (Tarragona),Muy bajo,Muy bajo,Muy bajo,Muy bajo,Muy bajo,Muy bajo,Muy bajo
la Mata de Morella (Castellón),Muy bajo,Muy bajo,Muy bajo,Muy bajo,Muy bajo,Muy bajo,Muy bajo
la Molsosa (Lleida),Muy bajo,Muy bajo,Muy bajo,Muy bajo,Muy bajo,Muy bajo,Bajo
la Nucia (Alicante),Muy bajo,Muy bajo,Muy bajo,Muy bajo,Muy bajo,Muy bajo,Muy bajo
la Pobla Llarga (Valencia),Muy bajo,Muy bajo,Muy bajo,Muy bajo,Muy bajo,Muy bajo,Muy bajo
la Pobla Tornesa (Castellón),Muy bajo,Muy bajo,Muy bajo,Bajo,Muy bajo,Muy bajo,Muy bajo
la Pobla de Benifassà (Castellón),Muy bajo,Muy bajo,Muy bajo,Muy bajo,Muy bajo,Muy bajo,Muy bajo
la Pobla de Cérvoles (Lleida),Muy bajo,Muy bajo,Muy bajo,Muy bajo,Muy bajo,Muy bajo,Muy bajo
la Pobla de Farnals (Valencia),Muy bajo,Muy bajo,Muy bajo,Muy bajo,Muy bajo,Muy bajo,Muy bajo
la Pobla de Segur (Lleida),Muy bajo,Muy bajo,Muy bajo,Muy bajo,Muy bajo,Bajo,Bajo
la Pobla de Vallbona (Valencia),Muy bajo,Muy bajo,Muy bajo,Muy bajo,Muy bajo,Muy bajo,Muy bajo
la Pobla del Duc (Valencia),Muy bajo,Muy bajo,Muy bajo,Muy bajo,Muy bajo,Muy bajo,Muy bajo
la Portella (Lleida),Muy bajo,Muy bajo,Muy bajo,Muy bajo,Muy bajo,Muy bajo,Muy bajo
la Quar (Barcelona),Muy bajo,Muy bajo,Muy bajo,Muy bajo,Muy bajo,Muy bajo,Bajo
la Romana (Alicante),Muy bajo,Muy bajo,Muy bajo,Muy bajo,Muy bajo,Muy bajo,Muy bajo
la Salzadella (Castellón),Muy bajo,Muy bajo,Muy bajo,Muy bajo,Muy bajo,Muy bajo,Muy bajo
la Sentiu de Sió (Lleida),Muy bajo,Muy bajo,Muy bajo,Muy bajo,Muy bajo,Muy bajo,Muy bajo
la Serratella (Castellón),Muy bajo,Muy bajo,Muy bajo,Muy bajo,Muy bajo,Muy bajo,Muy bajo
la Seu d'Urgell (Lleida),Muy bajo,Muy bajo,Muy bajo,Muy bajo,Muy bajo,Bajo,Bajo
la Torre d'en Besora (Castellón),Muy bajo,Muy bajo,Muy bajo,Muy bajo,Muy bajo,Muy bajo,Muy bajo
la Torre d'en Doménec (Castellón),Muy bajo,Muy bajo,Muy bajo,Muy bajo,Muy bajo,Muy bajo,Muy bajo
la Torre de Cabdella (Lleida),Muy bajo,Muy bajo,Muy bajo,Muy bajo,Muy bajo,Bajo,Moderado
la Torre de les Maçanes/Torremanzanas (Alicante),Muy bajo,Muy bajo,Muy bajo,Muy bajo,Muy bajo,Muy bajo,Muy bajo
la Vall d'Alcalà (Alicante),Muy bajo,Muy bajo,Muy bajo,Muy bajo,Muy bajo,Muy bajo,Muy bajo
la Vall d'Ebo (Alicante),Muy bajo,Muy bajo,Muy bajo,Muy bajo,Muy bajo,Muy bajo,Muy bajo
la Vall d'Uixó (Castellón),Muy bajo,Muy bajo,Muy bajo,Muy bajo,Muy bajo,Muy bajo,Muy bajo
la Vall de Boí (Lleida),Muy bajo,Muy bajo,Muy bajo,Muy bajo,Muy bajo,Bajo,Moderado
la Vall de Gallinera (Alicante),Muy bajo,Muy bajo,Muy bajo,Muy bajo,Muy bajo,Muy bajo,Muy bajo
la Vall de Laguar (Alicante),Muy bajo,Muy bajo,Muy bajo,Muy bajo,Muy bajo,Muy bajo,Muy bajo
la Vansa i Fórnols (Lleida),Muy bajo,Muy bajo,Muy bajo,Muy bajo,Muy bajo,Bajo,Bajo
la Vila Joiosa/Villajoyosa (Alicante),Muy bajo,Muy bajo,Muy bajo,Muy bajo,Muy bajo,Muy bajo,Muy bajo
la Vilavella (Castellón),Muy bajo,Muy bajo,Muy bajo,Muy bajo,Bajo,Muy bajo,Muy bajo
les Alqueries/Alquerías del Niño Perdido (Castellón),Muy bajo,Muy bajo,Muy bajo,Muy bajo,Muy bajo,Muy bajo,Muy bajo
les Avellanes i Santa Linya (Lleida),Muy bajo,Muy bajo,Muy bajo,Muy bajo,Muy bajo,Muy bajo,Bajo
les Borges Blanques (Lleida),Muy bajo,Muy bajo,Muy bajo,Muy bajo,Muy bajo,Muy bajo,Muy bajo
les Coves de Vinromà (Castellón),Muy bajo,Muy bajo,Muy bajo,Muy bajo,Muy bajo,Muy bajo,Muy bajo
les Llosses (Girona),Muy bajo,Muy bajo,Muy bajo,Muy bajo,Muy bajo,Muy bajo,Bajo
les Oluges (Lleida),Muy bajo,Muy bajo,Muy bajo,Muy bajo,Muy bajo,Muy bajo,Muy bajo
les Useres/Useras (Castellón),Muy bajo,Muy bajo,Muy bajo,Muy bajo,Muy bajo,Muy bajo,Muy bajo
les Valls d'Aguilar (Lleida),Muy bajo,Muy bajo,Muy bajo,Muy bajo,Bajo,Bajo,Moderado
les Valls de Valira (Lleida),Muy bajo,Muy bajo,Muy bajo,Muy bajo,Bajo,Moderado,Moderado
ses Salines (Baleares),Moderado,Bajo,Moderado,Muy bajo,Muy bajo,Muy bajo,Bajo
Àger (Lleida),Muy bajo,Muy bajo,Muy bajo,Muy bajo,Muy bajo,Muy bajo,Bajo
Ábalos (La Rioja),Muy bajo,Bajo,Muy bajo,Muy bajo,Muy bajo,Muy bajo,Bajo
Ágreda (Soria),Muy bajo,Muy bajo,Muy bajo,Muy bajo,Muy bajo,Muy bajo,Bajo
Águilas (Murcia),Muy bajo,Muy bajo,Muy bajo,Muy bajo,Muy bajo,Muy bajo,Muy bajo
Álora (Málaga),Muy bajo,Muy bajo,Muy bajo,Muy bajo,Muy bajo,Muy bajo,Muy bajo
Árchez (Málaga),Muy bajo,Muy bajo,Muy bajo,Muy bajo,Muy bajo,Muy bajo,Bajo
Ávila (Ávila),Bajo,Muy bajo,Muy bajo,Bajo,Bajo,Bajo,Bajo
Écija (Sevilla),Muy bajo,Muy bajo,Muy bajo,Muy bajo,Muy bajo,Muy bajo,Muy bajo
Éjeme (Salamanca),Muy bajo,Muy bajo,Muy bajo,Muy bajo,Bajo,Bajo,Bajo
Épila (Zaragoza),Muy bajo,Muy bajo,Muy bajo,Muy bajo,Bajo,Muy bajo,Bajo
Íllar (Almería),Muy bajo,Muy bajo,Muy bajo,Muy bajo,Muy bajo,Muy bajo,Muy bajo
Íllora (Granada),Muy bajo,Muy bajo,Muy bajo,Muy bajo,Muy bajo,Muy bajo,Muy bajo
Íscar (Valladolid),Muy bajo,Muy bajo,Muy bajo,Muy bajo,Muy bajo,Muy bajo,Bajo
Ítrabo (Granada),Muy bajo,Muy bajo,Muy bajo,Muy bajo,Muy bajo,Muy bajo,Muy bajo
Òdena (Barcelona),Muy bajo,Muy bajo,Muy bajo,Muy bajo,Muy bajo,Muy bajo,Muy bajo
Òrrius (Barcelona),Muy bajo,Muy bajo,Muy bajo,Muy bajo,Muy bajo,Muy bajo,Muy bajo
Ólvega (Soria),Muy bajo,Muy bajo,Muy bajo,Muy bajo,Muy bajo,Bajo,Bajo
Órgiva (Granada),Muy bajo,Muy bajo,Muy bajo,Muy bajo,Muy bajo,Muy bajo,Muy bajo
Úbeda (Jaén),Muy bajo,Muy bajo,Muy bajo,Muy bajo,Muy bajo,Muy bajo,Muy bajo
Úrbel del Castillo (Burgos),Muy bajo,Bajo,Muy bajo,Muy bajo,Muy bajo,Bajo,Moderado
